error_model,error_rate_percent,metric_name,category,real_mean_relative_change,null_mean_relative_change,effect_difference,cohens_d,p_value_adjusted,is_significant
false_synapses,0.5%,density,primary_imposed,0.00499995112818455,0.0049999511282971,-1.1255059384485122e-13,-100.0,,False
false_synapses,0.5%,edge_count,secondary_emergent,0.0049999511282972425,0.0049999511282972,4.2500725161431774e-17,0.0,,False
false_synapses,0.5%,node_count,secondary_emergent,0.0,0.0,0.0,0.0,,False
false_synapses,0.5%,total_synapses,secondary_emergent,0.002507491229278185,0.00250749122927812,6.505213034913027e-17,9.358679141794015e-12,1.0,False
false_synapses,0.5%,weight_max,secondary_emergent,0.0,0.0,0.0,0.0,,False
false_synapses,0.5%,weight_mean,secondary_emergent,-0.002480059721615761,-0.00248005972161572,-4.0766001685454967e-17,-5.894095836899223e-12,1.0,False
false_synapses,0.5%,weight_median,secondary_emergent,0.0,0.0,0.0,0.0,,False
false_synapses,0.5%,weight_min,secondary_emergent,0.0,0.0,0.0,0.0,,False
false_synapses,0.5%,weight_std,secondary_emergent,-0.0022076430343333057,-0.00220764303433322,-8.586881206085195e-17,-4.8594158759720285e-11,1.0,False
false_synapses,0.5%,weight_variance,secondary_emergent,-0.00441041237840153,-0.00441041237840146,-6.938893903907228e-17,-1.9677439985878452e-11,1.0,False
false_synapses,0.5%,scc_count,secondary_emergent,-0.00021804306350504225,-0.00077756833176244,0.0005595252682573977,10.76764764829336,6.237286072700789e-07,True
false_synapses,0.5%,scc_max_size,secondary_emergent,2.1520031562712958e-05,9.342685455845194e-05,-7.190682299573898e-05,-10.932466622733758,7.18440499180733e-07,True
false_synapses,0.5%,wcc_count,secondary_emergent,0.0,0.0,0.0,0.0,,False
false_synapses,0.5%,wcc_max_size,secondary_emergent,0.0,0.0,0.0,0.0,,False
false_synapses,0.5%,in_degree_max,secondary_emergent,0.0,0.0,0.0,0.0,,False
false_synapses,0.5%,in_degree_mean,secondary_emergent,0.0049999511282971636,0.0049999511282971,6.331740687315346e-17,0.0,,False
false_synapses,0.5%,in_degree_median,secondary_emergent,0.0,0.0,0.0,0.0,,False
false_synapses,0.5%,in_degree_min,secondary_emergent,0.0,0.0,0.0,0.0,,False
false_synapses,0.5%,in_degree_std,secondary_emergent,0.0005873272381818536,0.00058732723818178,7.361732751176575e-17,1.6388584936293142e-11,1.0,False
false_synapses,0.5%,in_degree_variance,secondary_emergent,0.0011749994457907493,0.00117499944579074,9.324138683375338e-18,1.0372535873447519e-12,1.0,False
false_synapses,0.5%,out_degree_max,secondary_emergent,0.0,0.0,0.0,0.0,,False
false_synapses,0.5%,out_degree_mean,secondary_emergent,0.0049999511282971636,0.0049999511282971,6.331740687315346e-17,0.0,,False
false_synapses,0.5%,out_degree_median,secondary_emergent,0.0,0.0,0.0,0.0,,False
false_synapses,0.5%,out_degree_min,secondary_emergent,0.0,0.0,0.0,0.0,,False
false_synapses,0.5%,out_degree_std,secondary_emergent,0.001220511331766349,0.00122051133176638,-3.1008182133085427e-17,-2.7983333310224627e-12,1.0,False
false_synapses,0.5%,out_degree_variance,secondary_emergent,0.0024425124096737593,0.0024425124096737203,3.903127820947816e-17,1.7590465832171087e-12,1.0,False
false_synapses,0.5%,total_degree_max,secondary_emergent,0.0,0.0,0.0,0.0,,False
false_synapses,0.5%,total_degree_mean,primary_imposed,0.0049999511282971636,0.0049999511282971,6.331740687315346e-17,0.0,,False
false_synapses,0.5%,total_degree_median,secondary_emergent,0.0,0.0,0.0,0.0,,False
false_synapses,0.5%,total_degree_min,secondary_emergent,0.0,0.0,0.0,0.0,,False
false_synapses,0.5%,total_degree_std,secondary_emergent,0.00043599159812676285,0.00043599159812672,4.2825985813177425e-17,1.1746435915014452e-11,1.0,False
false_synapses,0.5%,total_degree_variance,secondary_emergent,0.0008721732955612009,0.0008721732955611799,2.1033522146218786e-17,2.8833111279144974e-12,1.0,False
false_synapses,0.5%,reciprocity,secondary_emergent,-0.0049558841331762285,-0.00434872264639106,-0.0006071614867851688,-6.851190512336049,0.000833096945187554,True
false_synapses,1.0%,density,primary_imposed,0.0099999022569966,0.0099999022565945,4.02100228114044e-13,100.0,,False
false_synapses,1.0%,edge_count,secondary_emergent,0.009999902256594485,0.0099999022565944,8.500145032286355e-17,0.0,,False
false_synapses,1.0%,node_count,secondary_emergent,0.0,0.0,0.0,0.0,,False
false_synapses,1.0%,total_synapses,secondary_emergent,0.00502459351065498,0.00502459351065494,3.9898639947466563e-17,3.3625744067995426e-12,1.0,False
false_synapses,1.0%,weight_max,secondary_emergent,0.0,0.0,0.0,0.0,,False
false_synapses,1.0%,weight_mean,secondary_emergent,-0.004926048740028059,-0.00492604874002802,-3.903127820947816e-17,-3.322369391288545e-12,1.0,False
false_synapses,1.0%,weight_median,secondary_emergent,0.0,0.0,0.0,0.0,,False
false_synapses,1.0%,weight_min,secondary_emergent,0.0,0.0,0.0,0.0,,False
false_synapses,1.0%,weight_std,secondary_emergent,-0.004401966649684066,-0.00440196664968408,1.3877787807814457e-17,5.4504284105601986e-12,1.0,False
false_synapses,1.0%,weight_variance,secondary_emergent,-0.008784555983796922,-0.00878455598379688,-4.163336342344337e-17,-8.211786813443742e-12,1.0,False
false_synapses,1.0%,scc_count,secondary_emergent,-0.0001853366039792859,-0.0008836003770028,0.0006982637730235141,8.999831933873622,2.3336940158496513e-06,True
false_synapses,1.0%,scc_max_size,secondary_emergent,1.5781356479322837e-05,0.00010616688018001022,-9.038552370068737e-05,-12.123686518577856,8.151759833059523e-07,True
false_synapses,1.0%,wcc_count,secondary_emergent,0.0,0.0,0.0,0.0,,False
false_synapses,1.0%,wcc_max_size,secondary_emergent,0.0,0.0,0.0,0.0,,False
false_synapses,1.0%,in_degree_max,secondary_emergent,0.0,0.0,0.0,0.0,,False
false_synapses,1.0%,in_degree_mean,secondary_emergent,0.009999902256594327,0.0099999022565944,-7.28583859910259e-17,0.0,,False
false_synapses,1.0%,in_degree_median,secondary_emergent,0.0,0.0,0.0,0.0,,False
false_synapses,1.0%,in_degree_min,secondary_emergent,0.0,0.0,0.0,0.0,,False
false_synapses,1.0%,in_degree_std,secondary_emergent,0.0012880965154308918,0.0012880965154308198,7.19910242530375e-17,6.1137573173578e-12,1.0,False
false_synapses,1.0%,in_degree_variance,secondary_emergent,0.0025778523344198077,0.00257785233441992,-1.1232334506949826e-16,-4.7632947682537786e-12,1.0,False
false_synapses,1.0%,out_degree_max,secondary_emergent,0.0,0.0,0.0,0.0,,False
false_synapses,1.0%,out_degree_mean,secondary_emergent,0.009999902256594327,0.0099999022565944,-7.28583859910259e-17,0.0,,False
false_synapses,1.0%,out_degree_median,secondary_emergent,0.0,0.0,0.0,0.0,,False
false_synapses,1.0%,out_degree_min,secondary_emergent,0.0,0.0,0.0,0.0,,False
false_synapses,1.0%,out_degree_std,secondary_emergent,0.0030595873977057536,0.00305958739770582,-6.635317295611287e-17,-4.532959086631737e-12,1.0,False
false_synapses,1.0%,out_degree_variance,secondary_emergent,0.0061285360418713766,0.00612853604187132,5.637851296924623e-17,1.919888180628055e-12,1.0,False
false_synapses,1.0%,total_degree_max,secondary_emergent,0.0,0.0,0.0,0.0,,False
false_synapses,1.0%,total_degree_mean,primary_imposed,0.009999902256594327,0.0099999022565944,-7.28583859910259e-17,0.0,,False
false_synapses,1.0%,total_degree_median,secondary_emergent,0.0,0.0,0.0,0.0,,False
false_synapses,1.0%,total_degree_min,secondary_emergent,0.0,0.0,0.0,0.0,,False
false_synapses,1.0%,total_degree_std,secondary_emergent,0.0011599790541913539,0.0011599790541912398,1.1405806854547507e-16,2.7259196505556896e-11,1.0,False
false_synapses,1.0%,total_degree_variance,secondary_emergent,0.00232130367379487,0.0023213036737948804,-1.0408340855860843e-17,-1.2423278843427698e-12,1.0,False
false_synapses,1.0%,reciprocity,secondary_emergent,-0.008095860017250428,0.0471641152360259,-0.055259975253276326,-58.50914119810615,3.335264210701369e-07,True
false_synapses,2.0%,density,primary_imposed,0.0200000551373847,0.0200000551373055,7.92005350191971e-14,100.0,,False
false_synapses,2.0%,edge_count,secondary_emergent,0.020000055137305676,0.0200000551373056,7.632783294297951e-17,0.0,,False
false_synapses,2.0%,node_count,secondary_emergent,0.0,0.0,0.0,0.0,,False
false_synapses,2.0%,total_synapses,secondary_emergent,0.010020600084546694,0.01002060008454664,5.377642775528102e-17,4.61336805188461e-12,1.0,False
false_synapses,2.0%,weight_max,secondary_emergent,0.0,0.0,0.0,0.0,,False
false_synapses,2.0%,weight_mean,secondary_emergent,-0.009783778934615513,-0.00978377893461546,-5.377642775528102e-17,-4.705635667303301e-12,1.0,False
false_synapses,2.0%,weight_median,secondary_emergent,0.0,0.0,0.0,0.0,,False
false_synapses,2.0%,weight_min,secondary_emergent,0.0,0.0,0.0,0.0,,False
false_synapses,2.0%,weight_std,secondary_emergent,-0.008741457329041354,-0.00874145732904132,-3.469446951953614e-17,-1.4643024499103787e-11,1.0,False
false_synapses,2.0%,weight_variance,secondary_emergent,-0.017406501577356313,-0.017406501577356282,-3.122502256758253e-17,-6.6474764995855945e-12,1.0,False
false_synapses,2.0%,scc_count,secondary_emergent,-0.0004905968928863451,-0.00095428840716302,0.00046369151427667486,6.294120994049774,0.00029943279895758095,True
false_synapses,2.0%,scc_max_size,secondary_emergent,5.3082744521358624e-05,0.00011466023059441101,-6.157748607305238e-05,-6.12490310237919,5.634713258263522e-05,True
false_synapses,2.0%,wcc_count,secondary_emergent,0.0,0.0,0.0,0.0,,False
false_synapses,2.0%,wcc_max_size,secondary_emergent,0.0,0.0,0.0,0.0,,False
false_synapses,2.0%,in_degree_max,secondary_emergent,0.0,0.0,0.0,0.0,,False
false_synapses,2.0%,in_degree_mean,secondary_emergent,0.02000005513730562,0.0200000551373056,2.0816681711721685e-17,0.0,,False
false_synapses,2.0%,in_degree_median,secondary_emergent,0.0,0.0,0.0,0.0,,False
false_synapses,2.0%,in_degree_min,secondary_emergent,0.0,0.0,0.0,0.0,,False
false_synapses,2.0%,in_degree_std,secondary_emergent,0.0029528498114368687,0.0029528498114368,6.852157730108388e-17,3.4680423588850486e-12,1.0,False
false_synapses,2.0%,in_degree_variance,secondary_emergent,0.005914419257185333,0.00591441925718542,-8.760353553682876e-17,-2.2103690646907316e-12,1.0,False
false_synapses,2.0%,out_degree_max,secondary_emergent,0.0,0.0,0.0,0.0,,False
false_synapses,2.0%,out_degree_mean,secondary_emergent,0.02000005513730562,0.0200000551373056,2.0816681711721685e-17,0.0,,False
false_synapses,2.0%,out_degree_median,secondary_emergent,0.0,0.0,0.0,0.0,,False
false_synapses,2.0%,out_degree_min,secondary_emergent,0.0,0.0,0.0,0.0,,False
false_synapses,2.0%,out_degree_std,secondary_emergent,0.005942211789958967,0.00594221178995906,-9.280770596475918e-17,-3.693176741550978e-12,1.0,False
false_synapses,2.0%,out_degree_variance,secondary_emergent,0.011919733966068718,0.011919733966068661,5.724587470723463e-17,1.132281218840731e-12,1.0,False
false_synapses,2.0%,total_degree_max,secondary_emergent,0.0,0.0,0.0,0.0,,False
false_synapses,2.0%,total_degree_mean,primary_imposed,0.02000005513730562,0.0200000551373056,2.0816681711721685e-17,0.0,,False
false_synapses,2.0%,total_degree_median,secondary_emergent,0.047619047619047616,0.0476190476190476,1.3877787807814457e-17,0.0,,False
false_synapses,2.0%,total_degree_min,secondary_emergent,0.0,0.0,0.0,0.0,,False
false_synapses,2.0%,total_degree_std,secondary_emergent,0.002979124853861375,0.0029791248538613797,-4.7704895589362195e-18,-5.229838104960535e-13,1.0,False
false_synapses,2.0%,total_degree_variance,secondary_emergent,0.005967124959181812,0.00596712495918178,3.209238430557093e-17,1.7538981317020166e-12,1.0,False
false_synapses,2.0%,reciprocity,secondary_emergent,-0.004053596513548087,0.4446064690486481,-0.4486600655621962,-76.76210043290342,1.2652002143647785e-07,True
false_synapses,5.0%,density,primary_imposed,0.05000001253113816,0.0500000125312058,-6.764033777528766e-14,-100.0,,False
false_synapses,5.0%,edge_count,secondary_emergent,0.050000012531205826,0.0500000125312058,2.7755575615628914e-17,0.0,,False
false_synapses,5.0%,node_count,secondary_emergent,0.0,0.0,0.0,0.0,,False
false_synapses,5.0%,total_synapses,secondary_emergent,0.02505812691292412,0.025058126912924084,3.8163916471489756e-17,2.70342082403298e-12,1.0,False
false_synapses,5.0%,weight_max,secondary_emergent,0.0,0.0,0.0,0.0,,False
false_synapses,5.0%,weight_mean,secondary_emergent,-0.023754176495822153,-0.0237541764958221,-5.204170427930421e-17,-3.870807135145003e-12,1.0,False
false_synapses,5.0%,weight_median,secondary_emergent,0.0,0.0,0.0,0.0,,False
false_synapses,5.0%,weight_min,secondary_emergent,0.0,0.0,0.0,0.0,,False
false_synapses,5.0%,weight_std,secondary_emergent,-0.021431110824866994,-0.02143111082486696,-3.469446951953614e-17,-1.1906531641852378e-11,1.0,False
false_synapses,5.0%,weight_variance,secondary_emergent,-0.04240292913175368,-0.04240292913175364,-4.163336342344337e-17,-7.300369864928054e-12,1.0,False
false_synapses,5.0%,scc_count,secondary_emergent,-0.0024529844644317253,-0.00121347785108382,-0.0012395066133479053,-6.0040900322200494,0.0005687459063830955,True
false_synapses,5.0%,scc_max_size,secondary_emergent,0.0003457551737742549,0.0001458025154472,0.0001999526583270549,5.9469567935005685,0.0008798591883990463,True
false_synapses,5.0%,wcc_count,secondary_emergent,0.0,0.0,0.0,0.0,,False
false_synapses,5.0%,wcc_max_size,secondary_emergent,0.0,0.0,0.0,0.0,,False
false_synapses,5.0%,in_degree_max,secondary_emergent,0.0,0.0,0.0,0.0,,False
false_synapses,5.0%,in_degree_mean,secondary_emergent,0.050000012531205854,0.0500000125312058,5.551115123125783e-17,0.0,,False
false_synapses,5.0%,in_degree_median,secondary_emergent,0.11111111111111112,0.11111111111111112,0.0,0.0,,False
false_synapses,5.0%,in_degree_min,secondary_emergent,0.0,0.0,0.0,0.0,,False
false_synapses,5.0%,in_degree_std,secondary_emergent,0.008527289115227767,0.0085272891152277,6.765421556309548e-17,2.04340021945862e-12,1.0,False
false_synapses,5.0%,in_degree_variance,secondary_emergent,0.01712729376705608,0.01712729376705608,0.0,0.0,1.0,False
false_synapses,5.0%,out_degree_max,secondary_emergent,0.0,0.0,0.0,0.0,,False
false_synapses,5.0%,out_degree_mean,secondary_emergent,0.050000012531205854,0.0500000125312058,5.551115123125783e-17,0.0,,False
false_synapses,5.0%,out_degree_median,secondary_emergent,0.09090909090909091,0.0909090909090909,1.3877787807814457e-17,0.0,,False
false_synapses,5.0%,out_degree_min,secondary_emergent,0.0,0.0,0.0,0.0,,False
false_synapses,5.0%,out_degree_std,secondary_emergent,0.014737214382444092,0.014737214382444162,-6.938893903907228e-17,-1.1678931930807693e-12,1.0,False
false_synapses,5.0%,out_degree_variance,secondary_emergent,0.029691617076639625,0.02969161707663958,4.5102810375396984e-17,3.740500764446394e-13,1.0,False
false_synapses,5.0%,total_degree_max,secondary_emergent,0.0,0.0,0.0,0.0,,False
false_synapses,5.0%,total_degree_mean,primary_imposed,0.050000012531205854,0.0500000125312058,5.551115123125783e-17,0.0,,False
false_synapses,5.0%,total_degree_median,secondary_emergent,0.047619047619047616,0.0476190476190476,1.3877787807814457e-17,0.0,,False
false_synapses,5.0%,total_degree_min,secondary_emergent,0.0,0.0,0.0,0.0,,False
false_synapses,5.0%,total_degree_std,secondary_emergent,0.009177395358827684,0.00917739535882762,6.418476861114186e-17,2.046105391493931e-12,1.0,False
false_synapses,5.0%,total_degree_variance,secondary_emergent,0.018439016090450937,0.01843901609045088,5.898059818321144e-17,9.315449215345188e-13,1.0,False
false_synapses,5.0%,reciprocity,secondary_emergent,0.009539007296620477,1.5724237266659304,-1.56288471936931,-480.4163082353074,1.594046374515598e-10,True
false_synapses,10.0%,density,primary_imposed,0.10000002506227648,0.10000002506241171,-1.3522516439934407e-13,-100.0,,False
false_synapses,10.0%,edge_count,secondary_emergent,0.10000002506241165,0.1000000250624116,5.551115123125783e-17,0.0,,False
false_synapses,10.0%,node_count,secondary_emergent,0.0,0.0,0.0,0.0,,False
false_synapses,10.0%,total_synapses,secondary_emergent,0.05008755651481176,0.05008755651481171,4.85722573273506e-17,2.2110123466219616e-12,1.0,False
false_synapses,10.0%,weight_max,secondary_emergent,0.0,0.0,0.0,0.0,,False
false_synapses,10.0%,weight_mean,secondary_emergent,-0.04537497037308522,-0.045374970373085174,-4.85722573273506e-17,-2.4321136367008853e-12,1.0,False
false_synapses,10.0%,weight_median,secondary_emergent,-0.25,-0.25,0.0,0.0,,False
false_synapses,10.0%,weight_min,secondary_emergent,0.0,0.0,0.0,0.0,,False
false_synapses,10.0%,weight_std,secondary_emergent,-0.041524130224369446,-0.041524130224369335,-1.1102230246251565e-16,-3.3360889458348756e-11,1.0,False
false_synapses,10.0%,weight_variance,secondary_emergent,-0.08132400704898832,-0.0813240070489883,-1.3877787807814457e-17,-2.175384649405851e-12,1.0,False
false_synapses,10.0%,scc_count,secondary_emergent,-0.00753338784409921,-0.0017318567389254802,-0.0058015311051737295,-25.302306586716494,1.5566514346856252e-06,True
false_synapses,10.0%,scc_max_size,secondary_emergent,0.0012539005057207418,0.0002080870851529,0.0010458134205678419,22.917554981945322,6.056043575661709e-06,True
false_synapses,10.0%,wcc_count,secondary_emergent,0.0,0.0,0.0,0.0,,False
false_synapses,10.0%,wcc_max_size,secondary_emergent,0.0,0.0,0.0,0.0,,False
false_synapses,10.0%,in_degree_max,secondary_emergent,0.0,0.0,0.0,0.0,,False
false_synapses,10.0%,in_degree_mean,secondary_emergent,0.10000002506241171,0.10000002506241171,0.0,0.0,,False
false_synapses,10.0%,in_degree_median,secondary_emergent,0.11111111111111112,0.11111111111111112,0.0,0.0,,False
false_synapses,10.0%,in_degree_min,secondary_emergent,0.0,0.0,0.0,0.0,,False
false_synapses,10.0%,in_degree_std,secondary_emergent,0.01990188499868489,0.01990188499868484,4.85722573273506e-17,9.058786712117907e-13,1.0,False
false_synapses,10.0%,in_degree_variance,secondary_emergent,0.040199857323863365,0.04019985732386352,-1.5265566588595902e-16,-1.3957452139730902e-12,1.0,False
false_synapses,10.0%,out_degree_max,secondary_emergent,0.0,0.0,0.0,0.0,,False
false_synapses,10.0%,out_degree_mean,secondary_emergent,0.10000002506241171,0.10000002506241171,0.0,0.0,,False
false_synapses,10.0%,out_degree_median,secondary_emergent,0.09090909090909091,0.0909090909090909,1.3877787807814457e-17,0.0,,False
false_synapses,10.0%,out_degree_min,secondary_emergent,0.0,0.0,0.0,0.0,,False
false_synapses,10.0%,out_degree_std,secondary_emergent,0.030128979222481013,0.030128979222481124,-1.1102230246251565e-16,-3.363386531508072e-12,1.0,False
false_synapses,10.0%,out_degree_variance,secondary_emergent,0.06116571470563077,0.06116571470563066,1.1102230246251565e-16,1.6325235492579542e-12,1.0,False
false_synapses,10.0%,total_degree_max,secondary_emergent,0.0,0.0,0.0,0.0,,False
false_synapses,10.0%,total_degree_mean,primary_imposed,0.10000002506241171,0.10000002506241171,0.0,0.0,,False
false_synapses,10.0%,total_degree_median,secondary_emergent,0.09523809523809523,0.0952380952380952,2.7755575615628914e-17,0.0,,False
false_synapses,10.0%,total_degree_min,secondary_emergent,0.0,0.0,0.0,0.0,,False
false_synapses,10.0%,total_degree_std,secondary_emergent,0.021194653865650163,0.02119465386565012,4.5102810375396984e-17,1.3267169122960914e-12,1.0,False
false_synapses,10.0%,total_degree_variance,secondary_emergent,0.042838522008357,0.04283852200835692,7.632783294297951e-17,1.0993007280677301e-12,1.0,False
false_synapses,10.0%,reciprocity,secondary_emergent,0.03142754496204907,3.23677785546811,-3.205350310506061,-401.0595462428334,3.0240032352344844e-10,True
false_synapses,15.0%,density,primary_imposed,0.15000003759404232,0.1500000375936175,4.2482684037281615e-13,100.0,,False
false_synapses,15.0%,edge_count,secondary_emergent,0.15000003759361752,0.1500000375936175,2.7755575615628914e-17,0.0,,False
false_synapses,15.0%,node_count,secondary_emergent,0.0,0.0,0.0,0.0,,False
false_synapses,15.0%,total_synapses,secondary_emergent,0.07516677340424908,0.07516677340424907,1.3877787807814457e-17,3.803981013680349e-13,1.0,False
false_synapses,15.0%,weight_max,secondary_emergent,0.0,0.0,0.0,0.0,,False
false_synapses,15.0%,weight_mean,secondary_emergent,-0.06507240151570566,-0.06507240151570559,-6.938893903907228e-17,-2.18728915437197e-12,1.0,False
false_synapses,15.0%,weight_median,secondary_emergent,-0.25,-0.25,0.0,0.0,,False
false_synapses,15.0%,weight_min,secondary_emergent,0.0,0.0,0.0,0.0,,False
false_synapses,15.0%,weight_std,secondary_emergent,-0.06042126658146183,-0.0604212665814618,-3.469446951953614e-17,-6.217414533982947e-12,1.0,False
false_synapses,15.0%,weight_variance,secondary_emergent,-0.11719180368270463,-0.11719180368270461,-1.3877787807814457e-17,-1.3234461316852414e-12,1.0,False
false_synapses,15.0%,scc_count,secondary_emergent,-0.013747615153992915,-0.0020735155513665797,-0.011674099602626335,-58.6226838612409,2.45588209760097e-11,True
false_synapses,15.0%,scc_max_size,secondary_emergent,0.0024331982353574116,0.0002491382788225,0.0021840599565349115,48.5378947512928,6.094228811131036e-08,True
false_synapses,15.0%,wcc_count,secondary_emergent,0.0,0.0,0.0,0.0,,False
false_synapses,15.0%,wcc_max_size,secondary_emergent,0.0,0.0,0.0,0.0,,False
false_synapses,15.0%,in_degree_max,secondary_emergent,0.0,0.0,0.0,0.0,,False
false_synapses,15.0%,in_degree_mean,secondary_emergent,0.15000003759361755,0.1500000375936174,1.3877787807814457e-16,0.0,,False
false_synapses,15.0%,in_degree_median,secondary_emergent,0.22222222222222224,0.22222222222222224,0.0,0.0,,False
false_synapses,15.0%,in_degree_min,secondary_emergent,0.0,0.0,0.0,0.0,,False
false_synapses,15.0%,in_degree_std,secondary_emergent,0.03635499741675386,0.0363549974167538,6.245004513516506e-17,5.8074479839906e-13,1.0,False
false_synapses,15.0%,in_degree_variance,secondary_emergent,0.07403168992159795,0.07403168992159803,-8.326672684688674e-17,-3.7358164057907133e-13,1.0,False
false_synapses,15.0%,out_degree_max,secondary_emergent,0.0,0.0,0.0,0.0,,False
false_synapses,15.0%,out_degree_mean,secondary_emergent,0.15000003759361755,0.1500000375936174,1.3877787807814457e-16,0.0,,False
false_synapses,15.0%,out_degree_median,secondary_emergent,0.09090909090909091,0.0909090909090909,1.3877787807814457e-17,0.0,,False
false_synapses,15.0%,out_degree_min,secondary_emergent,0.0,0.0,0.0,0.0,,False
false_synapses,15.0%,out_degree_std,secondary_emergent,0.05005900452803913,0.050059004528039186,-5.551115123125783e-17,-9.792069461893868e-13,1.0,False
false_synapses,15.0%,out_degree_variance,secondary_emergent,0.10262391556141333,0.1026239155614133,2.7755575615628914e-17,2.331362258457425e-13,1.0,False
false_synapses,15.0%,total_degree_max,secondary_emergent,0.0,0.0,0.0,0.0,,False
false_synapses,15.0%,total_degree_mean,primary_imposed,0.15000003759361755,0.1500000375936174,1.3877787807814457e-16,0.0,,False
false_synapses,15.0%,total_degree_median,secondary_emergent,0.14285714285714285,0.1428571428571428,5.551115123125783e-17,0.0,,False
false_synapses,15.0%,total_degree_min,secondary_emergent,0.0,0.0,0.0,0.0,,False
false_synapses,15.0%,total_degree_std,secondary_emergent,0.03800522112920189,0.038005221129201835,5.551115123125783e-17,7.835893596052382e-13,1.0,False
false_synapses,15.0%,total_degree_variance,secondary_emergent,0.07745484310637105,0.07745484310637105,0.0,0.0,1.0,False
false_synapses,15.0%,reciprocity,secondary_emergent,0.05135637714450357,4.732408441479,-4.681052064334497,-442.03155736521995,2.145475581226217e-10,True
false_synapses,20.0%,density,primary_imposed,0.20000005012518046,0.2000000501248232,3.5726976932437537e-13,100.0,,False
false_synapses,20.0%,edge_count,secondary_emergent,0.2000000501248233,0.2000000501248233,0.0,0.0,,False
false_synapses,20.0%,node_count,secondary_emergent,0.0,0.0,0.0,0.0,,False
false_synapses,20.0%,total_synapses,secondary_emergent,0.10024382525986561,0.10024382525986555,5.551115123125783e-17,8.396261115426944e-13,1.0,False
false_synapses,20.0%,weight_max,secondary_emergent,0.0,0.0,0.0,0.0,,False
false_synapses,20.0%,weight_mean,secondary_emergent,-0.08313018391505997,-0.08313018391505994,-2.7755575615628914e-17,-5.037756879691522e-13,1.0,False
false_synapses,20.0%,weight_median,secondary_emergent,-0.25,-0.25,0.0,0.0,,False
false_synapses,20.0%,weight_min,secondary_emergent,0.0,0.0,0.0,0.0,,False
false_synapses,20.0%,weight_std,secondary_emergent,-0.07822830885105565,-0.07822830885105561,-4.163336342344337e-17,-4.205743028373099e-12,1.0,False
false_synapses,20.0%,weight_variance,secondary_emergent,-0.15033694931802027,-0.15033694931802025,-2.7755575615628914e-17,-1.520885400059712e-12,1.0,False
false_synapses,20.0%,scc_count,secondary_emergent,-0.021738893431452713,-0.00237983034872758,-0.01935906308272513,-57.21136391426262,4.855436918288492e-10,True
false_synapses,20.0%,scc_max_size,secondary_emergent,0.0039582511387683365,0.00028594279728490007,0.0036723083414834366,70.79079612559076,2.65861433104413e-09,True
false_synapses,20.0%,wcc_count,secondary_emergent,0.0,0.0,0.0,0.0,,False
false_synapses,20.0%,wcc_max_size,secondary_emergent,0.0,0.0,0.0,0.0,,False
false_synapses,20.0%,in_degree_max,secondary_emergent,0.0,0.0,0.0,0.0,,False
false_synapses,20.0%,in_degree_mean,secondary_emergent,0.20000005012482322,0.2000000501248232,2.7755575615628914e-17,0.0,,False
false_synapses,20.0%,in_degree_median,secondary_emergent,0.22222222222222224,0.22222222222222224,0.0,0.0,,False
false_synapses,20.0%,in_degree_min,secondary_emergent,0.0,0.0,0.0,0.0,,False
false_synapses,20.0%,in_degree_std,secondary_emergent,0.05529451054253368,0.055294510542533634,4.85722573273506e-17,4.393939180876828e-13,1.0,False
false_synapses,20.0%,in_degree_variance,secondary_emergent,0.11364651375714438,0.11364651375714445,-6.938893903907228e-17,-2.974045254578296e-13,1.0,False
false_synapses,20.0%,out_degree_max,secondary_emergent,0.0,0.0,0.0,0.0,,False
false_synapses,20.0%,out_degree_mean,secondary_emergent,0.20000005012482322,0.2000000501248232,2.7755575615628914e-17,0.0,,False
false_synapses,20.0%,out_degree_median,secondary_emergent,0.09090909090909091,0.0909090909090909,1.3877787807814457e-17,0.0,,False
false_synapses,20.0%,out_degree_min,secondary_emergent,0.0,0.0,0.0,0.0,,False
false_synapses,20.0%,out_degree_std,secondary_emergent,0.07207683032676647,0.07207683032676657,-9.71445146547012e-17,-6.652733842710082e-13,1.0,False
false_synapses,20.0%,out_degree_variance,secondary_emergent,0.1493487471814139,0.14934874718141383,5.551115123125783e-17,1.772861699498627e-13,1.0,False
false_synapses,20.0%,total_degree_max,secondary_emergent,0.0,0.0,0.0,0.0,,False
false_synapses,20.0%,total_degree_mean,primary_imposed,0.20000005012482322,0.2000000501248232,2.7755575615628914e-17,0.0,,False
false_synapses,20.0%,total_degree_median,secondary_emergent,0.19047619047619047,0.1904761904761904,5.551115123125783e-17,0.0,,False
false_synapses,20.0%,total_degree_min,secondary_emergent,0.0,0.0,0.0,0.0,,False
false_synapses,20.0%,total_degree_std,secondary_emergent,0.05719738354918795,0.05719738354918792,2.7755575615628914e-17,3.183570942157072e-13,1.0,False
false_synapses,20.0%,total_degree_variance,secondary_emergent,0.11766631386405853,0.11766631386405853,0.0,0.0,1.0,False
false_synapses,20.0%,reciprocity,secondary_emergent,0.07085246390748512,6.077153592501958,-6.0063011285944725,-287.0034243373875,1.0182578226130288e-09,True
merge_errors,0.5%,density,primary_imposed,0.0014166987256032323,0.0015921207665641197,-0.0001754220409608874,-0.8331271960421658,,False
merge_errors,0.5%,edge_count,secondary_emergent,-0.002300478767250145,-0.00010325713608311447,-0.00219722163116703,-10.473857042366856,0.00015490724285932027,True
merge_errors,0.5%,node_count,secondary_emergent,-0.0018576790385563182,-0.0008466972488658001,-0.001010981789690518,-100.0,0.0,True
merge_errors,0.5%,total_synapses,secondary_emergent,-2.7890729809128074e-05,-3.0565183352469124e-07,-2.7585077975603382e-05,-2.512143334732389,0.028266458056485033,True
merge_errors,0.5%,weight_max,secondary_emergent,0.0,0.0,0.0,0.0,,False
merge_errors,0.5%,weight_mean,secondary_emergent,0.0022778970669969237,0.00010296287510421452,0.002174934191892709,10.48550633380784,0.00015414005470084502,True
merge_errors,0.5%,weight_median,secondary_emergent,0.0,0.0,0.0,0.0,,False
merge_errors,0.5%,weight_min,secondary_emergent,0.0,0.0,0.0,0.0,,False
merge_errors,0.5%,weight_std,secondary_emergent,0.003330420997305512,0.00010057125114551339,0.0032298497461599987,6.100614190241561,0.0012580923487515354,True
merge_errors,0.5%,weight_variance,secondary_emergent,0.006672381165593755,0.0002011536241415,0.006471227541452255,6.0918607379830965,0.001261299062720964,True
merge_errors,0.5%,scc_count,secondary_emergent,-0.00015263014445352955,0.0,-0.00015263014445352955,-3.037026409461186,0.015196455267569036,True
merge_errors,0.5%,scc_max_size,secondary_emergent,-0.002087443061583157,-0.0009484241296085002,-0.0011390189319746568,-142.02156268027954,1.4693523152718344e-08,True
merge_errors,0.5%,wcc_count,secondary_emergent,0.0,0.0,0.0,0.0,,False
merge_errors,0.5%,wcc_max_size,secondary_emergent,-0.0019096861359384743,-0.0008703672430143,-0.0010393188929241743,-100.0,0.0,True
merge_errors,0.5%,in_degree_max,secondary_emergent,-0.0039940514127894625,-0.00097726789887396,-0.0030167835139155025,-1.700263525853503,0.07947408496892669,False
merge_errors,0.5%,in_degree_mean,secondary_emergent,-0.000443623839401343,0.00074407011490188,-0.001187693954303223,-5.651119838430285,0.0015250785015971816,True
merge_errors,0.5%,in_degree_median,secondary_emergent,0.0,0.0,0.0,0.0,,False
merge_errors,0.5%,in_degree_min,secondary_emergent,0.0,0.0,0.0,0.0,,False
merge_errors,0.5%,in_degree_std,secondary_emergent,-0.0017244914254805413,0.00570843562667094,-0.007432927052151482,-2.879730115300402,0.01664479356622897,True
merge_errors,0.5%,in_degree_variance,secondary_emergent,-0.0034458175678791837,0.01145992556139428,-0.014905743129273463,-2.864783912569714,0.01693608379832699,True
merge_errors,0.5%,out_degree_max,secondary_emergent,-0.003847762442492681,-0.00100376411543282,-0.0028439983270598613,-1.625510908694805,0.0933357456261635,False
merge_errors,0.5%,out_degree_mean,secondary_emergent,-0.000443623839401343,0.00074407011490188,-0.001187693954303223,-5.651119838430285,0.0015250785015971816,True
merge_errors,0.5%,out_degree_median,secondary_emergent,0.0,0.0,0.0,0.0,,False
merge_errors,0.5%,out_degree_min,secondary_emergent,0.0,0.0,0.0,0.0,,False
merge_errors,0.5%,out_degree_std,secondary_emergent,-0.0011545354341165454,0.004552376344095,-0.005706911778211546,-4.239969136581658,0.0041541017020741465,True
merge_errors,0.5%,out_degree_variance,secondary_emergent,-0.0023076838010354975,0.00912832136098628,-0.011436005162021779,-4.224921211830366,0.004206549734849086,True
merge_errors,0.5%,total_degree_max,secondary_emergent,-0.003920328801770471,-0.0009906207187268998,-0.002929708083043571,-1.6703401153906123,0.08605441186038394,False
merge_errors,0.5%,total_degree_mean,primary_imposed,-0.0004436238394013711,0.00074407011490188,-0.001187693954303251,-5.651119838429297,,False
merge_errors,0.5%,total_degree_median,secondary_emergent,0.0,0.0,0.0,0.0,,False
merge_errors,0.5%,total_degree_min,secondary_emergent,0.0,0.0,0.0,0.0,,False
merge_errors,0.5%,total_degree_std,secondary_emergent,-0.0013832222533302733,0.00583930692672898,-0.007222529180059253,-3.240583332316075,0.011597910702807059,True
merge_errors,0.5%,total_degree_variance,secondary_emergent,-0.00276443543167092,0.011720563484194379,-0.0144849989158653,-3.2246255007513858,0.011787550187025736,True
merge_errors,0.5%,reciprocity,secondary_emergent,0.0011366019024014072,0.03767503361168556,-0.036538431709284155,-5.717230096107376,0.0015845240709474653,True
merge_errors,1.0%,density,primary_imposed,0.002958521612542521,0.0031969578277167,-0.0002384362151741791,-0.6702328875370887,,False
merge_errors,1.0%,edge_count,secondary_emergent,-0.00448035720954106,-0.00019779255290484,-0.00428256465663622,-12.12781694216412,9.923000028819847e-05,True
merge_errors,1.0%,node_count,secondary_emergent,-0.0037153580771126364,-0.0016933944977316003,-0.002021963579381036,-100.0,0.0,True
merge_errors,1.0%,total_synapses,secondary_emergent,-5.4091884205161327e-05,-5.09419722541152e-07,-5.3582464482620175e-05,-3.572991797592153,0.008759264848108256,True
merge_errors,1.0%,weight_max,secondary_emergent,0.0,0.0,0.0,0.0,,False
merge_errors,1.0%,weight_mean,secondary_emergent,0.0044463854093979285,0.00019732307196825997,0.004249062337429669,12.017247066207105,0.0001024679275071582,True
merge_errors,1.0%,weight_median,secondary_emergent,0.0,0.0,0.0,0.0,,False
merge_errors,1.0%,weight_min,secondary_emergent,0.0,0.0,0.0,0.0,,False
merge_errors,1.0%,weight_std,secondary_emergent,0.006916908034018338,0.0001871681207084,0.006729739913309938,11.465181582925414,0.0001256589925999608,True
merge_errors,1.0%,weight_variance,secondary_emergent,0.013882210025056801,0.00037437219075264007,0.01350783783430416,11.42697771326917,0.00012690061172868268,True
merge_errors,1.0%,scc_count,secondary_emergent,-0.0003488689016080676,-1.17813383600377e-05,-0.00033708756324802994,-5.021104894398395,0.001371777785893327,True
merge_errors,1.0%,scc_max_size,secondary_emergent,-0.004167712779312076,-0.0018954327008146002,-0.002272280078497476,-206.75258496413193,7.995271577017797e-10,True
merge_errors,1.0%,wcc_count,secondary_emergent,0.0,0.0,0.0,0.0,,False
merge_errors,1.0%,wcc_max_size,secondary_emergent,-0.0038193722718769486,-0.0017407344860286,-0.0020786377858483486,-100.0,0.0,True
merge_errors,1.0%,in_degree_max,secondary_emergent,-0.006670915657531336,-0.0020395156150413802,-0.004631400042489956,-2.4177490471727343,0.029028059109845187,True
merge_errors,1.0%,in_degree_mean,secondary_emergent,-0.0007678519774749449,0.0014981388849713202,-0.0022659908624462653,-6.393288125559489,0.0010346470731208712,True
merge_errors,1.0%,in_degree_median,secondary_emergent,0.0,0.0,0.0,0.0,,False
merge_errors,1.0%,in_degree_min,secondary_emergent,0.0,0.0,0.0,0.0,,False
merge_errors,1.0%,in_degree_std,secondary_emergent,-0.0033107319660533956,0.0102535491307175,-0.013564281096770896,-5.212641181722778,0.0015595972554613207,True
merge_errors,1.0%,in_degree_variance,secondary_emergent,-0.006610030624041284,0.02062259539511856,-0.027232626019159843,-5.171483619948074,0.0016203902599169965,True
merge_errors,1.0%,out_degree_max,secondary_emergent,-0.006817231283981598,-0.00196570472605598,-0.004851526557925617,-2.219105265489467,0.03139958178396567,True
merge_errors,1.0%,out_degree_mean,secondary_emergent,-0.0007678519774749449,0.0014981388849713202,-0.0022659908624462653,-6.393288125559489,0.0010346470731208712,True
merge_errors,1.0%,out_degree_median,secondary_emergent,0.0,0.0,0.0,0.0,,False
merge_errors,1.0%,out_degree_min,secondary_emergent,0.0,0.0,0.0,0.0,,False
merge_errors,1.0%,out_degree_std,secondary_emergent,-0.0022537168818500784,0.00837273753517806,-0.010626454417028138,-8.691680678982909,8.970056027047881e-05,True
merge_errors,1.0%,out_degree_variance,secondary_emergent,-0.00450208449955674,0.016817699383574757,-0.021319783883131497,-8.652349275076904,9.416481213081468e-05,True
merge_errors,1.0%,total_degree_max,secondary_emergent,-0.006744651701970704,-0.00200231847402248,-0.004742333227948224,-2.357831326780143,0.02990621340438204,True
merge_errors,1.0%,total_degree_mean,primary_imposed,-0.000767851977474973,0.0014981388849713202,-0.002265990862446293,-6.393288125560107,,False
merge_errors,1.0%,total_degree_median,secondary_emergent,0.0,0.0,0.0,0.0,,False
merge_errors,1.0%,total_degree_min,secondary_emergent,0.0,0.0,0.0,0.0,,False
merge_errors,1.0%,total_degree_std,secondary_emergent,-0.0027160338062981572,0.01055121562997548,-0.013267249436273637,-6.211323069346764,0.0007619814754426869,True
merge_errors,1.0%,total_degree_variance,secondary_emergent,-0.005424340952810767,0.0212207094343094,-0.026645050387120166,-6.165365419373555,0.0007947852414939657,True
merge_errors,1.0%,reciprocity,secondary_emergent,0.002071091098743602,0.0732075936279549,-0.07113650252921129,-11.35197955391178,0.00012102397951821255,True
merge_errors,2.0%,density,primary_imposed,0.00603113734394967,0.00642235348695354,-0.0003912161430038707,-0.7311654006742968,,False
merge_errors,2.0%,edge_count,secondary_emergent,-0.00886442463344343,-0.0003832042744444,-0.008481220358999031,-16.0886090085806,3.422050406238414e-05,True
merge_errors,2.0%,node_count,secondary_emergent,-0.007430716154225273,-0.0033867889954632005,-0.004043927158762072,-100.0,0.0,True
merge_errors,2.0%,total_synapses,secondary_emergent,-8.942863229209922e-05,-1.0612910886273998e-06,-8.836734120347182e-05,-6.665125824655037,0.0009177340750174501,True
merge_errors,2.0%,weight_max,secondary_emergent,0.0,0.0,0.0,0.0,,False
merge_errors,2.0%,weight_mean,secondary_emergent,0.00885393216409457,0.00038229165018545993,0.00847164051390911,15.757652000760467,3.708754023745247e-05,True
merge_errors,2.0%,weight_median,secondary_emergent,0.0,0.0,0.0,0.0,,False
merge_errors,2.0%,weight_min,secondary_emergent,0.0,0.0,0.0,0.0,,False
merge_errors,2.0%,weight_std,secondary_emergent,0.013298662149298743,0.00033466408956098003,0.012963998059737762,39.44081429603358,1.1627000003088304e-06,True
merge_errors,2.0%,weight_variance,secondary_emergent,0.026774350033322247,0.0006694417240457,0.026104908309276545,39.18755690437681,1.1933677468660727e-06,True
merge_errors,2.0%,scc_count,secondary_emergent,-0.0007522485690923958,-3.53440150800977e-05,-0.000716904554012298,-6.963385558686181,0.00019889402987917406,True
merge_errors,2.0%,scc_max_size,secondary_emergent,-0.008329686883540762,-0.0037894498432268996,-0.004540237040313862,-264.19407721953985,1.1628677608725769e-10,True
merge_errors,2.0%,wcc_count,secondary_emergent,0.0,0.0,0.0,0.0,,False
merge_errors,2.0%,wcc_max_size,secondary_emergent,-0.007638744543753897,-0.0034814689720573,-0.004157275571696597,-100.0,0.0,True
merge_errors,2.0%,in_degree_max,secondary_emergent,-0.011854684512428298,-0.0038665816868493205,-0.007988102825578977,-3.1420734711849327,0.00894541367930243,True
merge_errors,2.0%,in_degree_mean,secondary_emergent,-0.0014444417156081872,0.0030137917979145,-0.004458233513522687,-8.394452280336427,0.00038076058545118163,True
merge_errors,2.0%,in_degree_median,secondary_emergent,0.0,0.0,0.0,0.0,,False
merge_errors,2.0%,in_degree_min,secondary_emergent,0.0,0.0,0.0,0.0,,False
merge_errors,2.0%,in_degree_std,secondary_emergent,-0.0062979545770040736,0.019245870954428416,-0.02554382553143249,-7.386640110472577,0.00041570285911220455,True
merge_errors,2.0%,in_degree_variance,secondary_emergent,-0.012555462601649034,0.03888049679400814,-0.05143595939565717,-7.300075073561864,0.0004440264203055846,True
merge_errors,2.0%,out_degree_max,secondary_emergent,-0.012714345462149728,-0.0047260560434964,-0.007988289418653328,-4.101366891005986,0.0013544985379733312,True
merge_errors,2.0%,out_degree_mean,secondary_emergent,-0.0014444417156081872,0.0030137917979145,-0.004458233513522687,-8.394452280336427,0.00038076058545118163,True
merge_errors,2.0%,out_degree_median,secondary_emergent,0.0,0.0,0.0,0.0,,False
merge_errors,2.0%,out_degree_min,secondary_emergent,0.0,0.0,0.0,0.0,,False
merge_errors,2.0%,out_degree_std,secondary_emergent,-0.004347437992569126,0.01495745206637238,-0.019304890058941506,-9.019637854080301,7.523906224046673e-05,True
merge_errors,2.0%,out_degree_variance,secondary_emergent,-0.008675144977233524,0.03014512824965822,-0.038820273226891744,-8.950909944501841,8.184352718249623e-05,True
merge_errors,2.0%,total_degree_max,secondary_emergent,-0.012287912319527873,-0.00429971546000628,-0.007988196859521592,-3.645874412448647,0.004462633610273647,True
merge_errors,2.0%,total_degree_mean,primary_imposed,-0.001444441715608159,0.0030137917979145,-0.004458233513522659,-8.394452280336276,,False
merge_errors,2.0%,total_degree_median,secondary_emergent,0.0,0.0,0.0,0.0,,False
merge_errors,2.0%,total_degree_min,secondary_emergent,0.0,0.0,0.0,0.0,,False
merge_errors,2.0%,total_degree_std,secondary_emergent,-0.0051975954619640705,0.01927085942146164,-0.02446845488342571,-7.781021706844374,0.00030628749477897813,True
merge_errors,2.0%,total_degree_variance,secondary_emergent,-0.010367386757820571,0.03892811764141545,-0.049295504399236016,-7.695561646910459,0.0003279719197003162,True
merge_errors,2.0%,reciprocity,secondary_emergent,0.004292887755254324,0.14098924686512904,-0.1366963591098747,-12.94591626309018,7.934459708087277e-05,True
merge_errors,3.0%,density,primary_imposed,0.008697719564929115,0.009676573985198219,-0.0009788544202691037,-1.3031440405364327,,False
merge_errors,3.0%,edge_count,secondary_emergent,-0.013663074471201913,-0.00055608479014862,-0.013106989681053293,-17.844267952181138,2.4690077698243583e-05,True
merge_errors,3.0%,node_count,secondary_emergent,-0.011146074231337908,-0.0050801834931948,-0.006065890738143107,-100.0,0.0,True
merge_errors,3.0%,total_synapses,secondary_emergent,-0.00017442531299809044,-1.4773171953693407e-06,-0.0001729479958027211,-8.278176322781452,0.0004192487046878181,True
merge_errors,3.0%,weight_max,secondary_emergent,0.0,0.0,0.0,0.0,,False
merge_errors,3.0%,weight_mean,secondary_emergent,0.013676385065502936,0.00055491841593098,0.013121466649571955,17.58201044748681,2.5850670612421857e-05,True
merge_errors,3.0%,weight_median,secondary_emergent,0.0,0.0,0.0,0.0,,False
merge_errors,3.0%,weight_min,secondary_emergent,0.0,0.0,0.0,0.0,,False
merge_errors,3.0%,weight_std,secondary_emergent,0.0241906760912025,0.00047838930000497997,0.023712286791197523,16.57809530806512,3.330079533231016e-05,True
merge_errors,3.0%,weight_variance,secondary_emergent,0.048969812203807125,0.00095700963351202,0.0480128025702951,16.380638980460148,3.422050406238414e-05,True
merge_errors,3.0%,scc_count,secondary_emergent,-0.0011556282365767238,-3.53440150800977e-05,-0.0011202842214966262,-7.871284233779536,0.00023605164607496082,True
merge_errors,3.0%,scc_max_size,secondary_emergent,-0.012493095656540295,-0.0056862981024439,-0.006806797554096395,-288.88317124769316,2.683125955563605e-10,True
merge_errors,3.0%,wcc_count,secondary_emergent,0.0,0.0,0.0,0.0,,False
merge_errors,3.0%,wcc_max_size,secondary_emergent,-0.011458116815630847,-0.0052222034580859,-0.006235913357544947,-100.0,0.0,True
merge_errors,3.0%,in_degree_max,secondary_emergent,-0.019417888251540262,-0.0060760569364775195,-0.013341831315062742,-2.84194901004781,0.016309314249272556,True
merge_errors,3.0%,in_degree_mean,secondary_emergent,-0.002545371135486535,0.0045471993099206,-0.007092570445407134,-9.54857941001293,0.00024322141743458522,True
merge_errors,3.0%,in_degree_median,secondary_emergent,0.0,0.0,0.0,0.0,,False
merge_errors,3.0%,in_degree_min,secondary_emergent,0.0,0.0,0.0,0.0,,False
merge_errors,3.0%,in_degree_std,secondary_emergent,-0.009765086838641655,0.02658455702416388,-0.036349643862805536,-8.900757725733316,0.00022676904756422083,True
merge_errors,3.0%,in_degree_variance,secondary_emergent,-0.019433989245409688,0.053901710156508374,-0.07333569940191806,-8.742792244584162,0.00024622447469543256,True
merge_errors,3.0%,out_degree_max,secondary_emergent,-0.02028439983270598,-0.00723546633207856,-0.013048933500627418,-2.8529161282418873,0.013414935091462828,True
merge_errors,3.0%,out_degree_mean,secondary_emergent,-0.002545371135486535,0.0045471993099206,-0.007092570445407134,-9.54857941001293,0.00024322141743458522,True
merge_errors,3.0%,out_degree_median,secondary_emergent,0.0,0.0,0.0,0.0,,False
merge_errors,3.0%,out_degree_min,secondary_emergent,0.0,0.0,0.0,0.0,,False
merge_errors,3.0%,out_degree_std,secondary_emergent,-0.006894695223758967,0.02051556677604218,-0.02741026199980115,-11.471022633925733,2.4790305664063303e-05,True
merge_errors,3.0%,out_degree_variance,secondary_emergent,-0.013740806051088943,0.04146011016335028,-0.05520091621443922,-11.345906982048863,2.8159558350797075e-05,True
merge_errors,3.0%,total_degree_max,secondary_emergent,-0.019854568447676257,-0.0066603435556960204,-0.013194224891980237,-2.8884831077929807,0.015196455267569036,True
merge_errors,3.0%,total_degree_mean,primary_imposed,-0.0025453711354864786,0.0045471993099206,-0.007092570445407079,-9.54857941001306,,False
merge_errors,3.0%,total_degree_median,secondary_emergent,0.0,0.0,0.0,0.0,,False
merge_errors,3.0%,total_degree_min,secondary_emergent,0.0,0.0,0.0,0.0,,False
merge_errors,3.0%,total_degree_std,secondary_emergent,-0.008218448241736648,0.026389026338923344,-0.03460747458065999,-9.641193334070882,0.00014059332736539792,True
merge_errors,3.0%,total_degree_variance,secondary_emergent,-0.016368471773845938,0.05349416727703016,-0.0698626390508761,-9.48489227629646,0.00015499855389302272,True
merge_errors,3.0%,reciprocity,secondary_emergent,0.003844867712538915,0.20336411731848955,-0.19951924960595063,-15.836191868265619,3.823848806239382e-05,True
merge_errors,5.0%,density,primary_imposed,0.012659218556503945,0.016168540727388502,-0.003509322170884557,-3.9354068509895654,,False
merge_errors,5.0%,edge_count,secondary_emergent,-0.024615348371281588,-0.0009664065940207199,-0.023648941777260866,-27.53191798880519,4.897453701329441e-06,True
merge_errors,5.0%,node_count,secondary_emergent,-0.01857679038556318,-0.008466972488658,-0.010109817896905182,-100.0,0.0,True
merge_errors,5.0%,total_synapses,secondary_emergent,-0.0003310039550498225,-2.581059927541837e-06,-0.00032842289512228064,-14.381131813460245,5.5451993938304845e-05,True
merge_errors,5.0%,weight_max,secondary_emergent,0.001095290251916758,0.0,0.001095290251916758,0.632455532033676,0.5285027141634541,False
merge_errors,5.0%,weight_mean,secondary_emergent,0.02489846749594254,0.00096476183281092,0.023933705663131622,26.463271882568776,5.665400309397337e-06,True
merge_errors,5.0%,weight_median,secondary_emergent,0.0,0.0,0.0,0.0,,False
merge_errors,5.0%,weight_min,secondary_emergent,0.0,0.0,0.0,0.0,,False
merge_errors,5.0%,weight_std,secondary_emergent,0.05059919119500461,0.0008155833810678999,0.04978360781393671,32.34763278339293,2.8465541336774366e-06,True
merge_errors,5.0%,weight_variance,secondary_emergent,0.10376244569271813,0.00163183651036126,0.10213060918235686,31.554513733838586,3.0864924427036573e-06,True
merge_errors,5.0%,scc_count,secondary_emergent,-0.0018860724993186155,-0.00011781338360033541,-0.0017682591157182801,-7.929852383041445,0.0003358798425295304,True
merge_errors,5.0%,scc_max_size,secondary_emergent,-0.020831390552706143,-0.009470085712061201,-0.011361304840644942,-330.344898391659,2.8436584476950806e-10,True
merge_errors,5.0%,wcc_count,secondary_emergent,0.0,0.0,0.0,0.0,,False
merge_errors,5.0%,wcc_max_size,secondary_emergent,-0.019096861359384744,-0.0087036724301432,-0.010393188929241544,-100.0,0.0,True
merge_errors,5.0%,in_degree_max,secondary_emergent,-0.032249840662842574,-0.00973018908009344,-0.022519651582749135,-4.526237566796153,0.003092629326450844,True
merge_errors,5.0%,in_degree_mean,secondary_emergent,-0.006152858345474387,0.007564615284135261,-0.013717473629609647,-15.673640611758275,3.83638509214034e-05,True
merge_errors,5.0%,in_degree_median,secondary_emergent,0.0,0.0,0.0,0.0,,False
merge_errors,5.0%,in_degree_min,secondary_emergent,0.0,0.0,0.0,0.0,,False
merge_errors,5.0%,in_degree_std,secondary_emergent,-0.018173640215450343,0.04422087020473923,-0.06239451042018957,-16.624189954201263,2.107455038685239e-05,True
merge_errors,5.0%,in_degree_variance,secondary_emergent,-0.03601633356190216,0.09041909895117875,-0.12643543251308093,-16.15297001271736,2.4594996630962564e-05,True
merge_errors,5.0%,out_degree_max,secondary_emergent,-0.032956921790046,0.12438310330405689,-0.1573400250941029,-2.9430957635740103,0.016178767997989438,True
merge_errors,5.0%,out_degree_mean,secondary_emergent,-0.006152858345474387,0.007564615284135261,-0.013717473629609647,-15.673640611758275,3.83638509214034e-05,True
merge_errors,5.0%,out_degree_median,secondary_emergent,0.0,0.0,0.0,0.0,,False
merge_errors,5.0%,out_degree_min,secondary_emergent,0.0,0.0,0.0,0.0,,False
merge_errors,5.0%,out_degree_std,secondary_emergent,-0.012596237197820031,0.041517232646468,-0.054113469844288026,-10.655339373370298,0.00010831184257675857,True
merge_errors,5.0%,out_degree_variance,secondary_emergent,-0.025032433149165024,0.08479803620575929,-0.10983046935492431,-10.378342910915926,0.0001256589925999608,True
merge_errors,5.0%,total_degree_max,secondary_emergent,-0.03260617557171462,-0.01001159237011274,-0.022594583201601882,-4.492922851742196,0.003171432100895295,True
merge_errors,5.0%,total_degree_mean,primary_imposed,-0.006152858345474387,0.007564615284135261,-0.013717473629609647,-15.673640611758275,,False
merge_errors,5.0%,total_degree_median,secondary_emergent,0.0,0.0,0.0,0.0,,False
merge_errors,5.0%,total_degree_min,secondary_emergent,0.0,0.0,0.0,0.0,,False
merge_errors,5.0%,total_degree_std,secondary_emergent,-0.015165199018749626,0.047776095034356404,-0.06294129405310603,-13.55604541171598,4.58322571599685e-05,True
merge_errors,5.0%,total_degree_variance,secondary_emergent,-0.03009947320105454,0.09786829629911514,-0.1279677695001697,-13.140202800976772,5.481385330043486e-05,True
merge_errors,5.0%,reciprocity,secondary_emergent,0.002414654964246715,0.3503178049658576,-0.34790315000161093,-23.622009773371087,8.63494830706679e-06,True
merge_errors,7.5%,density,primary_imposed,0.016440917864390094,0.024518240301746003,-0.00807732243735591,-10.740221047535659,,False
merge_errors,7.5%,edge_count,secondary_emergent,-0.03942913841193031,-0.0013402876513236798,-0.038088850760606634,-53.58833572154427,4.446551559119947e-07,True
merge_errors,7.5%,node_count,secondary_emergent,-0.027871504214530336,-0.012700458732986999,-0.015171045481543338,-100.0,0.0,True
merge_errors,7.5%,total_synapses,secondary_emergent,-0.0004696934745116512,-3.1244409649190655e-06,-0.00046656903354673214,-21.729625672353365,1.2477405202812412e-05,True
merge_errors,7.5%,weight_max,secondary_emergent,0.0017524644030668126,0.0,0.0017524644030668126,0.9828721869343218,0.2874514055307439,False
merge_errors,7.5%,weight_mean,secondary_emergent,0.04055955140694225,0.0013389594328282,0.03922059197411405,50.668238936375715,5.466512500557415e-07,True
merge_errors,7.5%,weight_median,secondary_emergent,0.0,0.0,0.0,0.0,,False
merge_errors,7.5%,weight_min,secondary_emergent,0.0,0.0,0.0,0.0,,False
merge_errors,7.5%,weight_std,secondary_emergent,0.07973269959636045,0.0011274581637082802,0.07860524143265217,130.09231633538445,1.7900770184214693e-08,True
merge_errors,7.5%,weight_variance,secondary_emergent,0.16582328491654277,0.0022561892941352,0.16356709562240757,125.33226930210704,2.0715070034754625e-08,True
merge_errors,7.5%,scc_count,secondary_emergent,-0.0030853093485963476,-0.00018850141376054,-0.0028968079348358077,-12.266567536882949,2.3707563706355352e-05,True
merge_errors,7.5%,scc_max_size,secondary_emergent,-0.031218392453642267,-0.014203713009689459,-0.01701467944395281,-455.99178203410924,1.8441481135903582e-11,True
merge_errors,7.5%,wcc_count,secondary_emergent,0.0,0.0,0.0,0.0,,False
merge_errors,7.5%,wcc_max_size,secondary_emergent,-0.028651787570151736,-0.0130555086452149,-0.015596278924936837,-100.0,0.0,True
merge_errors,7.5%,in_degree_max,secondary_emergent,-0.05039303165498195,-0.014574038665816802,-0.035818992989165147,-4.359049226658019,0.003867635187980466,True
merge_errors,7.5%,in_degree_mean,secondary_emergent,-0.011888998468316278,0.011506306451925059,-0.023395304920241337,-31.99912120107597,2.8925258956678654e-06,True
merge_errors,7.5%,in_degree_median,secondary_emergent,0.0,0.0,0.0,0.0,,False
merge_errors,7.5%,in_degree_min,secondary_emergent,0.0,0.0,0.0,0.0,,False
merge_errors,7.5%,in_degree_std,secondary_emergent,-0.02985905566097769,0.05558502870070936,-0.08544408436168704,-38.41030846198555,3.1614696624646895e-07,True
merge_errors,7.5%,in_degree_variance,secondary_emergent,-0.05882599407545377,0.11426711628139578,-0.17309311035684954,-37.115988569358116,4.509968809259156e-07,True
merge_errors,7.5%,out_degree_max,secondary_emergent,-0.053032204098703475,0.07720618987871182,-0.1302383939774153,-2.1489089211943027,0.043748588511213125,True
merge_errors,7.5%,out_degree_mean,secondary_emergent,-0.011888998468316278,0.011506306451925059,-0.023395304920241337,-31.99912120107597,2.8925258956678654e-06,True
merge_errors,7.5%,out_degree_median,secondary_emergent,0.0,0.0,0.0,0.0,,False
merge_errors,7.5%,out_degree_min,secondary_emergent,0.0,0.0,0.0,0.0,,False
merge_errors,7.5%,out_degree_std,secondary_emergent,-0.019488361110090724,0.04834180690676368,-0.0678301680168544,-19.38246640864294,9.853789157228599e-06,True
merge_errors,7.5%,out_degree_variance,secondary_emergent,-0.038596194070373985,0.0990394072867014,-0.13763560135707537,-18.78815442346753,1.2132645183254399e-05,True
merge_errors,7.5%,total_degree_max,secondary_emergent,-0.051723047739487826,-0.01441669301296232,-0.037306354726525506,-4.584872987609137,0.0033736444295339838,True
merge_errors,7.5%,total_degree_mean,primary_imposed,-0.011888998468316248,0.011506306451925059,-0.023395304920241305,-31.999121201077145,,False
merge_errors,7.5%,total_degree_median,secondary_emergent,0.0,0.0,0.0,0.0,,False
merge_errors,7.5%,total_degree_min,secondary_emergent,0.0,0.0,0.0,0.0,,False
merge_errors,7.5%,total_degree_std,secondary_emergent,-0.024141170289654967,0.057795101568725915,-0.08193627185838089,-32.01479716551884,1.0196769261069986e-06,True
merge_errors,7.5%,total_degree_variance,secondary_emergent,-0.04769901393426793,0.11894042659211476,-0.1666394405263827,-30.856186167792085,1.3819168283078955e-06,True
merge_errors,7.5%,reciprocity,secondary_emergent,0.0017826204037992457,0.48420043772745525,-0.482417817323656,-52.48778562688506,4.884513293013957e-07,True
merge_errors,10.0%,density,primary_imposed,0.017839081269797535,0.03293901569319314,-0.015099934423395602,-19.116982547018605,,False
merge_errors,10.0%,edge_count,secondary_emergent,-0.056401253220833183,-0.0017483538381454,-0.05465289938268778,-74.62452400052717,1.2748149720504447e-07,True
merge_errors,10.0%,node_count,secondary_emergent,-0.037159899407311923,-0.016933944977316,-0.020225954429995925,-100.0,0.0,True
merge_errors,10.0%,total_synapses,secondary_emergent,-0.0006077122580054672,-4.567796845452329e-06,-0.0006031444611600149,-18.85058106714057,2.1163555662812784e-05,True
merge_errors,10.0%,weight_max,secondary_emergent,0.12157721796276014,0.0,0.12157721796276014,3.5825095952418615,0.008706595627970567,True
merge_errors,10.0%,weight_mean,secondary_emergent,0.05912948048853121,0.0017468435114660597,0.057382636977065145,69.54044327053847,1.6964082994100052e-07,True
merge_errors,10.0%,weight_median,secondary_emergent,0.0,0.0,0.0,0.0,,False
merge_errors,10.0%,weight_min,secondary_emergent,0.0,0.0,0.0,0.0,,False
merge_errors,10.0%,weight_std,secondary_emergent,0.12642970018308441,0.0014385650959851599,0.12499113508709926,33.99244345099564,2.4108493467989726e-06,True
merge_errors,10.0%,weight_variance,secondary_emergent,0.2688655014863853,0.00287920047470984,0.2659863010116755,32.11526836674011,2.9622819097920765e-06,True
merge_errors,10.0%,scc_count,secondary_emergent,-0.004273644044698828,-0.00018850141376054,-0.004085142630938288,-15.620206553650316,1.1000753133023768e-05,True
merge_errors,10.0%,scc_max_size,secondary_emergent,-0.04158387432301568,-0.018945833657732104,-0.022638040665283573,-538.7926301762598,1.6861215987967687e-11,True
merge_errors,10.0%,wcc_count,secondary_emergent,0.0,0.0,0.0,0.0,,False
merge_errors,10.0%,wcc_max_size,secondary_emergent,-0.038200218249844105,-0.0174073448602865,-0.020792873389557605,-100.0,0.0,True
merge_errors,10.0%,in_degree_max,secondary_emergent,-0.06896112173358827,-0.01852560016995958,-0.050435521563628696,-6.695297703184033,0.0006401921306565881,True
merge_errors,10.0%,in_degree_mean,secondary_emergent,-0.0199839555931219,0.015447172711929521,-0.03543112830505142,-46.58456679720599,7.088758150646491e-07,True
merge_errors,10.0%,in_degree_median,secondary_emergent,0.0,0.0,0.0,0.0,,False
merge_errors,10.0%,in_degree_min,secondary_emergent,0.0,0.0,0.0,0.0,,False
merge_errors,10.0%,in_degree_std,secondary_emergent,-0.04269535656141095,0.06662962870393213,-0.10932498526534308,-31.826457208936386,1.3005150630592618e-06,True
merge_errors,10.0%,in_degree_variance,secondary_emergent,-0.08356705542667323,0.13771687974639923,-0.22128393517307246,-30.391501078015317,1.8307877161006339e-06,True
merge_errors,10.0%,out_degree_max,secondary_emergent,-0.07227101631116688,0.03977415307402762,-0.11204516938519449,-1.9422862440490078,0.058168992026585924,False
merge_errors,10.0%,out_degree_mean,secondary_emergent,-0.0199839555931219,0.015447172711929521,-0.03543112830505142,-46.58456679720599,7.088758150646491e-07,True
merge_errors,10.0%,out_degree_median,secondary_emergent,0.0,0.0,0.0,0.0,,False
merge_errors,10.0%,out_degree_min,secondary_emergent,0.0,0.0,0.0,0.0,,False
merge_errors,10.0%,out_degree_std,secondary_emergent,-0.029207391527431993,0.06105914846049647,-0.09026653998792847,-19.09356887535527,1.301076865039701e-05,True
merge_errors,10.0%,out_degree_variance,secondary_emergent,-0.057560810829640194,0.12588137617782108,-0.1834421870074613,-18.33769021016746,1.6536349845648103e-05,True
merge_errors,10.0%,total_degree_max,secondary_emergent,-0.07062914954157447,-0.018568869216988044,-0.05206028032458643,-6.71273726784545,0.0007422478522691357,True
merge_errors,10.0%,total_degree_mean,primary_imposed,-0.0199839555931219,0.015447172711929521,-0.03543112830505142,-46.58456679720599,,False
merge_errors,10.0%,total_degree_median,secondary_emergent,0.0,-0.0476190476190476,0.0476190476190476,100.0,0.0,True
merge_errors,10.0%,total_degree_min,secondary_emergent,0.0,0.0,0.0,0.0,,False
merge_errors,10.0%,total_degree_std,secondary_emergent,-0.03544862171847124,0.0705267898844559,-0.10597541160292714,-24.123687058832484,5.093685161621079e-06,True
merge_errors,10.0%,total_degree_variance,secondary_emergent,-0.06963982558738441,0.146057672342573,-0.2156974979299574,-23.03146033837786,6.636264493199031e-06,True
merge_errors,10.0%,reciprocity,secondary_emergent,0.0028566155700840536,0.6288590956469018,-0.6260024800768177,-46.33308824252242,6.164619384452075e-07,True
merge_errors,15.0%,density,primary_imposed,0.021270133677370927,0.05018943809735386,-0.02891930441998293,-36.61892135279507,,False
merge_errors,15.0%,edge_count,secondary_emergent,-0.08940198328888514,-0.0024846874930294595,-0.08691729579585568,-123.4122298127141,2.1524486435806062e-08,True
merge_errors,15.0%,node_count,secondary_emergent,-0.055736689792875105,-0.025400917465974105,-0.030335772326901,-100.0,0.0,True
merge_errors,15.0%,total_synapses,secondary_emergent,-0.0008880204603337362,-5.280984457009942e-06,-0.0008827394758767263,-18.93020383524821,2.109893577519821e-05,True
merge_errors,15.0%,weight_max,secondary_emergent,0.27009857612267246,0.0,0.27009857612267246,259.93922366584144,1.5559604110568318e-09,True
merge_errors,15.0%,weight_mean,secondary_emergent,0.09720522527140374,0.0024855848908601798,0.09471964038054356,115.22250218412631,2.8321572574535933e-08,True
merge_errors,15.0%,weight_median,secondary_emergent,0.0,0.0,0.0,0.0,,False
merge_errors,15.0%,weight_min,secondary_emergent,0.0,0.0,0.0,0.0,,False
merge_errors,15.0%,weight_std,secondary_emergent,0.19793846187426042,0.00200969927052524,0.19592876260373518,45.66364278311784,8.191909490884699e-07,True
merge_errors,15.0%,weight_variance,secondary_emergent,0.4350860123840784,0.0040234395871805405,0.43106257279689786,41.84672430835293,1.1483336781342838e-06,True
merge_errors,15.0%,scc_count,secondary_emergent,-0.006770237121831562,-0.00027097078228082,-0.006499266339550743,-34.14503057028272,1.970127057462838e-07,True
merge_errors,15.0%,scc_max_size,secondary_emergent,-0.06233061941824182,-0.028420166045000583,-0.03391045337324124,-1123.0145754783211,2.7099434312884615e-13,True
merge_errors,15.0%,wcc_count,secondary_emergent,0.0,0.0,0.0,0.0,,False
merge_errors,15.0%,wcc_max_size,secondary_emergent,-0.05729707960922885,-0.0261110172904298,-0.03118606231879905,-100.0,0.0,True
merge_errors,15.0%,in_degree_max,secondary_emergent,-0.11077119184193754,-0.026131293817718244,-0.0846398980242193,-11.50609219694105,6.075181722014177e-05,True
merge_errors,15.0%,in_degree_mean,secondary_emergent,-0.03565244263130966,0.02351349430102146,-0.05916593693233112,-79.33374048779469,1.0661081055647788e-07,True
merge_errors,15.0%,in_degree_median,secondary_emergent,0.0,0.0,0.0,0.0,,False
merge_errors,15.0%,in_degree_min,secondary_emergent,0.0,0.0,0.0,0.0,,False
merge_errors,15.0%,in_degree_std,secondary_emergent,-0.06550810478779542,0.08018075851887713,-0.14568886330667255,-49.88627410995542,1.1755914245358196e-07,True
merge_errors,15.0%,in_degree_variance,secondary_emergent,-0.12672399183252642,0.16680321128725548,-0.29352720311978187,-46.89594983473491,2.233804553388594e-07,True
merge_errors,15.0%,out_degree_max,secondary_emergent,-0.1163948138854036,0.00857381848598914,-0.12496863237139273,-2.3733325532228444,0.030618741259098352,True
merge_errors,15.0%,out_degree_mean,secondary_emergent,-0.03565244263130966,0.02351349430102146,-0.05916593693233112,-79.33374048779469,1.0661081055647788e-07,True
merge_errors,15.0%,out_degree_median,secondary_emergent,0.0,0.0,0.0,0.0,,False
merge_errors,15.0%,out_degree_min,secondary_emergent,0.0,0.0,0.0,0.0,,False
merge_errors,15.0%,out_degree_std,secondary_emergent,-0.05342754021807269,0.08235110956412994,-0.13577864978220264,-33.99294709029354,4.0713874520528455e-09,True
merge_errors,15.0%,out_degree_variance,secondary_emergent,-0.10399375412076306,0.1715026274386457,-0.27549638155940875,-32.85447532999399,1.7105146359013975e-08,True
merge_errors,15.0%,total_degree_max,secondary_emergent,-0.11360522710506901,-0.025355674992096077,-0.08824955211297293,-11.01899338363348,0.00011904742395660839,True
merge_errors,15.0%,total_degree_mean,primary_imposed,-0.03565244263130963,0.02351349430102146,-0.05916593693233109,-79.3337404877919,,False
merge_errors,15.0%,total_degree_median,secondary_emergent,0.0,-0.0476190476190476,0.0476190476190476,100.0,0.0,True
merge_errors,15.0%,total_degree_min,secondary_emergent,0.0,0.0,0.0,0.0,,False
merge_errors,15.0%,total_degree_std,secondary_emergent,-0.0581357591441317,0.08772146353329943,-0.14585722267743112,-44.52015550609708,4.6648265238289774e-08,True
merge_errors,15.0%,total_degree_variance,secondary_emergent,-0.11288969530063668,0.1831530993810691,-0.2960427946817058,-42.12666572344254,1.2205163707889688e-07,True
merge_errors,15.0%,reciprocity,secondary_emergent,0.012244996131192948,0.8849559705224948,-0.8727109743913019,-100.53439641280882,3.370303979031194e-08,True
merge_errors,20.0%,density,primary_imposed,0.02488903839657508,0.06783416082380032,-0.042945122427225244,-34.75449477517788,,False
merge_errors,20.0%,edge_count,secondary_emergent,-0.12177760668504745,-0.00327179759395832,-0.11850580909108913,-111.90627326568918,3.176229209837921e-08,True
merge_errors,20.0%,node_count,secondary_emergent,-0.07431348017843828,-0.0338678899546321,-0.04044559022380618,-100.0,0.0,True
merge_errors,20.0%,total_synapses,secondary_emergent,-0.0011021635310326182,-6.7837726385063404e-06,-0.0010953797583941119,-29.14260159811339,4.1664681113453835e-06,True
merge_errors,20.0%,weight_max,secondary_emergent,1.1421686746987951,0.0,1.1421686746987951,26.140757497897063,6.2835120135186894e-06,True
merge_errors,20.0%,weight_mean,secondary_emergent,0.1374113943805589,0.0032757342961638,0.13413566008439512,97.76512455889453,5.2914201969860395e-08,True
merge_errors,20.0%,weight_median,secondary_emergent,0.0,0.0,0.0,0.0,,False
merge_errors,20.0%,weight_min,secondary_emergent,0.0,0.0,0.0,0.0,,False
merge_errors,20.0%,weight_std,secondary_emergent,0.26437494988759075,0.0026255620227181803,0.26174938786487256,68.78721864274443,1.915122996253646e-07,True
merge_errors,20.0%,weight_variance,secondary_emergent,0.5986671769332179,0.005258021913307339,0.5934091550199105,61.742939706947155,2.8541818736224525e-07,True
merge_errors,20.0%,scc_count,secondary_emergent,-0.009561188334696102,-0.00040056550424123993,-0.009160622830454863,-59.192150500363866,1.4409562298305845e-10,True
merge_errors,20.0%,scc_max_size,secondary_emergent,-0.08304006312542592,-0.0378888361986594,-0.04515122692676652,-2204.6584709769686,3.732066763758391e-19,True
merge_errors,20.0%,wcc_count,secondary_emergent,0.0,0.0,0.0,0.0,,False
merge_errors,20.0%,wcc_max_size,secondary_emergent,-0.0763939409686136,-0.0348146897205731,-0.0415792512480405,-100.0,0.0,True
merge_errors,20.0%,in_degree_max,secondary_emergent,-0.1476949224559167,-0.034714255364350924,-0.11298066709156578,-15.56062051972557,2.1163555662812784e-05,True
merge_errors,20.0%,in_degree_mean,secondary_emergent,-0.05127451409334392,0.03166864245846984,-0.08294315655181377,-72.50831284697489,1.5155052897313271e-07,True
merge_errors,20.0%,in_degree_median,secondary_emergent,0.0,-0.11111111111111112,0.11111111111111112,100.0,0.0,True
merge_errors,20.0%,in_degree_min,secondary_emergent,0.0,0.0,0.0,0.0,,False
merge_errors,20.0%,in_degree_std,secondary_emergent,-0.08624067967090066,0.09780463882597061,-0.18404531849687128,-48.96455849734994,3.802766887426301e-09,True
merge_errors,20.0%,in_degree_variance,secondary_emergent,-0.1650395478418912,0.20519327342750904,-0.37023282126940027,-46.217031377769445,2.1790378740316156e-08,True
merge_errors,20.0%,out_degree_max,secondary_emergent,-0.15725637808448348,1.3877787807814457e-17,-0.1572563780844835,-2.937886672060847,0.015117595581789123,True
merge_errors,20.0%,out_degree_mean,secondary_emergent,-0.05127451409334392,0.03166864245846984,-0.08294315655181377,-72.50831284697489,1.5155052897313271e-07,True
merge_errors,20.0%,out_degree_median,secondary_emergent,0.0,0.0,0.0,0.0,,False
merge_errors,20.0%,out_degree_min,secondary_emergent,0.0,0.0,0.0,0.0,,False
merge_errors,20.0%,out_degree_std,secondary_emergent,-0.07297023623835511,0.10390286844768444,-0.17687310468603956,-46.342019629958195,1.2743159541582829e-07,True
merge_errors,20.0%,out_degree_variance,secondary_emergent,-0.14061407889611438,0.21862311215440067,-0.35923719105051505,-43.01781441135798,2.9708514793852685e-07,True
merge_errors,20.0%,total_degree_max,secondary_emergent,-0.15251343661081254,-0.034039414058383344,-0.1184740225524292,-15.157194063995542,3.422050406238414e-05,True
merge_errors,20.0%,total_degree_mean,primary_imposed,-0.05127451409334395,0.03166864245846984,-0.0829431565518138,-72.50831284697377,,False
merge_errors,20.0%,total_degree_median,secondary_emergent,-0.047619047619047616,-0.0476190476190476,-1.3877787807814457e-17,0.0,,False
merge_errors,20.0%,total_degree_min,secondary_emergent,0.0,0.0,0.0,0.0,,False
merge_errors,20.0%,total_degree_std,secondary_emergent,-0.07763021226904998,0.1085018766394303,-0.18613208890848026,-53.65594291822021,1.1778048715031875e-08,True
merge_errors,20.0%,total_degree_variance,secondary_emergent,-0.14923128423081916,0.2287929743223837,-0.3780242585532029,-50.20988767805834,4.555023166569191e-08,True
merge_errors,20.0%,reciprocity,secondary_emergent,0.0274423082351401,1.1690260772278935,-1.1415837689927535,-98.76728207114151,4.275640405005074e-08,True
missed_synapses,0.5%,density,primary_imposed,-0.0006443044789905706,-0.0006432017331159001,-1.1027458746705162e-06,-0.1123414186484326,,False
missed_synapses,0.5%,edge_count,secondary_emergent,-0.000644304479229401,-0.00064320173311584,-1.1027461135610208e-06,-0.11234144266655838,1.0,False
missed_synapses,0.5%,node_count,secondary_emergent,0.0,0.0,0.0,0.0,,False
missed_synapses,0.5%,total_synapses,secondary_emergent,-0.005000379093176858,-0.0049996913765514,-6.877166254578432e-07,-0.15497355219485082,1.0,False
missed_synapses,0.5%,weight_max,secondary_emergent,-0.0013143483023001095,-0.0021905805038334803,0.0008762322015333707,0.8677218312745836,0.33336790971002767,False
missed_synapses,0.5%,weight_mean,secondary_emergent,-0.004358883008628458,-0.004359293515193779,4.1050656532110735e-07,0.07272030447017269,1.0,False
missed_synapses,0.5%,weight_median,secondary_emergent,0.0,0.0,0.0,0.0,,False
missed_synapses,0.5%,weight_min,secondary_emergent,0.0,0.0,0.0,0.0,,False
missed_synapses,0.5%,weight_std,secondary_emergent,-0.004268689708265096,-0.00439400849494204,0.0001253187866769442,3.636202172056408,0.0011004705795783054,True
missed_synapses,0.5%,weight_variance,secondary_emergent,-0.008519157006508954,-0.00876870847697694,0.0002495514704679864,3.636264449652521,0.0011004705795783054,True
missed_synapses,0.5%,scc_count,secondary_emergent,0.0,0.00031809613572098,-0.00031809613572098,-2.9285611805509384,0.016941215876572362,True
missed_synapses,0.5%,scc_max_size,secondary_emergent,0.0,-3.822007686482125e-05,3.822007686482125e-05,2.928561180551858,0.016941215876572362,True
missed_synapses,0.5%,wcc_count,secondary_emergent,0.0,0.00027887520334648,-0.00027887520334648,-2.0283702113482316,0.054090562575935634,False
missed_synapses,0.5%,wcc_max_size,secondary_emergent,0.0,-7.7943335195313e-06,7.7943335195313e-06,2.02837021134844,0.054090562575935634,False
missed_synapses,0.5%,in_degree_max,secondary_emergent,-0.0014021669853409816,-0.00055236881240702,-0.0008497981729339616,-1.6262312563635455,0.060300335309683296,False
missed_synapses,0.5%,in_degree_mean,secondary_emergent,-0.0006443044792294793,-0.0006432017331159,-1.1027461135793438e-06,-0.11234144266808191,1.0,False
missed_synapses,0.5%,in_degree_median,secondary_emergent,0.0,0.0,0.0,0.0,,False
missed_synapses,0.5%,in_degree_min,secondary_emergent,0.0,0.0,0.0,0.0,,False
missed_synapses,0.5%,in_degree_std,secondary_emergent,-0.000858580348120742,-0.00062502084556204,-0.00023355950255870206,-5.829363099758448,0.0013266272601637095,True
missed_synapses,0.5%,in_degree_variance,secondary_emergent,-0.0017164210040409925,-0.00124965100359288,-0.0004667700004481125,-5.83004860649361,0.0013266272601637095,True
missed_synapses,0.5%,out_degree_max,secondary_emergent,-0.0012547051442910915,-0.0010455876202424999,-0.00020911752404859161,-0.7559289460187542,0.38770988778817017,False
missed_synapses,0.5%,out_degree_mean,secondary_emergent,-0.0006443044792294793,-0.0006432017331159,-1.1027461135793438e-06,-0.11234144266808191,1.0,False
missed_synapses,0.5%,out_degree_median,secondary_emergent,0.0,0.0,0.0,0.0,,False
missed_synapses,0.5%,out_degree_min,secondary_emergent,0.0,0.0,0.0,0.0,,False
missed_synapses,0.5%,out_degree_std,secondary_emergent,-0.0008868790771931889,-0.0008686180658760801,-1.826101131710881e-05,-0.31084789021371423,0.852228063183602,False
missed_synapses,0.5%,out_degree_variance,secondary_emergent,-0.0017729683488920587,-0.0017364793636917598,-3.648898520029883e-05,-0.3108376702319525,0.852228063183602,False
missed_synapses,0.5%,total_degree_max,secondary_emergent,-0.001327853303825482,-0.0008009273896089801,-0.000526925914216502,-1.5393726795177916,0.07888122102762127,False
missed_synapses,0.5%,total_degree_mean,primary_imposed,-0.0006443044792294511,-0.0006432017331159,-1.1027461135511545e-06,-0.1123414426655301,,False
missed_synapses,0.5%,total_degree_median,secondary_emergent,0.0,0.0,0.0,0.0,,False
missed_synapses,0.5%,total_degree_min,secondary_emergent,0.0,0.0,0.0,0.0,,False
missed_synapses,0.5%,total_degree_std,secondary_emergent,-0.0008818215762810777,-0.0007402267328541999,-0.0001415948434268778,-3.56532508967793,0.0030347552229399452,True
missed_synapses,0.5%,total_degree_variance,secondary_emergent,-0.001762863476908293,-0.00147990507287648,-0.00028295840403181304,-3.5654570525458578,0.0030347552229399452,True
missed_synapses,0.5%,reciprocity,secondary_emergent,-0.00018210314370220901,-0.00101929641831166,0.000837193274609451,1.3360772922505486,0.15565409335063607,False
missed_synapses,1.0%,density,primary_imposed,-0.0012942229386496014,-0.0012912154492725598,-3.0074893770416777e-06,-0.176175557607097,,False
missed_synapses,1.0%,edge_count,secondary_emergent,-0.0012942229386730306,-0.0012912154492725,-3.007489400530701e-06,-0.17617555833073612,1.0,False
missed_synapses,1.0%,node_count,secondary_emergent,0.0,0.0,0.0,0.0,,False
missed_synapses,1.0%,total_synapses,secondary_emergent,-0.010001327038377219,-0.009999221436857341,-2.10560151987782e-06,-0.16009623660390107,1.0,False
missed_synapses,1.0%,weight_max,secondary_emergent,-0.0030668127053669223,-0.005257393209200399,0.002190580503833477,1.5339299776947088,0.06745386357977548,False
missed_synapses,1.0%,weight_mean,secondary_emergent,-0.008718387542409292,-0.008719264345558959,8.768031496669132e-07,0.08133083813435837,1.0,False
missed_synapses,1.0%,weight_median,secondary_emergent,0.0,0.0,0.0,0.0,,False
missed_synapses,1.0%,weight_min,secondary_emergent,0.0,0.0,0.0,0.0,,False
missed_synapses,1.0%,weight_std,secondary_emergent,-0.008538098059546747,-0.008788908873052,0.00025081081350525336,4.64817886509309,0.00022676904756422083,True
missed_synapses,1.0%,weight_variance,secondary_emergent,-0.01700329516371322,-0.01750057000532304,0.000497274841609819,4.648372063685507,0.00022676904756422083,True
missed_synapses,1.0%,scc_count,secondary_emergent,1.0902153175252113e-05,0.00065975494816206,-0.0006488527949868078,-4.428835118468592,0.0036940545385398945,True
missed_synapses,1.0%,scc_max_size,secondary_emergent,-1.4346687708475306e-06,-7.927127053443148e-05,7.783660176358395e-05,4.415654070387026,0.0036719346523381813,True
missed_synapses,1.0%,wcc_count,secondary_emergent,0.0,0.00046479200557748005,-0.00046479200557748005,-1.7888543819997549,0.0757045491435043,False
missed_synapses,1.0%,wcc_max_size,secondary_emergent,0.0,-1.29905558658855e-05,1.29905558658855e-05,1.7888543819998317,0.0757045491435043,False
missed_synapses,1.0%,in_degree_max,secondary_emergent,-0.0029742936052687486,-0.00089228808158058,-0.0020820055236881684,-2.42363489746462,0.014277242032547004,True
missed_synapses,1.0%,in_degree_mean,secondary_emergent,-0.001294222938673113,-0.00129121544927254,-3.007489400572985e-06,-0.17617555833336535,1.0,False
missed_synapses,1.0%,in_degree_median,secondary_emergent,0.0,0.0,0.0,0.0,,False
missed_synapses,1.0%,in_degree_min,secondary_emergent,0.0,0.0,0.0,0.0,,False
missed_synapses,1.0%,in_degree_std,secondary_emergent,-0.00175196612799466,-0.00123267933652306,-0.0005192867914715999,-9.262612828291475,3.404430235159289e-05,True
missed_synapses,1.0%,in_degree_variance,secondary_emergent,-0.003500858662927084,-0.0024638383536118,-0.001037020309315284,-9.264240945144063,3.404430235159289e-05,True
missed_synapses,1.0%,out_degree_max,secondary_emergent,-0.0028021748222501045,-0.0023002927645336202,-0.0005018820577164843,-0.606672166998732,0.5235814110863906,False
missed_synapses,1.0%,out_degree_mean,secondary_emergent,-0.001294222938673113,-0.00129121544927254,-3.007489400572985e-06,-0.17617555833336535,1.0,False
missed_synapses,1.0%,out_degree_median,secondary_emergent,0.0,0.0,0.0,0.0,,False
missed_synapses,1.0%,out_degree_min,secondary_emergent,0.0,0.0,0.0,0.0,,False
missed_synapses,1.0%,out_degree_std,secondary_emergent,-0.0017817435264113584,-0.0017353686030549798,-4.637492335637862e-05,-0.6113825486303535,0.5163613338627426,False
missed_synapses,1.0%,out_degree_variance,secondary_emergent,-0.0035603079135294877,-0.0034677210254462605,-9.258688808322715e-05,-0.6113740588895198,0.5163613338627426,False
missed_synapses,1.0%,total_degree_max,secondary_emergent,-0.0028875540099062074,-0.0016018547792179803,-0.0012856992306882272,-2.5438758514963955,0.00730200868436378,True
missed_synapses,1.0%,total_degree_mean,primary_imposed,-0.0012942229386730284,-0.00129121544927254,-3.007489400488417e-06,-0.17617555832809403,,False
missed_synapses,1.0%,total_degree_median,secondary_emergent,0.0,0.0,0.0,0.0,,False
missed_synapses,1.0%,total_degree_min,secondary_emergent,0.0,0.0,0.0,0.0,,False
missed_synapses,1.0%,total_degree_std,secondary_emergent,-0.0017980532720473993,-0.00147647652761708,-0.0003215767444303193,-6.4013846596032105,2.775138756139631e-05,True
missed_synapses,1.0%,total_degree_variance,secondary_emergent,-0.0035928719332837195,-0.00295077064977102,-0.0006421012835126994,-6.401114857398281,2.775138756139631e-05,True
missed_synapses,1.0%,reciprocity,secondary_emergent,-0.0003341026721283808,-0.00211074360414902,0.001776640932020639,1.817399603007993,0.07124369644997824,False
missed_synapses,2.0%,density,primary_imposed,-0.0026026813269931135,-0.00259847084201432,-4.210484978793387e-06,-0.30909833549293514,,False
missed_synapses,2.0%,edge_count,secondary_emergent,-0.002602681327174997,-0.00259847084201426,-4.210485160737257e-06,-0.3090983490418114,0.852228063183602,False
missed_synapses,2.0%,node_count,secondary_emergent,0.0,0.0,0.0,0.0,,False
missed_synapses,2.0%,total_synapses,secondary_emergent,-0.020009089745915875,-0.0200098963271432,8.065812273257145e-07,0.05657053581654241,1.0,False
missed_synapses,2.0%,weight_max,secondary_emergent,-0.006790799561883899,-0.01139101861993424,0.0046002190580503415,2.244994432064338,0.01454441027218437,True
missed_synapses,2.0%,weight_mean,secondary_emergent,-0.017451829896317106,-0.01745678637122668,4.956474909573877e-06,0.3550895440115468,0.8066655277716045,False
missed_synapses,2.0%,weight_median,secondary_emergent,0.0,0.0,0.0,0.0,,False
missed_synapses,2.0%,weight_min,secondary_emergent,0.0,0.0,0.0,0.0,,False
missed_synapses,2.0%,weight_std,secondary_emergent,-0.017053869915918667,-0.01756567597885524,0.0005118060629365727,6.489058288310907,2.035193763913244e-05,True
missed_synapses,2.0%,weight_variance,secondary_emergent,-0.03381690052888549,-0.034822793855650194,0.0010058933267647063,6.489162558088087,2.035193763913244e-05,True
missed_synapses,2.0%,scc_count,secondary_emergent,1.0902153175252113e-05,0.00131950989632418,-0.0013086077431489279,-11.127465647005469,0.0001080055963385611,True
missed_synapses,2.0%,scc_max_size,secondary_emergent,-1.4346687708475306e-06,-0.0001585425410688,0.00015710787229795246,11.094880753621267,0.00010316857946439198,True
missed_synapses,2.0%,wcc_count,secondary_emergent,0.0,0.00116198001394372,-0.00116198001394372,-4.472135954999464,0.003911340938733561,True
missed_synapses,2.0%,wcc_max_size,secondary_emergent,0.0,-3.247638966471375e-05,3.247638966471375e-05,4.472135954999579,0.003911340938733561,True
missed_synapses,2.0%,in_degree_max,secondary_emergent,-0.005906097301890801,-0.00144465689398762,-0.004461440407903181,-4.534251929419106,0.000748501426074874,True
missed_synapses,2.0%,in_degree_mean,secondary_emergent,-0.002602681327175,-0.00259847084201432,-4.210485160680011e-06,-0.3090983490374695,0.852228063183602,False
missed_synapses,2.0%,in_degree_median,secondary_emergent,0.0,0.0,0.0,0.0,,False
missed_synapses,2.0%,in_degree_min,secondary_emergent,0.0,0.0,0.0,0.0,,False
missed_synapses,2.0%,in_degree_std,secondary_emergent,-0.0035046249974397398,-0.00244203922055036,-0.0010625857768893797,-15.638977096501721,2.173426157867198e-07,True
missed_synapses,2.0%,in_degree_variance,secondary_emergent,-0.006996962469521822,-0.0048781126281572,-0.002118849841364622,-15.642434081930743,2.1682419333613896e-07,True
missed_synapses,2.0%,out_degree_max,secondary_emergent,-0.005102467586783772,-0.0046842325386867,-0.00041823504809707177,-0.37430612980438555,0.7825769193011747,False
missed_synapses,2.0%,out_degree_mean,secondary_emergent,-0.002602681327175,-0.00259847084201432,-4.210485160680011e-06,-0.3090983490374695,0.852228063183602,False
missed_synapses,2.0%,out_degree_median,secondary_emergent,0.0,0.0,0.0,0.0,,False
missed_synapses,2.0%,out_degree_min,secondary_emergent,0.0,0.0,0.0,0.0,,False
missed_synapses,2.0%,out_degree_std,secondary_emergent,-0.0035308914145641295,-0.0034693744903960396,-6.151692416808989e-05,-0.9629243445315561,0.24857969985345674,False
missed_synapses,2.0%,out_degree_variance,secondary_emergent,-0.00704931236334642,-0.00692670916286172,-0.0001226032004846998,-0.9629472790492115,0.24857969985345674,False
missed_synapses,2.0%,total_degree_max,secondary_emergent,-0.005501106544419854,-0.00307724733902406,-0.002423859205395794,-3.583267478886245,0.0009891941298160315,True
missed_synapses,2.0%,total_degree_mean,primary_imposed,-0.0026026813271750283,-0.00259847084201432,-4.2104851607082e-06,-0.30909834904022154,,False
missed_synapses,2.0%,total_degree_median,secondary_emergent,0.0,0.0,0.0,0.0,,False
missed_synapses,2.0%,total_degree_min,secondary_emergent,0.0,0.0,0.0,0.0,,False
missed_synapses,2.0%,total_degree_std,secondary_emergent,-0.0035856782489668048,-0.0029485531502816196,-0.0006371250986851851,-11.467875780217131,1.8108826031438616e-06,True
missed_synapses,2.0%,total_degree_variance,secondary_emergent,-0.007158495903979792,-0.0058884109017364,-0.001270085002243392,-11.469376718680449,1.8108826031438616e-06,True
missed_synapses,2.0%,reciprocity,secondary_emergent,-0.0005929251015649441,-0.0041351738537934,0.003542248752228456,3.685355191428793,0.007666423827726015,True
missed_synapses,5.0%,density,primary_imposed,-0.006660436151111583,-0.006651714431863939,-8.721719247643811e-06,-0.23469864177752206,,False
missed_synapses,5.0%,edge_count,secondary_emergent,-0.00666043615112534,-0.006651714431863879,-8.721719261460883e-06,-0.23469864196729498,0.9462187468809515,False
missed_synapses,5.0%,node_count,secondary_emergent,0.0,0.0,0.0,0.0,,False
missed_synapses,5.0%,total_synapses,secondary_emergent,-0.05002432903691569,-0.050012782189871374,-1.1546847044317798e-05,-0.4274226226646663,0.7223810607576189,False
missed_synapses,5.0%,weight_max,secondary_emergent,-0.018400876232201532,-0.03483023001095285,0.01642935377875132,5.495574790854809,7.099205507615918e-05,True
missed_synapses,5.0%,weight_mean,secondary_emergent,-0.043654651384407224,-0.04365142380434308,-3.227580064144031e-06,-0.10212670977527384,1.0,False
missed_synapses,5.0%,weight_median,secondary_emergent,-0.25,-0.25,0.0,0.0,,False
missed_synapses,5.0%,weight_min,secondary_emergent,0.0,0.0,0.0,0.0,,False
missed_synapses,5.0%,weight_std,secondary_emergent,-0.042598354844850035,-0.04388091253931488,0.0012825576944648434,11.187161025016081,4.349697937330898e-06,True
missed_synapses,5.0%,weight_variance,secondary_emergent,-0.08338207382960844,-0.08583628558820469,0.002454211758596253,11.183716123959144,4.367541727470156e-06,True
missed_synapses,5.0%,scc_count,secondary_emergent,3.2706459525756336e-05,0.0031338360037699796,-0.0031011295442442233,-15.054613443646284,3.9561090951165825e-05,True
missed_synapses,5.0%,scc_max_size,secondary_emergent,-4.304006312542591e-06,-0.00037653853503855994,0.00037223452872601733,15.023756984666296,3.8670110326153155e-05,True
missed_synapses,5.0%,wcc_count,secondary_emergent,4.644681839294008e-05,0.0028817104345805,-0.00283526361618756,-5.202222769697876,0.0019452497807414012,True
missed_synapses,5.0%,wcc_max_size,secondary_emergent,-1.299106214924132e-06,-8.05414463684762e-05,7.924234015355207e-05,5.202090469149091,0.0019452497807414012,True
missed_synapses,5.0%,in_degree_max,secondary_emergent,-0.016146165285744637,-0.0042489908646696,-0.011897174421075036,-12.932646029847696,1.2311247849340313e-06,True
missed_synapses,5.0%,in_degree_mean,secondary_emergent,-0.006660436151125336,-0.0066517144318639,-8.72171926143573e-06,-0.23469864196638965,0.9462187468809515,False
missed_synapses,5.0%,in_degree_median,secondary_emergent,0.0,0.0,0.0,0.0,,False
missed_synapses,5.0%,in_degree_min,secondary_emergent,0.0,0.0,0.0,0.0,,False
missed_synapses,5.0%,in_degree_std,secondary_emergent,-0.00896548765318622,-0.0062876956347407,-0.0026777920184455194,-22.606851246861382,6.493975302281082e-08,True
missed_synapses,5.0%,in_degree_variance,secondary_emergent,-0.017850589715558345,-0.01253583932622122,-0.005314750389337125,-22.592559757447134,6.612711387852379e-08,True
missed_synapses,5.0%,out_degree_max,secondary_emergent,-0.014512756168966958,-0.012881639481388502,-0.0016311166875784561,-1.0734396709982281,0.1974722299809472,False
missed_synapses,5.0%,out_degree_mean,secondary_emergent,-0.006660436151125336,-0.0066517144318639,-8.72171926143573e-06,-0.23469864196638965,0.9462187468809515,False
missed_synapses,5.0%,out_degree_median,secondary_emergent,0.0,0.0,0.0,0.0,,False
missed_synapses,5.0%,out_degree_min,secondary_emergent,0.0,0.0,0.0,0.0,,False
missed_synapses,5.0%,out_degree_std,secondary_emergent,-0.009161278677453333,-0.0089809741220784,-0.00018030455537493273,-1.8565397598348763,0.04383352538695508,True
missed_synapses,5.0%,out_degree_variance,secondary_emergent,-0.018238616436780396,-0.017881287147857278,-0.00035732928892311805,-1.856515715453146,0.04383352538695508,True
missed_synapses,5.0%,total_degree_max,secondary_emergent,-0.01532300558541469,-0.008599430920012602,-0.006723574665402087,-12.560612733782497,7.237494492910207e-07,True
missed_synapses,5.0%,total_degree_mean,primary_imposed,-0.006660436151125336,-0.0066517144318639,-8.72171926143573e-06,-0.23469864196638965,,False
missed_synapses,5.0%,total_degree_median,secondary_emergent,0.0,0.0,0.0,0.0,,False
missed_synapses,5.0%,total_degree_min,secondary_emergent,0.0,0.0,0.0,0.0,,False
missed_synapses,5.0%,total_degree_std,secondary_emergent,-0.009232873528185687,-0.00760155146424458,-0.001631322063941107,-19.32497147663845,5.354142367749838e-08,True
missed_synapses,5.0%,total_degree_variance,secondary_emergent,-0.01838049324191047,-0.015145315803207179,-0.0032351774387032895,-19.330234377183096,5.319866690629472e-08,True
missed_synapses,5.0%,reciprocity,secondary_emergent,-0.001394185440488788,-0.0107178132964686,0.00932362785597981,8.770054347846271,0.00032235933037787906,True
missed_synapses,10.0%,density,primary_imposed,-0.01406552667783147,-0.0140146499821179,-5.087669571357013e-05,-0.9450399839802226,,False
missed_synapses,10.0%,edge_count,secondary_emergent,-0.014065526677809415,-0.014014649982117919,-5.087669569149578e-05,-0.9450399838479426,0.2724494709556419,False
missed_synapses,10.0%,node_count,secondary_emergent,0.0,0.0,0.0,0.0,,False
missed_synapses,10.0%,total_synapses,secondary_emergent,-0.10004319879247148,-0.10006908580470524,2.588701223375789e-05,0.5532421487200999,0.5789351195632052,False
missed_synapses,10.0%,weight_max,secondary_emergent,-0.042059145673603505,-0.0821467688937568,0.040087623220153294,4.094564301733004,0.0005837427085431506,True
missed_synapses,10.0%,weight_mean,secondary_emergent,-0.08720424424294226,-0.08727759893459171,7.335469164944375e-05,1.208512685261398,0.1537792924451952,False
missed_synapses,10.0%,weight_median,secondary_emergent,-0.25,-0.25,0.0,0.0,,False
missed_synapses,10.0%,weight_min,secondary_emergent,0.0,0.0,0.0,0.0,,False
missed_synapses,10.0%,weight_std,secondary_emergent,-0.08512691711668066,-0.08791266190148131,0.002785744784800648,22.755989103749073,8.593092922668805e-09,True
missed_synapses,10.0%,weight_variance,secondary_emergent,-0.16300722692129588,-0.1680966789967307,0.005089452075434819,22.745536775270054,8.733732015339202e-09,True
missed_synapses,10.0%,scc_count,secondary_emergent,0.00047969473971109296,0.0066446748350612,-0.006164980095350107,-11.685436702038267,2.4669483609567906e-05,True
missed_synapses,10.0%,scc_max_size,secondary_emergent,-6.025608837559628e-05,-0.00079837493895398,0.0007381188505783837,11.64249925110185,2.4690077698243583e-05,True
missed_synapses,10.0%,wcc_count,secondary_emergent,0.0005109150023223409,0.0050197536602370006,-0.00450883865791466,-5.784813427270128,0.0006372801458797611,True
missed_synapses,10.0%,wcc_max_size,secondary_emergent,-1.4290168364165454e-05,-0.0001402980033515,0.00012600783498733454,5.783914897544899,0.0006372801458797611,True
missed_synapses,10.0%,in_degree_max,secondary_emergent,-0.03216486084554918,-0.00837051200339916,-0.023794348842150023,-10.076196953339752,2.4690077698243583e-05,True
missed_synapses,10.0%,in_degree_mean,secondary_emergent,-0.01406552667780949,-0.014014649982117938,-5.087669569155129e-05,-0.9450399838485216,0.2724494709556419,False
missed_synapses,10.0%,in_degree_median,secondary_emergent,0.0,0.0,0.0,0.0,,False
missed_synapses,10.0%,in_degree_min,secondary_emergent,0.0,0.0,0.0,0.0,,False
missed_synapses,10.0%,in_degree_std,secondary_emergent,-0.018635478204539487,-0.0131907844434006,-0.005444693761138887,-32.35550764992577,1.2365630886181471e-08,True
missed_synapses,10.0%,in_degree_variance,secondary_emergent,-0.03692364072419997,-0.02620756142199846,-0.01071607930220151,-32.401838247244484,1.1778048715031875e-08,True
missed_synapses,10.0%,out_degree_max,secondary_emergent,-0.028398159765788373,-0.025595984943538198,-0.0028021748222501752,-1.2805535332809308,0.14393883626103757,False
missed_synapses,10.0%,out_degree_mean,secondary_emergent,-0.01406552667780949,-0.014014649982117938,-5.087669569155129e-05,-0.9450399838485216,0.2724494709556419,False
missed_synapses,10.0%,out_degree_median,secondary_emergent,0.0,0.0,0.0,0.0,,False
missed_synapses,10.0%,out_degree_min,secondary_emergent,0.0,0.0,0.0,0.0,,False
missed_synapses,10.0%,out_degree_std,secondary_emergent,-0.01908028517719121,-0.01868286912581576,-0.00039741605137545016,-1.9170702746082926,0.04964274057210882,True
missed_synapses,10.0%,out_degree_variance,secondary_emergent,-0.03779650590527621,-0.0370166270597032,-0.0007798788455730121,-1.9169089903193064,0.04964274057210882,True
missed_synapses,10.0%,total_degree_max,secondary_emergent,-0.030266624512593533,-0.01705132258404462,-0.013215301928548914,-7.528443092523822,8.923903351053148e-06,True
missed_synapses,10.0%,total_degree_mean,primary_imposed,-0.014065526677809461,-0.014014649982117938,-5.087669569152353e-05,-0.9450399838481984,,False
missed_synapses,10.0%,total_degree_median,secondary_emergent,0.0,0.0,0.0,0.0,,False
missed_synapses,10.0%,total_degree_min,secondary_emergent,0.0,0.0,0.0,0.0,,False
missed_synapses,10.0%,total_degree_std,secondary_emergent,-0.019179062497045533,-0.01587229326564028,-0.0033067692314052537,-20.054325261055254,9.299075411857303e-08,True
missed_synapses,10.0%,total_degree_variance,secondary_emergent,-0.03799027688358315,-0.03149262500776932,-0.006497651875813824,-20.03843470344295,9.53797506498433e-08,True
missed_synapses,10.0%,reciprocity,secondary_emergent,-0.0025736222618028236,-0.02092535104008146,0.018351728778278637,7.150104654399894,0.0007104828256969878,True
missed_synapses,15.0%,density,primary_imposed,-0.022395119446076212,-0.02233286441561096,-6.225503046525249e-05,-1.1637322249845639,,False
missed_synapses,15.0%,edge_count,secondary_emergent,-0.0223951194462009,-0.022332864415610942,-6.22550305899583e-05,-1.1637322268238621,0.15629152787438783,False
missed_synapses,15.0%,node_count,secondary_emergent,0.0,0.0,0.0,0.0,,False
missed_synapses,15.0%,total_synapses,secondary_emergent,-0.15002641765777813,-0.15003343066929173,7.0130115135957904e-06,0.1642270409516103,1.0,False
missed_synapses,15.0%,weight_max,secondary_emergent,-0.06002190580503834,-0.09222343921139098,0.032201533406352637,2.8296714113892283,0.003911340938733561,True
missed_synapses,15.0%,weight_mean,secondary_emergent,-0.13055509310626584,-0.13061763077477878,6.253766851294085e-05,1.0815885033897539,0.1961875626825566,False
missed_synapses,15.0%,weight_median,secondary_emergent,-0.25,-0.25,0.0,0.0,,False
missed_synapses,15.0%,weight_min,secondary_emergent,0.0,0.0,0.0,0.0,,False
missed_synapses,15.0%,weight_std,secondary_emergent,-0.12730150288661246,-0.131327013088194,0.004025510201581539,24.5613025365856,1.6542100210769556e-09,True
missed_synapses,15.0%,weight_variance,secondary_emergent,-0.23839731325233582,-0.2454072187141481,0.007009905461812294,24.566404761229332,1.6509389473341792e-09,True
missed_synapses,15.0%,scc_count,secondary_emergent,0.0015153992913600437,0.01122761545711588,-0.009712216165755835,-23.865927312096908,8.950947283424173e-08,True
missed_synapses,15.0%,scc_max_size,secondary_emergent,-0.00019941895914780673,-0.0013490271574879,0.0011496081983400931,22.832351855574316,4.550001541718554e-08,True
missed_synapses,15.0%,wcc_count,secondary_emergent,0.0008824895494658616,0.00878456890541476,-0.007902079355948898,-6.347448523319776,0.00045680638752291716,True
missed_synapses,15.0%,wcc_max_size,secondary_emergent,-2.468301808355851e-05,-0.00024552150586518,0.0002208384877816215,6.346503787735239,0.00045680638752291716,True
missed_synapses,15.0%,in_degree_max,secondary_emergent,-0.049713193116634795,-0.01355428085829612,-0.03615891225833867,-12.039473065037468,5.188764639678038e-06,True
missed_synapses,15.0%,in_degree_mean,secondary_emergent,-0.02239511944620081,-0.022332864415610977,-6.22550305898334e-05,-1.1637322268206167,0.15629152787438783,False
missed_synapses,15.0%,in_degree_median,secondary_emergent,0.0,0.0,0.0,0.0,,False
missed_synapses,15.0%,in_degree_min,secondary_emergent,0.0,0.0,0.0,0.0,,False
missed_synapses,15.0%,in_degree_std,secondary_emergent,-0.02923926728738436,-0.02088175808971702,-0.00835750919766734,-44.947334087363515,2.1425777932930997e-11,True
missed_synapses,15.0%,in_degree_variance,secondary_emergent,-0.0576235703981227,-0.04132744246574076,-0.016296127932381943,-44.95658920680757,2.129878185239648e-11,True
missed_synapses,15.0%,out_degree_max,secondary_emergent,-0.044792973651191975,-0.04027603513174398,-0.004516938519447997,-1.2079486549884444,0.14234074921616965,False
missed_synapses,15.0%,out_degree_mean,secondary_emergent,-0.02239511944620081,-0.022332864415610977,-6.22550305898334e-05,-1.1637322268206167,0.15629152787438783,False
missed_synapses,15.0%,out_degree_median,secondary_emergent,0.0,0.0,0.0,0.0,,False
missed_synapses,15.0%,out_degree_min,secondary_emergent,0.0,0.0,0.0,0.0,,False
missed_synapses,15.0%,out_degree_std,secondary_emergent,-0.030095705299575237,-0.02935517657730328,-0.0007405287222719582,-4.847503929347156,0.00013883135823557685,True
missed_synapses,15.0%,out_degree_variance,secondary_emergent,-0.05928564045663538,-0.05784860808834726,-0.00143703236828812,-4.847348060222413,0.00013883135823557685,True
missed_synapses,15.0%,total_degree_max,secondary_emergent,-0.04723363895036358,-0.027020760881020078,-0.020212878069343503,-7.692025332728761,2.4224797837006077e-05,True
missed_synapses,15.0%,total_degree_mean,primary_imposed,-0.022395119446200866,-0.022332864415610977,-6.22550305898889e-05,-1.1637322268211359,,False
missed_synapses,15.0%,total_degree_median,secondary_emergent,0.0,0.0,0.0,0.0,,False
missed_synapses,15.0%,total_degree_min,secondary_emergent,0.0,0.0,0.0,0.0,,False
missed_synapses,15.0%,total_degree_std,secondary_emergent,-0.030150056270669672,-0.024990606359897898,-0.005159449910771774,-40.85043249999117,3.130705450186304e-08,True
missed_synapses,15.0%,total_degree_variance,secondary_emergent,-0.059391064957863324,-0.04935667848080918,-0.010034386477054145,-40.92453441953124,3.00696564237182e-08,True
missed_synapses,15.0%,reciprocity,secondary_emergent,-0.004006268219243525,-0.03088105321857524,0.026874784999331713,38.14299373294309,4.446551559119947e-07,True
missed_synapses,20.0%,density,primary_imposed,-0.03191111665806754,-0.03188219463519024,-2.8922022877297948e-05,-0.3904250609477017,,False
missed_synapses,20.0%,edge_count,secondary_emergent,-0.03191111665825823,-0.03188219463519024,-2.892202306798569e-05,-0.39042506347451184,0.7679651269442396,False
missed_synapses,20.0%,node_count,secondary_emergent,0.0,0.0,0.0,0.0,,False
missed_synapses,20.0%,total_synapses,secondary_emergent,-0.2000601709595608,-0.20006639437050447,6.223410943667629e-06,0.0947383921925357,1.0,False
missed_synapses,20.0%,weight_max,secondary_emergent,-0.07886089813800658,-0.13778751369112813,0.05892661555312155,4.966388947053269,0.001368701854611677,True
missed_synapses,20.0%,weight_mean,secondary_emergent,-0.17369174908192722,-0.17372285803698825,3.110895506103217e-05,0.2855332527476752,0.8806894836608659,False
missed_synapses,20.0%,weight_median,secondary_emergent,-0.25,-0.25,0.0,0.0,,False
missed_synapses,20.0%,weight_min,secondary_emergent,0.0,0.0,0.0,0.0,,False
missed_synapses,20.0%,weight_std,secondary_emergent,-0.16965118861124232,-0.17519520716318096,0.005544018551938645,34.342207637990214,1.4745053120860305e-08,True
missed_synapses,20.0%,weight_variance,secondary_emergent,-0.3105208186760341,-0.3196970447648774,0.009176226088843331,34.27753427747787,1.555487354784877e-08,True
missed_synapses,20.0%,scc_count,secondary_emergent,0.0035322976287816845,0.0171771913289349,-0.013644893700153217,-11.047062641179167,3.292867200379879e-06,True
missed_synapses,20.0%,scc_max_size,secondary_emergent,-0.0004533553315878197,-0.0020638841507003,0.0016105288191124805,10.875715008509797,3.7828679825018254e-06,True
missed_synapses,20.0%,wcc_count,secondary_emergent,0.0022294472828611237,0.0117592377411108,-0.009529790458249676,-11.578142895963103,8.088756143385098e-07,True
missed_synapses,20.0%,wcc_max_size,secondary_emergent,-6.235709831635834e-05,-0.00032736200782028,0.00026500490950392166,12.004905353576099,4.648164770077691e-07,True
missed_synapses,20.0%,in_degree_max,secondary_emergent,-0.068578712555768,-0.01895049925642656,-0.049628213299341445,-31.022822571168206,3.499363635456768e-07,True
missed_synapses,20.0%,in_degree_mean,secondary_emergent,-0.03191111665825828,-0.03188219463519026,-2.8922023068020386e-05,-0.3904250634749018,0.7679651269442396,False
missed_synapses,20.0%,in_degree_median,secondary_emergent,0.0,-0.0111111111111111,0.0111111111111111,0.6324555320336759,0.5285027141634541,False
missed_synapses,20.0%,in_degree_min,secondary_emergent,0.0,0.0,0.0,0.0,,False
missed_synapses,20.0%,in_degree_std,secondary_emergent,-0.04066200615178017,-0.0297689671609098,-0.010893038990870373,-71.04460496915577,1.2475855585035386e-10,True
missed_synapses,20.0%,in_degree_variance,secondary_emergent,-0.07967058490226209,-0.0586517339584515,-0.021018850943810584,-71.25436609555776,1.1466192033763277e-10,True
missed_synapses,20.0%,out_degree_max,secondary_emergent,-0.058176495190296953,-0.05236302802174816,-0.005813467168548796,-1.4437906203327442,0.08748353200269038,False
missed_synapses,20.0%,out_degree_mean,secondary_emergent,-0.03191111665825828,-0.03188219463519026,-2.8922023068020386e-05,-0.3904250634749018,0.7679651269442396,False
missed_synapses,20.0%,out_degree_median,secondary_emergent,0.0,0.0,0.0,0.0,,False
missed_synapses,20.0%,out_degree_min,secondary_emergent,0.0,0.0,0.0,0.0,,False
missed_synapses,20.0%,out_degree_std,secondary_emergent,-0.04176989600065507,-0.040796131495932655,-0.0009737645047224117,-3.97719472591256,0.0005865733474679453,True
missed_synapses,20.0%,out_degree_variance,secondary_emergent,-0.08179501010767094,-0.07992790041629905,-0.001867109691371896,-3.9776057515680776,0.0005865733474679453,True
missed_synapses,20.0%,total_degree_max,secondary_emergent,-0.06333649488881862,-0.03578880809358202,-0.0275476867952366,-14.136960119333299,1.717172654187013e-06,True
missed_synapses,20.0%,total_degree_mean,primary_imposed,-0.03191111665825825,-0.03188219463519026,-2.892202306799263e-05,-0.39042506347459677,,False
missed_synapses,20.0%,total_degree_median,secondary_emergent,0.0,-0.0476190476190476,0.0476190476190476,100.0,0.0,True
missed_synapses,20.0%,total_degree_min,secondary_emergent,0.0,0.0,0.0,0.0,,False
missed_synapses,20.0%,total_degree_std,secondary_emergent,-0.04186934026437479,-0.03513042301156862,-0.006738917252806169,-34.315583899985874,3.5688685553782383e-10,True
missed_synapses,20.0%,total_degree_variance,secondary_emergent,-0.08198560072751707,-0.0690266758446377,-0.012958924882879364,-34.344293073297386,3.397545190082847e-10,True
missed_synapses,20.0%,reciprocity,secondary_emergent,-0.006025889151720878,-0.04498973873900152,0.03896384958728064,20.778664032668875,1.0566435557250811e-05,True
split_errors,0.5%,density,primary_imposed,-0.007487001449896011,-0.00543201533997,-0.002054986109926011,-15.395943903357733,,False
split_errors,0.5%,edge_count,secondary_emergent,0.0,0.0,0.0,0.0,,False
split_errors,0.5%,node_count,secondary_emergent,0.0037646434393600486,0.0027271233776901002,0.0010375200616699483,15.412575676597545,2.2102587223996994e-06,True
split_errors,0.5%,total_synapses,secondary_emergent,0.0,0.0,0.0,0.0,,False
split_errors,0.5%,weight_max,secondary_emergent,0.0,0.0,0.0,0.0,,False
split_errors,0.5%,weight_mean,secondary_emergent,0.0,0.0,0.0,0.0,,False
split_errors,0.5%,weight_median,secondary_emergent,0.0,0.0,0.0,0.0,,False
split_errors,0.5%,weight_min,secondary_emergent,0.0,0.0,0.0,0.0,,False
split_errors,0.5%,weight_std,secondary_emergent,0.0,0.0,0.0,0.0,,False
split_errors,0.5%,weight_variance,secondary_emergent,0.0,0.0,0.0,0.0,,False
split_errors,0.5%,scc_count,secondary_emergent,0.00366312346688471,0.00221489161168702,0.00144823185519769,4.316826638016879,0.00030310330634546987,True
split_errors,0.5%,scc_max_size,secondary_emergent,0.0037617015171622246,0.0027886500527294997,0.0009730514644327249,10.332655019168817,6.4199673115559205e-06,True
split_errors,0.5%,wcc_count,secondary_emergent,0.0,0.0,0.0,0.0,,False
split_errors,0.5%,wcc_max_size,secondary_emergent,0.00387003741425899,0.00280336195585806,0.00106667545840093,15.414650166677774,2.2102587223996994e-06,True
split_errors,0.5%,in_degree_max,secondary_emergent,0.0,0.0,0.0,0.0,,False
split_errors,0.5%,in_degree_mean,secondary_emergent,-0.003750522799773085,-0.0027197004687089404,-0.0010308223310641447,-15.401489507748629,2.2218350531024356e-06,True
split_errors,0.5%,in_degree_median,secondary_emergent,0.0,0.0,0.0,0.0,,False
split_errors,0.5%,in_degree_min,secondary_emergent,0.0,0.0,0.0,0.0,,False
split_errors,0.5%,in_degree_std,secondary_emergent,-0.0026916044682137956,-0.00231241701800716,-0.00037918745020663544,-1.0929494760614629,0.1845284310566885,False
split_errors,0.5%,in_degree_variance,secondary_emergent,-0.005375872901864235,-0.0046193854761654805,-0.0007564874256987542,-1.0929686489140409,0.1845284310566885,False
split_errors,0.5%,out_degree_max,secondary_emergent,0.0,0.0,0.0,0.0,,False
split_errors,0.5%,out_degree_mean,secondary_emergent,-0.003750522799773085,-0.0027197004687089404,-0.0010308223310641447,-15.401489507748629,2.2218350531024356e-06,True
split_errors,0.5%,out_degree_median,secondary_emergent,0.0,0.0,0.0,0.0,,False
split_errors,0.5%,out_degree_min,secondary_emergent,0.0,0.0,0.0,0.0,,False
split_errors,0.5%,out_degree_std,secondary_emergent,-0.002587165248900046,-0.00221976037574524,-0.00036740487315480626,-1.6479236214051458,0.05216707195844524,False
split_errors,0.5%,out_degree_variance,secondary_emergent,-0.005167597908437766,-0.00443455304984706,-0.0007330448585907067,-1.6479452163995634,0.05216707195844524,False
split_errors,0.5%,total_degree_max,secondary_emergent,0.0,0.0,0.0,0.0,,False
split_errors,0.5%,total_degree_mean,primary_imposed,-0.003750522799773057,-0.0027197004687089404,-0.0010308223310641165,-15.401489507744861,,False
split_errors,0.5%,total_degree_median,secondary_emergent,0.0,0.0,0.0,0.0,,False
split_errors,0.5%,total_degree_min,secondary_emergent,0.0,0.0,0.0,0.0,,False
split_errors,0.5%,total_degree_std,secondary_emergent,-0.0026510092680218458,-0.00226119371557732,-0.00038981555244452584,-1.4060304365783,0.08868883283537161,False
split_errors,0.5%,total_degree_variance,secondary_emergent,-0.005294931834894804,-0.00451721030107436,-0.0007777215338204439,-1.4061549204598123,0.08868883283537161,False
split_errors,0.5%,reciprocity,secondary_emergent,0.0,0.0,0.0,0.0,,False
split_errors,1.0%,density,primary_imposed,-0.014754307898372971,-0.01048663816301758,-0.004267669735355391,-55.36161520319963,,False
split_errors,1.0%,edge_count,secondary_emergent,0.0,0.0,0.0,0.0,,False
split_errors,1.0%,node_count,secondary_emergent,0.007459781880678874,0.00528490730560712,0.0021748745750717544,55.43686655829685,1.2308532189685687e-10,True
split_errors,1.0%,total_synapses,secondary_emergent,0.0,0.0,0.0,0.0,,False
split_errors,1.0%,weight_max,secondary_emergent,0.0,0.0,0.0,0.0,,False
split_errors,1.0%,weight_mean,secondary_emergent,0.0,0.0,0.0,0.0,,False
split_errors,1.0%,weight_median,secondary_emergent,0.0,0.0,0.0,0.0,,False
split_errors,1.0%,weight_min,secondary_emergent,0.0,0.0,0.0,0.0,,False
split_errors,1.0%,weight_std,secondary_emergent,0.0,0.0,0.0,0.0,,False
split_errors,1.0%,weight_variance,secondary_emergent,0.0,0.0,0.0,0.0,,False
split_errors,1.0%,scc_count,secondary_emergent,0.007151812482965386,0.00465362865221484,0.002498183830750546,4.2962576600522535,0.0003543227728059177,True
split_errors,1.0%,scc_max_size,secondary_emergent,0.007523403034324449,0.00536071966989174,0.002162683364432709,24.542845778672874,1.3879895868582862e-08,True
split_errors,1.0%,wcc_count,secondary_emergent,0.0,0.0,0.0,0.0,,False
split_errors,1.0%,wcc_max_size,secondary_emergent,0.007668623986697152,0.00543265046311326,0.002235973523583892,55.44365221998885,1.2308532189685687e-10,True
split_errors,1.0%,in_degree_max,secondary_emergent,0.0,0.0,0.0,0.0,,False
split_errors,1.0%,in_degree_mean,secondary_emergent,-0.007404544889126586,-0.0052571221703014,-0.0021474227188251855,-55.38677179573592,1.2475855585035386e-10,True
split_errors,1.0%,in_degree_median,secondary_emergent,0.0,0.0,0.0,0.0,,False
split_errors,1.0%,in_degree_min,secondary_emergent,0.0,0.0,0.0,0.0,,False
split_errors,1.0%,in_degree_std,secondary_emergent,-0.005616619611908721,-0.0047994338294318805,-0.0008171857824768409,-2.193818012501066,0.015001120863803605,True
split_errors,1.0%,in_degree_variance,secondary_emergent,-0.011201584540272981,-0.009575719357669401,-0.0016258651826035805,-2.1938651944343186,0.015001120863803605,True
split_errors,1.0%,out_degree_max,secondary_emergent,0.0,0.0,0.0,0.0,,False
split_errors,1.0%,out_degree_mean,secondary_emergent,-0.007404544889126586,-0.0052571221703014,-0.0021474227188251855,-55.38677179573592,1.2475855585035386e-10,True
split_errors,1.0%,out_degree_median,secondary_emergent,0.0,0.0,0.0,0.0,,False
split_errors,1.0%,out_degree_min,secondary_emergent,0.0,0.0,0.0,0.0,,False
split_errors,1.0%,out_degree_std,secondary_emergent,-0.005364184090312777,-0.00458050813441184,-0.0007836759559009376,-1.454320212341385,0.07947408496892669,False
split_errors,1.0%,out_degree_variance,secondary_emergent,-0.010699356504208623,-0.00913980782621098,-0.0015595486779976433,-1.454576085673034,0.07947408496892669,False
split_errors,1.0%,total_degree_max,secondary_emergent,0.0,0.0,0.0,0.0,,False
split_errors,1.0%,total_degree_mean,primary_imposed,-0.007404544889126558,-0.0052571221703014,-0.0021474227188251578,-55.38677179575695,,False
split_errors,1.0%,total_degree_median,secondary_emergent,0.0,0.0,0.0,0.0,,False
split_errors,1.0%,total_degree_min,secondary_emergent,0.0,0.0,0.0,0.0,,False
split_errors,1.0%,total_degree_std,secondary_emergent,-0.005547710444387087,-0.00470821425568918,-0.0008394961886979066,-1.9727518359414122,0.024490462847585673,True
split_errors,1.0%,total_degree_variance,secondary_emergent,-0.011064501207504044,-0.0093941140772796,-0.0016703871302244447,-1.9732152693507499,0.024490462847585673,True
split_errors,1.0%,reciprocity,secondary_emergent,0.0,0.0,0.0,0.0,,False
split_errors,2.0%,density,primary_imposed,-0.02898135750727277,-0.021000114897337822,-0.00798124260993495,-31.543551908781666,,False
split_errors,2.0%,edge_count,secondary_emergent,0.0,0.0,0.0,0.0,,False
split_errors,2.0%,node_count,secondary_emergent,0.014813410673440244,0.0106683853357091,0.0041450253377311435,31.69784972721136,3.335264210701369e-07,True
split_errors,2.0%,total_synapses,secondary_emergent,0.0,0.0,0.0,0.0,,False
split_errors,2.0%,weight_max,secondary_emergent,0.0,0.0,0.0,0.0,,False
split_errors,2.0%,weight_mean,secondary_emergent,0.0,0.0,0.0,0.0,,False
split_errors,2.0%,weight_median,secondary_emergent,0.0,0.0,0.0,0.0,,False
split_errors,2.0%,weight_min,secondary_emergent,0.0,0.0,0.0,0.0,,False
split_errors,2.0%,weight_std,secondary_emergent,0.0,0.0,0.0,0.0,,False
split_errors,2.0%,weight_variance,secondary_emergent,0.0,0.0,0.0,0.0,,False
split_errors,2.0%,scc_count,secondary_emergent,0.014434450804033796,0.008659283694627661,0.005775167109406135,8.728836449804982,4.973879850025531e-06,True
split_errors,2.0%,scc_max_size,secondary_emergent,0.014900469854022453,0.01090970860730282,0.003990761246719633,27.761070130814467,1.8907501624533528e-08,True
split_errors,2.0%,wcc_count,secondary_emergent,0.0,0.0,0.0,0.0,,False
split_errors,2.0%,wcc_max_size,secondary_emergent,0.015228123051340674,0.010966627261980501,0.004261495789360173,31.702138733838837,3.335264210701369e-07,True
split_errors,2.0%,in_degree_max,secondary_emergent,-0.03263224984066284,-0.03263224984066284,0.0,0.0,1.0,False
split_errors,2.0%,in_degree_mean,secondary_emergent,-0.014597174032261642,-0.01055574848801492,-0.004041425544246722,-31.594952899512936,3.4578423319397893e-07,True
split_errors,2.0%,in_degree_median,secondary_emergent,0.0,0.0,0.0,0.0,,False
split_errors,2.0%,in_degree_min,secondary_emergent,0.0,0.0,0.0,0.0,,False
split_errors,2.0%,in_degree_std,secondary_emergent,-0.013002671171954566,-0.01155443841227814,-0.0014482327596764249,-0.3292690516435482,0.8324550476553827,False
split_errors,2.0%,in_degree_variance,secondary_emergent,-0.025820975949737358,-0.0229597162740285,-0.0028612596757088583,-0.33016866014600726,0.8324550476553827,False
split_errors,2.0%,out_degree_max,secondary_emergent,-0.021580928481806774,-0.02158092848180676,-1.3877787807814457e-17,-2.8758426164797634e-16,1.0,False
split_errors,2.0%,out_degree_mean,secondary_emergent,-0.014597174032261642,-0.01055574848801492,-0.004041425544246722,-31.594952899512936,3.4578423319397893e-07,True
split_errors,2.0%,out_degree_median,secondary_emergent,0.0,0.0,0.0,0.0,,False
split_errors,2.0%,out_degree_min,secondary_emergent,0.0,0.0,0.0,0.0,,False
split_errors,2.0%,out_degree_std,secondary_emergent,-0.012512868049458618,-0.0110210072325664,-0.0014918608168922182,-0.27583350435068127,0.8910032473947843,False
split_errors,2.0%,out_degree_variance,secondary_emergent,-0.024845990878688707,-0.02189692126197232,-0.0029490696167163884,-0.2768836248811285,0.8910032473947843,False
split_errors,2.0%,total_degree_max,secondary_emergent,-0.027062914954157448,-0.02706291495415744,-6.938893903907228e-18,-1.1466494635982952e-16,1.0,False
split_errors,2.0%,total_degree_mean,primary_imposed,-0.014597174032261701,-0.01055574848801492,-0.004041425544246781,-31.59495289951336,,False
split_errors,2.0%,total_degree_median,secondary_emergent,-0.02857142857142857,0.0,-0.02857142857142857,-1.5491933384829668,0.10866282856992238,False
split_errors,2.0%,total_degree_min,secondary_emergent,0.0,0.0,0.0,0.0,,False
split_errors,2.0%,total_degree_std,secondary_emergent,-0.013163872178526614,-0.01158287393562398,-0.001580998242902634,-0.286482876772742,0.8806894836608659,False
split_errors,2.0%,total_degree_variance,secondary_emergent,-0.026130247913422222,-0.02300706504891854,-0.0031231828645036826,-0.28754873260151886,0.8806894836608659,False
split_errors,2.0%,reciprocity,secondary_emergent,0.0,0.0,0.0,0.0,,False
split_errors,3.0%,density,primary_imposed,-0.04290719560147149,-0.03102405500715662,-0.011883140594314872,-61.2767342303234,,False
split_errors,3.0%,edge_count,secondary_emergent,0.0,0.0,0.0,0.0,,False
split_errors,3.0%,node_count,secondary_emergent,0.02216956692067584,0.01588252391603792,0.006287043004637918,61.64211650915693,1.5935067389255633e-09,True
split_errors,3.0%,total_synapses,secondary_emergent,0.0,0.0,0.0,0.0,,False
split_errors,3.0%,weight_max,secondary_emergent,0.0,0.0,0.0,0.0,,False
split_errors,3.0%,weight_mean,secondary_emergent,0.0,0.0,0.0,0.0,,False
split_errors,3.0%,weight_median,secondary_emergent,0.0,0.0,0.0,0.0,,False
split_errors,3.0%,weight_min,secondary_emergent,0.0,0.0,0.0,0.0,,False
split_errors,3.0%,weight_std,secondary_emergent,0.0,0.0,0.0,0.0,,False
split_errors,3.0%,weight_variance,secondary_emergent,0.0,0.0,0.0,0.0,,False
split_errors,3.0%,scc_count,secondary_emergent,0.021400926683019895,0.012676720075400522,0.008724206607619373,14.798001255597832,3.9996080380613644e-07,True
split_errors,3.0%,scc_max_size,secondary_emergent,0.022334923424554357,0.0162675971603898,0.006067326264164556,73.04457647683138,6.46608562489971e-11,True
split_errors,3.0%,wcc_count,secondary_emergent,0.0,0.0,0.0,0.0,,False
split_errors,3.0%,wcc_max_size,secondary_emergent,0.022790220328414053,0.016326530612244844,0.006463689716169209,61.65015308246791,1.5935067389255633e-09,True
split_errors,3.0%,in_degree_max,secondary_emergent,-0.06526449968132568,-0.06526449968132568,0.0,0.0,1.0,False
split_errors,3.0%,in_degree_mean,secondary_emergent,-0.021688734193849063,-0.015634200149138723,-0.00605453404471034,-61.39877769191446,1.7621582754084706e-09,True
split_errors,3.0%,in_degree_median,secondary_emergent,0.0,0.0,0.0,0.0,,False
split_errors,3.0%,in_degree_min,secondary_emergent,0.0,0.0,0.0,0.0,,False
split_errors,3.0%,in_degree_std,secondary_emergent,-0.021127165138700506,-0.018920151278952697,-0.0022070138597478084,-0.38589213941291217,0.7679651269442396,False
split_errors,3.0%,in_degree_variance,secondary_emergent,-0.04178165476773704,-0.0374563131120039,-0.004325341655733145,-0.3862078152771565,0.7679651269442396,False
split_errors,3.0%,out_degree_max,secondary_emergent,-0.04316185696361355,-0.04316185696361352,-2.7755575615628914e-17,-4.696231327283945e-16,1.0,False
split_errors,3.0%,out_degree_mean,secondary_emergent,-0.021688734193849063,-0.015634200149138723,-0.00605453404471034,-61.39877769191446,1.7621582754084706e-09,True
split_errors,3.0%,out_degree_median,secondary_emergent,0.0,0.0,0.0,0.0,,False
split_errors,3.0%,out_degree_min,secondary_emergent,0.0,0.0,0.0,0.0,,False
split_errors,3.0%,out_degree_std,secondary_emergent,-0.020055865699492553,-0.01780598427608322,-0.002249881423409334,-0.3492033489345161,0.8113512828715944,False
split_errors,3.0%,out_degree_variance,secondary_emergent,-0.03967618953998479,-0.03526180209872124,-0.004414387441263545,-0.34963285895525664,0.8113512828715944,False
split_errors,3.0%,total_degree_max,secondary_emergent,-0.054125829908314896,-0.05412582990831488,-1.3877787807814457e-17,-1.8724707331012383e-16,1.0,False
split_errors,3.0%,total_degree_mean,primary_imposed,-0.021688734193849063,-0.015634200149138723,-0.00605453404471034,-61.39877769191446,,False
split_errors,3.0%,total_degree_median,secondary_emergent,-0.047619047619047616,0.0,-0.047619047619047616,-100.0,0.0,True
split_errors,3.0%,total_degree_min,secondary_emergent,0.0,0.0,0.0,0.0,,False
split_errors,3.0%,total_degree_std,secondary_emergent,-0.02129453485786404,-0.01892669095533404,-0.00236784390253,-0.34453898656951937,0.8144027351478484,False
split_errors,3.0%,total_degree_variance,secondary_emergent,-0.042097846203672865,-0.037457358585434405,-0.004640487618238459,-0.34496636367867617,0.8144027351478484,False
split_errors,3.0%,reciprocity,secondary_emergent,0.0,0.0,0.0,0.0,,False
split_errors,5.0%,density,primary_imposed,-0.06994976886472808,-0.0508071426563114,-0.019142626208416676,-80.07526876186363,,False
split_errors,5.0%,edge_count,secondary_emergent,0.0,0.0,0.0,0.0,,False
split_errors,5.0%,node_count,secondary_emergent,0.03692358241397177,0.026414426710138838,0.010509155703832932,80.86277230398643,3.689443167606892e-10,True
split_errors,5.0%,total_synapses,secondary_emergent,0.0,0.0,0.0,0.0,,False
split_errors,5.0%,weight_max,secondary_emergent,0.0,0.0,0.0,0.0,,False
split_errors,5.0%,weight_mean,secondary_emergent,0.0,0.0,0.0,0.0,,False
split_errors,5.0%,weight_median,secondary_emergent,0.0,0.0,0.0,0.0,,False
split_errors,5.0%,weight_min,secondary_emergent,0.0,0.0,0.0,0.0,,False
split_errors,5.0%,weight_std,secondary_emergent,0.0,0.0,0.0,0.0,,False
split_errors,5.0%,weight_variance,secondary_emergent,0.0,0.0,0.0,0.0,,False
split_errors,5.0%,scc_count,secondary_emergent,0.03575906241482693,0.021182846371347763,0.014576216043479168,15.316269105825913,3.3902930335571516e-06,True
split_errors,5.0%,scc_max_size,secondary_emergent,0.03717944119651375,0.02704282771946458,0.01013661347704917,55.99167735012305,6.275335884175824e-11,True
split_errors,5.0%,wcc_count,secondary_emergent,0.0,0.0,0.0,0.0,,False
split_errors,5.0%,wcc_max_size,secondary_emergent,0.03795728538765329,0.02715285987087384,0.010804425516779452,80.87327198340712,3.689443167606892e-10,True
split_errors,5.0%,in_degree_max,secondary_emergent,-0.06526449968132568,-0.06526449968132568,0.0,0.0,1.0,False
split_errors,5.0%,in_degree_mean,secondary_emergent,-0.03560877433120611,-0.02573463996158264,-0.009874134369623467,-80.33861669253517,4.6414694127540767e-10,True
split_errors,5.0%,in_degree_median,secondary_emergent,-0.11111111111111112,0.0,-0.11111111111111112,-100.0,0.0,True
split_errors,5.0%,in_degree_min,secondary_emergent,0.0,0.0,0.0,0.0,,False
split_errors,5.0%,in_degree_std,secondary_emergent,-0.033078875557142784,-0.0295220068646856,-0.003556868692457183,-0.5275540371346406,0.5988174296226646,False
split_errors,5.0%,in_degree_variance,secondary_emergent,-0.06502722856267806,-0.05813604401716018,-0.0068911845455178825,-0.5282867975593464,0.5988174296226646,False
split_errors,5.0%,out_degree_max,secondary_emergent,-0.04316185696361355,-0.04316185696361352,-2.7755575615628914e-17,-4.696231327283945e-16,1.0,False
split_errors,5.0%,out_degree_mean,secondary_emergent,-0.03560877433120611,-0.02573463996158264,-0.009874134369623467,-80.33861669253517,4.6414694127540767e-10,True
split_errors,5.0%,out_degree_median,secondary_emergent,0.0,0.0,0.0,0.0,,False
split_errors,5.0%,out_degree_min,secondary_emergent,0.0,0.0,0.0,0.0,,False
split_errors,5.0%,out_degree_std,secondary_emergent,-0.031787546471345296,-0.02804823713428478,-0.0037393093370605146,-0.5351785583600711,0.5925433596295608,False
split_errors,5.0%,out_degree_variance,secondary_emergent,-0.06252571092888243,-0.05527059479520284,-0.007255116133679587,-0.5359191076514668,0.5925433596295608,False
split_errors,5.0%,total_degree_max,secondary_emergent,-0.054125829908314896,-0.05412582990831488,-1.3877787807814457e-17,-1.8724707331012383e-16,1.0,False
split_errors,5.0%,total_degree_mean,primary_imposed,-0.03560877433120611,-0.02573463996158264,-0.009874134369623467,-80.33861669253517,,False
split_errors,5.0%,total_degree_median,secondary_emergent,-0.047619047619047616,-0.0476190476190476,-1.3877787807814457e-17,0.0,,False
split_errors,5.0%,total_degree_min,secondary_emergent,0.0,0.0,0.0,0.0,,False
split_errors,5.0%,total_degree_std,secondary_emergent,-0.033343870705449856,-0.029449489325941304,-0.003894381379508552,-0.5075167716924643,0.6199159190831296,False
split_errors,5.0%,total_degree_variance,secondary_emergent,-0.06552891609238078,-0.05798450802147707,-0.007544408070903709,-0.5083329505988518,0.6199159190831296,False
split_errors,5.0%,reciprocity,secondary_emergent,0.0,0.0,0.0,0.0,,False
split_errors,7.5%,density,primary_imposed,-0.10213078386622994,-0.07446940513115927,-0.02766137873507067,-159.308205865952,,False
split_errors,7.5%,edge_count,secondary_emergent,0.0,0.0,0.0,0.0,,False
split_errors,7.5%,node_count,secondary_emergent,0.0553424068948958,0.03945230061543514,0.015890106279460657,160.911159936225,1.3822995002433633e-13,True
split_errors,7.5%,total_synapses,secondary_emergent,0.0,0.0,0.0,0.0,,False
split_errors,7.5%,weight_max,secondary_emergent,0.0,0.0,0.0,0.0,,False
split_errors,7.5%,weight_mean,secondary_emergent,0.0,0.0,0.0,0.0,,False
split_errors,7.5%,weight_median,secondary_emergent,0.0,0.0,0.0,0.0,,False
split_errors,7.5%,weight_min,secondary_emergent,0.0,0.0,0.0,0.0,,False
split_errors,7.5%,weight_std,secondary_emergent,0.0,0.0,0.0,0.0,,False
split_errors,7.5%,weight_variance,secondary_emergent,0.0,0.0,0.0,0.0,,False
split_errors,7.5%,scc_count,secondary_emergent,0.05298446443172526,0.0316682375117813,0.021316226919943962,21.604867624119667,2.6316660527189115e-08,True
split_errors,7.5%,scc_max_size,secondary_emergent,0.05579139916071877,0.0403872967788968,0.015404102381821973,85.26851522133195,5.052271917551068e-12,True
split_errors,7.5%,wcc_count,secondary_emergent,0.0,0.0,0.0,0.0,,False
split_errors,7.5%,wcc_max_size,secondary_emergent,0.05689175847017251,0.0405552163577079,0.01633654211246461,160.93118726039845,1.3822995002433633e-13,True
split_errors,7.5%,in_degree_max,secondary_emergent,-0.06526449968132568,-0.06526449968132568,0.0,0.0,1.0,False
split_errors,7.5%,in_degree_mean,secondary_emergent,-0.05244023407117554,-0.037954882901229545,-0.014485351169945995,-159.85254414667867,2.1787954302833494e-13,True
split_errors,7.5%,in_degree_median,secondary_emergent,-0.11111111111111112,0.0,-0.11111111111111112,-100.0,0.0,True
split_errors,7.5%,in_degree_min,secondary_emergent,0.0,0.0,0.0,0.0,,False
split_errors,7.5%,in_degree_std,secondary_emergent,-0.04663642198673639,-0.04131089780893789,-0.005325524177798503,-0.7183317558893266,0.4177951440634018,False
split_errors,7.5%,in_degree_variance,secondary_emergent,-0.09105470780554444,-0.0808704440099626,-0.010184263795581835,-0.719693309009384,0.4175385278916191,False
split_errors,7.5%,out_degree_max,secondary_emergent,-0.04316185696361355,-0.04316185696361352,-2.7755575615628914e-17,-4.696231327283945e-16,1.0,False
split_errors,7.5%,out_degree_mean,secondary_emergent,-0.05244023407117554,-0.037954882901229545,-0.014485351169945995,-159.85254414667867,2.1787954302833494e-13,True
split_errors,7.5%,out_degree_median,secondary_emergent,-0.09090909090909091,0.0,-0.09090909090909091,-100.0,0.0,True
split_errors,7.5%,out_degree_min,secondary_emergent,0.0,0.0,0.0,0.0,,False
split_errors,7.5%,out_degree_std,secondary_emergent,-0.04437385732035283,-0.039037230882700155,-0.005336626437652675,-0.6547377316117385,0.4740313309029261,False
split_errors,7.5%,out_degree_variance,secondary_emergent,-0.08672620702718684,-0.07649672829841363,-0.010229478728773209,-0.6561500546683,0.4737137219894217,False
split_errors,7.5%,total_degree_max,secondary_emergent,-0.054125829908314896,-0.05412582990831488,-1.3877787807814457e-17,-1.8724707331012383e-16,1.0,False
split_errors,7.5%,total_degree_mean,primary_imposed,-0.052440234071175595,-0.037954882901229545,-0.01448535116994605,-159.8525441466666,,False
split_errors,7.5%,total_degree_median,secondary_emergent,-0.047619047619047616,-0.0476190476190476,-1.3877787807814457e-17,0.0,,False
split_errors,7.5%,total_degree_min,secondary_emergent,0.0,0.0,0.0,0.0,,False
split_errors,7.5%,total_degree_std,secondary_emergent,-0.04650555012668718,-0.0407638062582247,-0.005741743868462483,-0.6721809409018221,0.459013558059235,False
split_errors,7.5%,total_degree_variance,secondary_emergent,-0.09079087007323541,-0.0798066444272066,-0.010984225646028814,-0.6737468052713435,0.4585532806622158,False
split_errors,7.5%,reciprocity,secondary_emergent,0.0,0.0,0.0,0.0,,False
split_errors,10.0%,density,primary_imposed,-0.1325127381998232,-0.09735307968845994,-0.03515965851136327,-133.61784268956578,,False
split_errors,10.0%,edge_count,secondary_emergent,0.0,0.0,0.0,0.0,,False
split_errors,10.0%,node_count,secondary_emergent,0.07366392437856215,0.05254577851916438,0.021118145859397766,134.7595559832263,3.7011406536364627e-14,True
split_errors,10.0%,total_synapses,secondary_emergent,0.0,0.0,0.0,0.0,,False
split_errors,10.0%,weight_max,secondary_emergent,0.0,0.0,0.0,0.0,,False
split_errors,10.0%,weight_mean,secondary_emergent,0.0,0.0,0.0,0.0,,False
split_errors,10.0%,weight_median,secondary_emergent,0.0,0.0,0.0,0.0,,False
split_errors,10.0%,weight_min,secondary_emergent,0.0,0.0,0.0,0.0,,False
split_errors,10.0%,weight_std,secondary_emergent,0.0,0.0,0.0,0.0,,False
split_errors,10.0%,weight_variance,secondary_emergent,0.0,0.0,0.0,0.0,,False
split_errors,10.0%,scc_count,secondary_emergent,0.0699591169255928,0.04234213006597544,0.02761698685961736,22.62139915369835,1.4819672015638802e-08,True
split_errors,10.0%,scc_max_size,secondary_emergent,0.07433305835515225,0.053771401473596235,0.020561656881556013,80.40807766559097,6.593856879452715e-13,True
split_errors,10.0%,wcc_count,secondary_emergent,0.0,0.0,0.0,0.0,,False
split_errors,10.0%,wcc_max_size,secondary_emergent,0.07572620037414259,0.05401473129035188,0.021711469083790708,134.77594727408632,3.7011406536364627e-14,True
split_errors,10.0%,in_degree_max,secondary_emergent,-0.06526449968132568,-0.06526449968132568,0.0,0.0,1.0,False
split_errors,10.0%,in_degree_mean,secondary_emergent,-0.06860984167618706,-0.04992253747905166,-0.018687304197135393,-134.01713588137105,6.044597701472838e-14,True
split_errors,10.0%,in_degree_median,secondary_emergent,-0.11111111111111112,-0.11111111111111112,0.0,0.0,,False
split_errors,10.0%,in_degree_min,secondary_emergent,0.0,0.0,0.0,0.0,,False
split_errors,10.0%,in_degree_std,secondary_emergent,-0.059953801793859306,-0.0530939700179597,-0.006859831775899605,-0.9262124450866346,0.26958573082994763,False
split_errors,10.0%,in_degree_variance,secondary_emergent,-0.11627118121347028,-0.10332316853282308,-0.0129480126806472,-0.9278687977735868,0.26922769784395634,False
split_errors,10.0%,out_degree_max,secondary_emergent,-0.04316185696361355,-0.04316185696361352,-2.7755575615628914e-17,-4.696231327283945e-16,1.0,False
split_errors,10.0%,out_degree_mean,secondary_emergent,-0.06860984167618706,-0.04992253747905166,-0.018687304197135393,-134.01713588137105,6.044597701472838e-14,True
split_errors,10.0%,out_degree_median,secondary_emergent,-0.09090909090909091,0.0,-0.09090909090909091,-100.0,0.0,True
split_errors,10.0%,out_degree_min,secondary_emergent,0.0,0.0,0.0,0.0,,False
split_errors,10.0%,out_degree_std,secondary_emergent,-0.057348111014350014,-0.05041727860695659,-0.0069308324073934224,-0.8043857903955458,0.3482383616118143,False
split_errors,10.0%,out_degree_variance,secondary_emergent,-0.11134941976888504,-0.098231866546578,-0.013117553222307038,-0.8069847799269536,0.347045563599992,False
split_errors,10.0%,total_degree_max,secondary_emergent,-0.054125829908314896,-0.05412582990831488,-1.3877787807814457e-17,-1.8724707331012383e-16,1.0,False
split_errors,10.0%,total_degree_mean,primary_imposed,-0.06860984167618703,-0.04992253747905166,-0.018687304197135365,-134.01713588136565,,False
split_errors,10.0%,total_degree_median,secondary_emergent,-0.09523809523809523,-0.0476190476190476,-0.04761904761904763,-100.0,0.0,True
split_errors,10.0%,total_degree_min,secondary_emergent,0.0,0.0,0.0,0.0,,False
split_errors,10.0%,total_degree_std,secondary_emergent,-0.059725627552839146,-0.05227580657979079,-0.007449820973048353,-0.8678504952799945,0.30388479721272466,False
split_errors,10.0%,total_degree_variance,secondary_emergent,-0.1158263969258422,-0.1017586586223179,-0.014067738303524313,-0.8701615518576336,0.30301484105404336,False
split_errors,10.0%,reciprocity,secondary_emergent,0.0,0.0,0.0,0.0,,False
split_errors,15.0%,density,primary_imposed,-0.18902796697271396,-0.14062771279664776,-0.04840025417606619,-114.81158759339255,,False
split_errors,15.0%,edge_count,secondary_emergent,0.0,0.0,0.0,0.0,,False
split_errors,15.0%,node_count,secondary_emergent,0.11044470561474011,0.07872136078148888,0.03172334483325123,117.83855248253099,1.8441481135903582e-11,True
split_errors,15.0%,total_synapses,secondary_emergent,0.0,0.0,0.0,0.0,,False
split_errors,15.0%,weight_max,secondary_emergent,0.0,0.0,0.0,0.0,,False
split_errors,15.0%,weight_mean,secondary_emergent,0.0,0.0,0.0,0.0,,False
split_errors,15.0%,weight_median,secondary_emergent,0.0,0.0,0.0,0.0,,False
split_errors,15.0%,weight_min,secondary_emergent,0.0,0.0,0.0,0.0,,False
split_errors,15.0%,weight_std,secondary_emergent,0.0,0.0,0.0,0.0,,False
split_errors,15.0%,weight_variance,secondary_emergent,0.0,0.0,0.0,0.0,,False
split_errors,15.0%,scc_count,secondary_emergent,0.10362496593077133,0.06366635249764367,0.03995861343312766,28.913342192444144,8.428001246032501e-10,True
split_errors,15.0%,scc_max_size,secondary_emergent,0.1116387504035006,0.08052970195417833,0.031109048449322274,135.00214601565585,5.989382953017652e-15,True
split_errors,15.0%,wcc_count,secondary_emergent,0.0,0.0,0.0,0.0,,False
split_errors,15.0%,wcc_max_size,secondary_emergent,0.11353668675950945,0.0809220696553605,0.03261461710414895,117.85356444252453,1.8441481135903582e-11,True
split_errors,15.0%,in_degree_max,secondary_emergent,-0.06526449968132568,-0.06526449968132568,0.0,0.0,1.0,False
split_errors,15.0%,in_degree_mean,secondary_emergent,-0.09945986959624319,-0.07297647491836204,-0.026483394677881147,-115.83454657613666,3.922342063107972e-11,True
split_errors,15.0%,in_degree_median,secondary_emergent,-0.11111111111111112,-0.11111111111111112,0.0,0.0,,False
split_errors,15.0%,in_degree_min,secondary_emergent,0.0,0.0,0.0,0.0,,False
split_errors,15.0%,in_degree_std,secondary_emergent,-0.08665783222684988,-0.07697245299247049,-0.009685379234379385,-1.4697042076235298,0.07730000771436314,False
split_errors,15.0%,in_degree_variance,secondary_emergent,-0.16577252866176756,-0.14798421800191847,-0.017788310659849094,-1.4703639563399173,0.07730000771436314,False
split_errors,15.0%,out_degree_max,secondary_emergent,-0.04316185696361355,-0.04316185696361352,-2.7755575615628914e-17,-4.696231327283945e-16,1.0,False
split_errors,15.0%,out_degree_mean,secondary_emergent,-0.09945986959624319,-0.07297647491836204,-0.026483394677881147,-115.83454657613666,3.922342063107972e-11,True
split_errors,15.0%,out_degree_median,secondary_emergent,-0.09090909090909091,-0.07272727272727272,-0.018181818181818188,-0.6324555320336761,0.5285027141634541,False
split_errors,15.0%,out_degree_min,secondary_emergent,0.0,0.0,0.0,0.0,,False
split_errors,15.0%,out_degree_std,secondary_emergent,-0.08483630059895007,-0.07508699828203255,-0.009749302316917521,-1.373806645460618,0.09522557256329776,False
split_errors,15.0%,out_degree_variance,secondary_emergent,-0.16243572212947854,-0.14449504254302187,-0.017940679586456676,-1.374592691657289,0.09522557256329776,False
split_errors,15.0%,total_degree_max,secondary_emergent,-0.054125829908314896,-0.05412582990831488,-1.3877787807814457e-17,-1.8724707331012383e-16,1.0,False
split_errors,15.0%,total_degree_mean,primary_imposed,-0.09945986959624319,-0.07297647491836204,-0.026483394677881147,-115.83454657613666,,False
split_errors,15.0%,total_degree_median,secondary_emergent,-0.09523809523809523,-0.0476190476190476,-0.04761904761904763,-100.0,0.0,True
split_errors,15.0%,total_degree_min,secondary_emergent,0.0,0.0,0.0,0.0,,False
split_errors,15.0%,total_degree_std,secondary_emergent,-0.08694055432814102,-0.07633558342674042,-0.010604970901400598,-1.511725507525673,0.07053308168900596,False
split_errors,15.0%,total_degree_variance,secondary_emergent,-0.1662836373386087,-0.14680411731277507,-0.01947952002583364,-1.5143350386561985,0.07028198669897683,False
split_errors,15.0%,reciprocity,secondary_emergent,0.0,0.0,0.0,0.0,,False
split_errors,20.0%,density,primary_imposed,-0.24021517765402015,-0.18088790654697845,-0.059327271107041696,-190.63423166148544,,False
split_errors,20.0%,edge_count,secondary_emergent,0.0,0.0,0.0,0.0,,False
split_errors,20.0%,node_count,secondary_emergent,0.14724065157776345,0.10491337149789584,0.04232728007986761,195.8202888042137,5.4182884717329694e-14,True
split_errors,20.0%,total_synapses,secondary_emergent,0.0,0.0,0.0,0.0,,False
split_errors,20.0%,weight_max,secondary_emergent,0.0,0.0,0.0,0.0,,False
split_errors,20.0%,weight_mean,secondary_emergent,0.0,0.0,0.0,0.0,,False
split_errors,20.0%,weight_median,secondary_emergent,0.0,0.0,0.0,0.0,,False
split_errors,20.0%,weight_min,secondary_emergent,0.0,0.0,0.0,0.0,,False
split_errors,20.0%,weight_std,secondary_emergent,0.0,0.0,0.0,0.0,,False
split_errors,20.0%,weight_variance,secondary_emergent,0.0,0.0,0.0,0.0,,False
split_errors,20.0%,scc_count,secondary_emergent,0.13974379940038156,0.08541470311027326,0.054329096290108306,33.01064851380909,1.9598887643440166e-10,True
split_errors,20.0%,scc_max_size,secondary_emergent,0.1486044259531581,0.10725544459150518,0.04134898136165291,168.71596025677738,1.811142567802668e-12,True
split_errors,20.0%,wcc_count,secondary_emergent,0.0,0.0,0.0,0.0,,False
split_errors,20.0%,wcc_max_size,secondary_emergent,0.15136276241945543,0.10784629574299479,0.04351646667646064,195.84468176346547,5.4182884717329694e-14,True
split_errors,20.0%,in_degree_max,secondary_emergent,-0.09789674952198853,-0.09789674952198853,0.0,0.0,1.0,False
split_errors,20.0%,in_degree_mean,secondary_emergent,-0.1283432864251557,-0.09495163173670426,-0.03339165468845143,-192.4292796173556,1.9032004069916566e-13,True
split_errors,20.0%,in_degree_median,secondary_emergent,-0.11111111111111112,-0.11111111111111112,0.0,0.0,,False
split_errors,20.0%,in_degree_min,secondary_emergent,0.0,0.0,0.0,0.0,,False
split_errors,20.0%,in_degree_std,secondary_emergent,-0.11489018931969944,-0.10257531979964021,-0.012314869520059224,-1.5720323765666078,0.06192281131260365,False
split_errors,20.0%,in_degree_variance,secondary_emergent,-0.2165347479745435,-0.19457663083137527,-0.021958117143168226,-1.5706995067151601,0.0620580843069766,False
split_errors,20.0%,out_degree_max,secondary_emergent,-0.06474278544542032,-0.06474278544542028,-4.163336342344337e-17,-7.044346990925918e-16,1.0,False
split_errors,20.0%,out_degree_mean,secondary_emergent,-0.1283432864251557,-0.09495163173670426,-0.03339165468845143,-192.4292796173556,1.9032004069916566e-13,True
split_errors,20.0%,out_degree_median,secondary_emergent,-0.18181818181818182,-0.0909090909090909,-0.09090909090909093,-100.0,0.0,True
split_errors,20.0%,out_degree_min,secondary_emergent,0.0,0.0,0.0,0.0,,False
split_errors,20.0%,out_degree_std,secondary_emergent,-0.11177621510918427,-0.0995348864726199,-0.012241328636564366,-1.5160050655111923,0.07019423380519053,False
split_errors,20.0%,out_degree_variance,secondary_emergent,-0.21100807478218261,-0.18910869051907042,-0.021899384263112193,-1.520647977902762,0.06962659880326794,False
split_errors,20.0%,total_degree_max,secondary_emergent,-0.08118874486247234,-0.08118874486247232,-1.3877787807814457e-17,-1.8724707331012383e-16,1.0,False
split_errors,20.0%,total_degree_mean,primary_imposed,-0.1283432864251557,-0.09495163173670426,-0.03339165468845143,-192.4292796173556,,False
split_errors,20.0%,total_degree_median,secondary_emergent,-0.14285714285714285,-0.0476190476190476,-0.09523809523809525,-100.0,0.0,True
split_errors,20.0%,total_degree_min,secondary_emergent,0.0,0.0,0.0,0.0,,False
split_errors,20.0%,total_degree_std,secondary_emergent,-0.11492991023242938,-0.10158046740049989,-0.013349442831929487,-1.6195917169595502,0.05536631644661653,False
split_errors,20.0%,total_degree_variance,secondary_emergent,-0.21659804936701196,-0.19278652886779338,-0.023811520499218586,-1.621540582122955,0.05529189276291988,False
split_errors,20.0%,reciprocity,secondary_emergent,0.0,0.0,0.0,0.0,,False
synapse_count_measurement,0.5%,density,control_invariant,0.0,0.0,0.0,0.0,,False
synapse_count_measurement,0.5%,edge_count,secondary_emergent,0.0,0.0,0.0,0.0,,False
synapse_count_measurement,0.5%,node_count,secondary_emergent,0.0,0.0,0.0,0.0,,False
synapse_count_measurement,0.5%,total_synapses,secondary_emergent,1.5282591676234562e-07,1.5282591676234552e-07,1.0587911840678754e-22,2.658308562891026e-17,1.0,False
synapse_count_measurement,0.5%,weight_max,secondary_emergent,0.0017524644030668126,0.00175246440306682,-7.37257477290143e-18,-1.6183293547922195e-15,1.0,False
synapse_count_measurement,0.5%,weight_mean,secondary_emergent,1.5282591670983636e-07,1.5282591670983651e-07,-1.5881867761018131e-22,-3.987462844317516e-17,1.0,False
synapse_count_measurement,0.5%,weight_median,secondary_emergent,0.0,0.0,0.0,0.0,,False
synapse_count_measurement,0.5%,weight_min,secondary_emergent,0.0,0.0,0.0,0.0,,False
synapse_count_measurement,0.5%,weight_std,secondary_emergent,2.7093178583569197e-05,2.7093178583569197e-05,0.0,0.0,1.0,False
synapse_count_measurement,0.5%,weight_variance,secondary_emergent,5.418936724943343e-05,5.4189367249430125e-05,3.3068166260807885e-18,3.099766831292895e-14,1.0,False
synapse_count_measurement,0.5%,scc_count,secondary_emergent,0.0,0.0,0.0,0.0,,False
synapse_count_measurement,0.5%,scc_max_size,secondary_emergent,0.0,0.0,0.0,0.0,,False
synapse_count_measurement,0.5%,wcc_count,secondary_emergent,0.0,0.0,0.0,0.0,,False
synapse_count_measurement,0.5%,wcc_max_size,secondary_emergent,0.0,0.0,0.0,0.0,,False
synapse_count_measurement,0.5%,in_degree_max,secondary_emergent,0.0,0.0,0.0,0.0,,False
synapse_count_measurement,0.5%,in_degree_mean,secondary_emergent,0.0,0.0,0.0,0.0,,False
synapse_count_measurement,0.5%,in_degree_median,secondary_emergent,0.0,0.0,0.0,0.0,,False
synapse_count_measurement,0.5%,in_degree_min,secondary_emergent,0.0,0.0,0.0,0.0,,False
synapse_count_measurement,0.5%,in_degree_std,secondary_emergent,0.0,0.0,0.0,0.0,,False
synapse_count_measurement,0.5%,in_degree_variance,secondary_emergent,0.0,0.0,0.0,0.0,,False
synapse_count_measurement,0.5%,out_degree_max,secondary_emergent,0.0,0.0,0.0,0.0,,False
synapse_count_measurement,0.5%,out_degree_mean,secondary_emergent,0.0,0.0,0.0,0.0,,False
synapse_count_measurement,0.5%,out_degree_median,secondary_emergent,0.0,0.0,0.0,0.0,,False
synapse_count_measurement,0.5%,out_degree_min,secondary_emergent,0.0,0.0,0.0,0.0,,False
synapse_count_measurement,0.5%,out_degree_std,secondary_emergent,0.0,0.0,0.0,0.0,,False
synapse_count_measurement,0.5%,out_degree_variance,secondary_emergent,0.0,0.0,0.0,0.0,,False
synapse_count_measurement,0.5%,total_degree_max,secondary_emergent,0.0,0.0,0.0,0.0,,False
synapse_count_measurement,0.5%,total_degree_mean,primary_imposed,0.0,0.0,0.0,0.0,,False
synapse_count_measurement,0.5%,total_degree_median,secondary_emergent,0.0,0.0,0.0,0.0,,False
synapse_count_measurement,0.5%,total_degree_min,secondary_emergent,0.0,0.0,0.0,0.0,,False
synapse_count_measurement,0.5%,total_degree_std,secondary_emergent,0.0,0.0,0.0,0.0,,False
synapse_count_measurement,0.5%,total_degree_variance,secondary_emergent,0.0,0.0,0.0,0.0,,False
synapse_count_measurement,0.5%,reciprocity,secondary_emergent,0.0,0.0,0.0,0.0,,False
synapse_count_measurement,1.0%,density,control_invariant,0.0,0.0,0.0,0.0,,False
synapse_count_measurement,1.0%,edge_count,secondary_emergent,0.0,0.0,0.0,0.0,,False
synapse_count_measurement,1.0%,node_count,secondary_emergent,0.0,0.0,0.0,0.0,,False
synapse_count_measurement,1.0%,total_synapses,secondary_emergent,-1.6556140982587436e-06,-1.655614098258744e-06,4.235164736271502e-22,6.996665130715611e-17,1.0,False
synapse_count_measurement,1.0%,weight_max,secondary_emergent,0.0037239868565169766,0.0037239868565169796,-3.0357660829594124e-18,-3.4431154022142713e-16,1.0,False
synapse_count_measurement,1.0%,weight_mean,secondary_emergent,-1.6556140982816386e-06,-1.6556140982816386e-06,0.0,0.0,1.0,False
synapse_count_measurement,1.0%,weight_median,secondary_emergent,0.0,0.0,0.0,0.0,,False
synapse_count_measurement,1.0%,weight_min,secondary_emergent,0.0,0.0,0.0,0.0,,False
synapse_count_measurement,1.0%,weight_std,secondary_emergent,7.004100841393235e-05,7.0041008413924e-05,8.348356728138384e-18,7.216548647324702e-14,1.0,False
synapse_count_measurement,1.0%,weight_variance,secondary_emergent,0.0001400976287101811,0.00014009762871016,2.11148373091552e-17,9.125785875734885e-14,1.0,False
synapse_count_measurement,1.0%,scc_count,secondary_emergent,0.0,0.0,0.0,0.0,,False
synapse_count_measurement,1.0%,scc_max_size,secondary_emergent,0.0,0.0,0.0,0.0,,False
synapse_count_measurement,1.0%,wcc_count,secondary_emergent,0.0,0.0,0.0,0.0,,False
synapse_count_measurement,1.0%,wcc_max_size,secondary_emergent,0.0,0.0,0.0,0.0,,False
synapse_count_measurement,1.0%,in_degree_max,secondary_emergent,0.0,0.0,0.0,0.0,,False
synapse_count_measurement,1.0%,in_degree_mean,secondary_emergent,0.0,0.0,0.0,0.0,,False
synapse_count_measurement,1.0%,in_degree_median,secondary_emergent,0.0,0.0,0.0,0.0,,False
synapse_count_measurement,1.0%,in_degree_min,secondary_emergent,0.0,0.0,0.0,0.0,,False
synapse_count_measurement,1.0%,in_degree_std,secondary_emergent,0.0,0.0,0.0,0.0,,False
synapse_count_measurement,1.0%,in_degree_variance,secondary_emergent,0.0,0.0,0.0,0.0,,False
synapse_count_measurement,1.0%,out_degree_max,secondary_emergent,0.0,0.0,0.0,0.0,,False
synapse_count_measurement,1.0%,out_degree_mean,secondary_emergent,0.0,0.0,0.0,0.0,,False
synapse_count_measurement,1.0%,out_degree_median,secondary_emergent,0.0,0.0,0.0,0.0,,False
synapse_count_measurement,1.0%,out_degree_min,secondary_emergent,0.0,0.0,0.0,0.0,,False
synapse_count_measurement,1.0%,out_degree_std,secondary_emergent,0.0,0.0,0.0,0.0,,False
synapse_count_measurement,1.0%,out_degree_variance,secondary_emergent,0.0,0.0,0.0,0.0,,False
synapse_count_measurement,1.0%,total_degree_max,secondary_emergent,0.0,0.0,0.0,0.0,,False
synapse_count_measurement,1.0%,total_degree_mean,primary_imposed,0.0,0.0,0.0,0.0,,False
synapse_count_measurement,1.0%,total_degree_median,secondary_emergent,0.0,0.0,0.0,0.0,,False
synapse_count_measurement,1.0%,total_degree_min,secondary_emergent,0.0,0.0,0.0,0.0,,False
synapse_count_measurement,1.0%,total_degree_std,secondary_emergent,0.0,0.0,0.0,0.0,,False
synapse_count_measurement,1.0%,total_degree_variance,secondary_emergent,0.0,0.0,0.0,0.0,,False
synapse_count_measurement,1.0%,reciprocity,secondary_emergent,0.0,0.0,0.0,0.0,,False
synapse_count_measurement,2.0%,density,control_invariant,0.0,0.0,0.0,0.0,,False
synapse_count_measurement,2.0%,edge_count,secondary_emergent,0.0,0.0,0.0,0.0,,False
synapse_count_measurement,2.0%,node_count,secondary_emergent,0.0,0.0,0.0,0.0,,False
synapse_count_measurement,2.0%,total_synapses,secondary_emergent,4.907409993813097e-06,4.907409993813097e-06,0.0,0.0,1.0,False
synapse_count_measurement,2.0%,weight_max,secondary_emergent,0.007447973713033953,0.00744797371303396,-6.938893903907228e-18,-3.901269565989538e-16,1.0,False
synapse_count_measurement,2.0%,weight_mean,secondary_emergent,4.907409993808592e-06,4.907409993808592e-06,0.0,0.0,1.0,False
synapse_count_measurement,2.0%,weight_median,secondary_emergent,0.0,0.0,0.0,0.0,,False
synapse_count_measurement,2.0%,weight_min,secondary_emergent,0.0,0.0,0.0,0.0,,False
synapse_count_measurement,2.0%,weight_std,secondary_emergent,0.0003148038837529507,0.00031480388375294447,6.2341624917916505e-18,2.7263013509165774e-14,1.0,False
synapse_count_measurement,2.0%,weight_variance,secondary_emergent,0.0006297487000160474,0.0006297487000160096,3.7730235602495554e-17,8.247900175464798e-14,1.0,False
synapse_count_measurement,2.0%,scc_count,secondary_emergent,0.0,0.0,0.0,0.0,,False
synapse_count_measurement,2.0%,scc_max_size,secondary_emergent,0.0,0.0,0.0,0.0,,False
synapse_count_measurement,2.0%,wcc_count,secondary_emergent,0.0,0.0,0.0,0.0,,False
synapse_count_measurement,2.0%,wcc_max_size,secondary_emergent,0.0,0.0,0.0,0.0,,False
synapse_count_measurement,2.0%,in_degree_max,secondary_emergent,0.0,0.0,0.0,0.0,,False
synapse_count_measurement,2.0%,in_degree_mean,secondary_emergent,0.0,0.0,0.0,0.0,,False
synapse_count_measurement,2.0%,in_degree_median,secondary_emergent,0.0,0.0,0.0,0.0,,False
synapse_count_measurement,2.0%,in_degree_min,secondary_emergent,0.0,0.0,0.0,0.0,,False
synapse_count_measurement,2.0%,in_degree_std,secondary_emergent,0.0,0.0,0.0,0.0,,False
synapse_count_measurement,2.0%,in_degree_variance,secondary_emergent,0.0,0.0,0.0,0.0,,False
synapse_count_measurement,2.0%,out_degree_max,secondary_emergent,0.0,0.0,0.0,0.0,,False
synapse_count_measurement,2.0%,out_degree_mean,secondary_emergent,0.0,0.0,0.0,0.0,,False
synapse_count_measurement,2.0%,out_degree_median,secondary_emergent,0.0,0.0,0.0,0.0,,False
synapse_count_measurement,2.0%,out_degree_min,secondary_emergent,0.0,0.0,0.0,0.0,,False
synapse_count_measurement,2.0%,out_degree_std,secondary_emergent,0.0,0.0,0.0,0.0,,False
synapse_count_measurement,2.0%,out_degree_variance,secondary_emergent,0.0,0.0,0.0,0.0,,False
synapse_count_measurement,2.0%,total_degree_max,secondary_emergent,0.0,0.0,0.0,0.0,,False
synapse_count_measurement,2.0%,total_degree_mean,primary_imposed,0.0,0.0,0.0,0.0,,False
synapse_count_measurement,2.0%,total_degree_median,secondary_emergent,0.0,0.0,0.0,0.0,,False
synapse_count_measurement,2.0%,total_degree_min,secondary_emergent,0.0,0.0,0.0,0.0,,False
synapse_count_measurement,2.0%,total_degree_std,secondary_emergent,0.0,0.0,0.0,0.0,,False
synapse_count_measurement,2.0%,total_degree_variance,secondary_emergent,0.0,0.0,0.0,0.0,,False
synapse_count_measurement,2.0%,reciprocity,secondary_emergent,0.0,0.0,0.0,0.0,,False
synapse_count_measurement,3.0%,density,control_invariant,0.0,0.0,0.0,0.0,,False
synapse_count_measurement,3.0%,edge_count,secondary_emergent,0.0,0.0,0.0,0.0,,False
synapse_count_measurement,3.0%,node_count,secondary_emergent,0.0,0.0,0.0,0.0,,False
synapse_count_measurement,3.0%,total_synapses,secondary_emergent,2.4197436820704716e-06,2.419743682070473e-06,-1.2705494208814505e-21,-6.832878554792085e-17,1.0,False
synapse_count_measurement,3.0%,weight_max,secondary_emergent,0.010733844468784226,0.010733844468784219,6.938893903907228e-18,2.618839398636644e-16,1.0,False
synapse_count_measurement,3.0%,weight_mean,secondary_emergent,2.4197436820414425e-06,2.419743682041441e-06,1.6940658945086007e-21,9.110504739741312e-17,1.0,False
synapse_count_measurement,3.0%,weight_median,secondary_emergent,0.0,0.0,0.0,0.0,,False
synapse_count_measurement,3.0%,weight_min,secondary_emergent,0.0,0.0,0.0,0.0,,False
synapse_count_measurement,3.0%,weight_std,secondary_emergent,0.0006811360911962164,0.0006811360911961999,1.6479873021779667e-17,4.88889178935418e-14,1.0,False
synapse_count_measurement,3.0%,weight_variance,secondary_emergent,0.0013628270314833858,0.00136282703148334,4.575333167888829e-17,6.782518274724499e-14,1.0,False
synapse_count_measurement,3.0%,scc_count,secondary_emergent,0.0,0.0,0.0,0.0,,False
synapse_count_measurement,3.0%,scc_max_size,secondary_emergent,0.0,0.0,0.0,0.0,,False
synapse_count_measurement,3.0%,wcc_count,secondary_emergent,0.0,0.0,0.0,0.0,,False
synapse_count_measurement,3.0%,wcc_max_size,secondary_emergent,0.0,0.0,0.0,0.0,,False
synapse_count_measurement,3.0%,in_degree_max,secondary_emergent,0.0,0.0,0.0,0.0,,False
synapse_count_measurement,3.0%,in_degree_mean,secondary_emergent,0.0,0.0,0.0,0.0,,False
synapse_count_measurement,3.0%,in_degree_median,secondary_emergent,0.0,0.0,0.0,0.0,,False
synapse_count_measurement,3.0%,in_degree_min,secondary_emergent,0.0,0.0,0.0,0.0,,False
synapse_count_measurement,3.0%,in_degree_std,secondary_emergent,0.0,0.0,0.0,0.0,,False
synapse_count_measurement,3.0%,in_degree_variance,secondary_emergent,0.0,0.0,0.0,0.0,,False
synapse_count_measurement,3.0%,out_degree_max,secondary_emergent,0.0,0.0,0.0,0.0,,False
synapse_count_measurement,3.0%,out_degree_mean,secondary_emergent,0.0,0.0,0.0,0.0,,False
synapse_count_measurement,3.0%,out_degree_median,secondary_emergent,0.0,0.0,0.0,0.0,,False
synapse_count_measurement,3.0%,out_degree_min,secondary_emergent,0.0,0.0,0.0,0.0,,False
synapse_count_measurement,3.0%,out_degree_std,secondary_emergent,0.0,0.0,0.0,0.0,,False
synapse_count_measurement,3.0%,out_degree_variance,secondary_emergent,0.0,0.0,0.0,0.0,,False
synapse_count_measurement,3.0%,total_degree_max,secondary_emergent,0.0,0.0,0.0,0.0,,False
synapse_count_measurement,3.0%,total_degree_mean,primary_imposed,0.0,0.0,0.0,0.0,,False
synapse_count_measurement,3.0%,total_degree_median,secondary_emergent,0.0,0.0,0.0,0.0,,False
synapse_count_measurement,3.0%,total_degree_min,secondary_emergent,0.0,0.0,0.0,0.0,,False
synapse_count_measurement,3.0%,total_degree_std,secondary_emergent,0.0,0.0,0.0,0.0,,False
synapse_count_measurement,3.0%,total_degree_variance,secondary_emergent,0.0,0.0,0.0,0.0,,False
synapse_count_measurement,3.0%,reciprocity,secondary_emergent,0.0,0.0,0.0,0.0,,False
synapse_count_measurement,5.0%,density,control_invariant,0.0,0.0,0.0,0.0,,False
synapse_count_measurement,5.0%,edge_count,secondary_emergent,0.0,0.0,0.0,0.0,,False
synapse_count_measurement,5.0%,node_count,secondary_emergent,0.0,0.0,0.0,0.0,,False
synapse_count_measurement,5.0%,total_synapses,secondary_emergent,3.234815238136315e-06,3.234815238136315e-06,0.0,0.0,1.0,False
synapse_count_measurement,5.0%,weight_max,secondary_emergent,0.01796276013143483,0.01796276013143482,1.0408340855860843e-17,2.359682847692248e-16,1.0,False
synapse_count_measurement,5.0%,weight_mean,secondary_emergent,3.2348152381180937e-06,3.2348152381180954e-06,-1.6940658945086007e-21,-3.3321145594094305e-17,1.0,False
synapse_count_measurement,5.0%,weight_median,secondary_emergent,0.0,0.0,0.0,0.0,,False
synapse_count_measurement,5.0%,weight_min,secondary_emergent,0.0,0.0,0.0,0.0,,False
synapse_count_measurement,5.0%,weight_std,secondary_emergent,0.0018764412612648728,0.0018764412612648398,3.2959746043559335e-17,5.986391848826851e-14,1.0,False
synapse_count_measurement,5.0%,weight_variance,secondary_emergent,0.0037566460630899245,0.0037566460630899003,2.42861286636753e-17,2.201783261155414e-14,1.0,False
synapse_count_measurement,5.0%,scc_count,secondary_emergent,0.0,0.0,0.0,0.0,,False
synapse_count_measurement,5.0%,scc_max_size,secondary_emergent,0.0,0.0,0.0,0.0,,False
synapse_count_measurement,5.0%,wcc_count,secondary_emergent,0.0,0.0,0.0,0.0,,False
synapse_count_measurement,5.0%,wcc_max_size,secondary_emergent,0.0,0.0,0.0,0.0,,False
synapse_count_measurement,5.0%,in_degree_max,secondary_emergent,0.0,0.0,0.0,0.0,,False
synapse_count_measurement,5.0%,in_degree_mean,secondary_emergent,0.0,0.0,0.0,0.0,,False
synapse_count_measurement,5.0%,in_degree_median,secondary_emergent,0.0,0.0,0.0,0.0,,False
synapse_count_measurement,5.0%,in_degree_min,secondary_emergent,0.0,0.0,0.0,0.0,,False
synapse_count_measurement,5.0%,in_degree_std,secondary_emergent,0.0,0.0,0.0,0.0,,False
synapse_count_measurement,5.0%,in_degree_variance,secondary_emergent,0.0,0.0,0.0,0.0,,False
synapse_count_measurement,5.0%,out_degree_max,secondary_emergent,0.0,0.0,0.0,0.0,,False
synapse_count_measurement,5.0%,out_degree_mean,secondary_emergent,0.0,0.0,0.0,0.0,,False
synapse_count_measurement,5.0%,out_degree_median,secondary_emergent,0.0,0.0,0.0,0.0,,False
synapse_count_measurement,5.0%,out_degree_min,secondary_emergent,0.0,0.0,0.0,0.0,,False
synapse_count_measurement,5.0%,out_degree_std,secondary_emergent,0.0,0.0,0.0,0.0,,False
synapse_count_measurement,5.0%,out_degree_variance,secondary_emergent,0.0,0.0,0.0,0.0,,False
synapse_count_measurement,5.0%,total_degree_max,secondary_emergent,0.0,0.0,0.0,0.0,,False
synapse_count_measurement,5.0%,total_degree_mean,primary_imposed,0.0,0.0,0.0,0.0,,False
synapse_count_measurement,5.0%,total_degree_median,secondary_emergent,0.0,0.0,0.0,0.0,,False
synapse_count_measurement,5.0%,total_degree_min,secondary_emergent,0.0,0.0,0.0,0.0,,False
synapse_count_measurement,5.0%,total_degree_std,secondary_emergent,0.0,0.0,0.0,0.0,,False
synapse_count_measurement,5.0%,total_degree_variance,secondary_emergent,0.0,0.0,0.0,0.0,,False
synapse_count_measurement,5.0%,reciprocity,secondary_emergent,0.0,0.0,0.0,0.0,,False
synapse_count_measurement,7.5%,density,control_invariant,0.0,0.0,0.0,0.0,,False
synapse_count_measurement,7.5%,edge_count,secondary_emergent,0.0,0.0,0.0,0.0,,False
synapse_count_measurement,7.5%,node_count,secondary_emergent,0.0,0.0,0.0,0.0,,False
synapse_count_measurement,7.5%,total_synapses,secondary_emergent,6.036623712112651e-06,6.036623712109549e-06,3.101834652845248e-18,3.922367459302179e-14,1.0,False
synapse_count_measurement,7.5%,weight_max,secondary_emergent,0.0416210295728368,0.041621029572836775,2.7755575615628914e-17,5.342318261350882e-16,1.0,False
synapse_count_measurement,7.5%,weight_mean,secondary_emergent,6.03662371211466e-06,6.036623712078297e-06,3.6363124425627114e-17,4.598231431674801e-13,1.0,False
synapse_count_measurement,7.5%,weight_median,secondary_emergent,0.0,0.0,0.0,0.0,,False
synapse_count_measurement,7.5%,weight_min,secondary_emergent,0.0,0.0,0.0,0.0,,False
synapse_count_measurement,7.5%,weight_std,secondary_emergent,0.004174158281399666,0.0041741582813996205,4.5102810375396984e-17,5.513621234200708e-14,1.0,False
synapse_count_measurement,7.5%,weight_variance,secondary_emergent,0.008366275492321855,0.008366275492321839,1.5612511283791264e-17,9.505699523385808e-15,1.0,False
synapse_count_measurement,7.5%,scc_count,secondary_emergent,0.0,0.0,0.0,0.0,,False
synapse_count_measurement,7.5%,scc_max_size,secondary_emergent,0.0,0.0,0.0,0.0,,False
synapse_count_measurement,7.5%,wcc_count,secondary_emergent,0.0,0.0,0.0,0.0,,False
synapse_count_measurement,7.5%,wcc_max_size,secondary_emergent,0.0,0.0,0.0,0.0,,False
synapse_count_measurement,7.5%,in_degree_max,secondary_emergent,0.0,0.0,0.0,0.0,,False
synapse_count_measurement,7.5%,in_degree_mean,secondary_emergent,0.0,0.0,0.0,0.0,,False
synapse_count_measurement,7.5%,in_degree_median,secondary_emergent,0.0,0.0,0.0,0.0,,False
synapse_count_measurement,7.5%,in_degree_min,secondary_emergent,0.0,0.0,0.0,0.0,,False
synapse_count_measurement,7.5%,in_degree_std,secondary_emergent,0.0,0.0,0.0,0.0,,False
synapse_count_measurement,7.5%,in_degree_variance,secondary_emergent,0.0,0.0,0.0,0.0,,False
synapse_count_measurement,7.5%,out_degree_max,secondary_emergent,0.0,0.0,0.0,0.0,,False
synapse_count_measurement,7.5%,out_degree_mean,secondary_emergent,0.0,0.0,0.0,0.0,,False
synapse_count_measurement,7.5%,out_degree_median,secondary_emergent,0.0,0.0,0.0,0.0,,False
synapse_count_measurement,7.5%,out_degree_min,secondary_emergent,0.0,0.0,0.0,0.0,,False
synapse_count_measurement,7.5%,out_degree_std,secondary_emergent,0.0,0.0,0.0,0.0,,False
synapse_count_measurement,7.5%,out_degree_variance,secondary_emergent,0.0,0.0,0.0,0.0,,False
synapse_count_measurement,7.5%,total_degree_max,secondary_emergent,0.0,0.0,0.0,0.0,,False
synapse_count_measurement,7.5%,total_degree_mean,primary_imposed,0.0,0.0,0.0,0.0,,False
synapse_count_measurement,7.5%,total_degree_median,secondary_emergent,0.0,0.0,0.0,0.0,,False
synapse_count_measurement,7.5%,total_degree_min,secondary_emergent,0.0,0.0,0.0,0.0,,False
synapse_count_measurement,7.5%,total_degree_std,secondary_emergent,0.0,0.0,0.0,0.0,,False
synapse_count_measurement,7.5%,total_degree_variance,secondary_emergent,0.0,0.0,0.0,0.0,,False
synapse_count_measurement,7.5%,reciprocity,secondary_emergent,0.0,0.0,0.0,0.0,,False
synapse_count_measurement,10.0%,density,control_invariant,0.0,0.0,0.0,0.0,,False
synapse_count_measurement,10.0%,edge_count,secondary_emergent,0.0,0.0,0.0,0.0,,False
synapse_count_measurement,10.0%,node_count,secondary_emergent,0.0,0.0,0.0,0.0,,False
synapse_count_measurement,10.0%,total_synapses,secondary_emergent,-2.8697311036484856e-06,-2.869731103640532e-06,-7.95363937471788e-18,-9.409070770923292e-14,1.0,False
synapse_count_measurement,10.0%,weight_max,secondary_emergent,0.07185104052573932,0.07185104052573929,2.7755575615628914e-17,5.148280884681161e-16,1.0,False
synapse_count_measurement,10.0%,weight_mean,secondary_emergent,-2.8697311036921844e-06,-2.869731103678999e-06,-1.3185338373434066e-17,-1.5598115032547792e-13,1.0,False
synapse_count_measurement,10.0%,weight_median,secondary_emergent,0.0,0.0,0.0,0.0,,False
synapse_count_measurement,10.0%,weight_min,secondary_emergent,0.0,0.0,0.0,0.0,,False
synapse_count_measurement,10.0%,weight_std,secondary_emergent,0.00734321715132108,0.007343217151321061,1.9081958235744878e-17,1.7732745299330095e-14,1.0,False
synapse_count_measurement,10.0%,weight_variance,secondary_emergent,0.014741283509567018,0.01474128350956692,9.71445146547012e-17,4.4826169742026434e-14,1.0,False
synapse_count_measurement,10.0%,scc_count,secondary_emergent,0.0,0.0,0.0,0.0,,False
synapse_count_measurement,10.0%,scc_max_size,secondary_emergent,0.0,0.0,0.0,0.0,,False
synapse_count_measurement,10.0%,wcc_count,secondary_emergent,0.0,0.0,0.0,0.0,,False
synapse_count_measurement,10.0%,wcc_max_size,secondary_emergent,0.0,0.0,0.0,0.0,,False
synapse_count_measurement,10.0%,in_degree_max,secondary_emergent,0.0,0.0,0.0,0.0,,False
synapse_count_measurement,10.0%,in_degree_mean,secondary_emergent,0.0,0.0,0.0,0.0,,False
synapse_count_measurement,10.0%,in_degree_median,secondary_emergent,0.0,0.0,0.0,0.0,,False
synapse_count_measurement,10.0%,in_degree_min,secondary_emergent,0.0,0.0,0.0,0.0,,False
synapse_count_measurement,10.0%,in_degree_std,secondary_emergent,0.0,0.0,0.0,0.0,,False
synapse_count_measurement,10.0%,in_degree_variance,secondary_emergent,0.0,0.0,0.0,0.0,,False
synapse_count_measurement,10.0%,out_degree_max,secondary_emergent,0.0,0.0,0.0,0.0,,False
synapse_count_measurement,10.0%,out_degree_mean,secondary_emergent,0.0,0.0,0.0,0.0,,False
synapse_count_measurement,10.0%,out_degree_median,secondary_emergent,0.0,0.0,0.0,0.0,,False
synapse_count_measurement,10.0%,out_degree_min,secondary_emergent,0.0,0.0,0.0,0.0,,False
synapse_count_measurement,10.0%,out_degree_std,secondary_emergent,0.0,0.0,0.0,0.0,,False
synapse_count_measurement,10.0%,out_degree_variance,secondary_emergent,0.0,0.0,0.0,0.0,,False
synapse_count_measurement,10.0%,total_degree_max,secondary_emergent,0.0,0.0,0.0,0.0,,False
synapse_count_measurement,10.0%,total_degree_mean,primary_imposed,0.0,0.0,0.0,0.0,,False
synapse_count_measurement,10.0%,total_degree_median,secondary_emergent,0.0,0.0,0.0,0.0,,False
synapse_count_measurement,10.0%,total_degree_min,secondary_emergent,0.0,0.0,0.0,0.0,,False
synapse_count_measurement,10.0%,total_degree_std,secondary_emergent,0.0,0.0,0.0,0.0,,False
synapse_count_measurement,10.0%,total_degree_variance,secondary_emergent,0.0,0.0,0.0,0.0,,False
synapse_count_measurement,10.0%,reciprocity,secondary_emergent,0.0,0.0,0.0,0.0,,False
synapse_count_measurement,15.0%,density,control_invariant,0.0,0.0,0.0,0.0,,False
synapse_count_measurement,15.0%,edge_count,secondary_emergent,0.0,0.0,0.0,0.0,,False
synapse_count_measurement,15.0%,node_count,secondary_emergent,0.0,0.0,0.0,0.0,,False
synapse_count_measurement,15.0%,total_synapses,secondary_emergent,2.213428694441306e-05,2.2134286944411373e-05,1.6872896309305663e-18,1.3117380732417281e-14,1.0,False
synapse_count_measurement,15.0%,weight_max,secondary_emergent,0.13997809419496166,0.13997809419496163,2.7755575615628914e-17,4.779844510977518e-16,1.0,False
synapse_count_measurement,15.0%,weight_mean,secondary_emergent,2.2134286944350207e-05,2.213428694431927e-05,3.0937031365516066e-17,2.4051165354957993e-13,1.0,False
synapse_count_measurement,15.0%,weight_median,secondary_emergent,0.0,0.0,0.0,0.0,,False
synapse_count_measurement,15.0%,weight_min,secondary_emergent,0.0,0.0,0.0,0.0,,False
synapse_count_measurement,15.0%,weight_std,secondary_emergent,0.016118407919360207,0.016118407919360138,6.938893903907228e-17,4.30569847058161e-14,1.0,False
synapse_count_measurement,15.0%,weight_variance,secondary_emergent,0.032498696614565295,0.032498696614565205,9.020562075079397e-17,2.7560207685593884e-14,1.0,False
synapse_count_measurement,15.0%,scc_count,secondary_emergent,0.0,0.0,0.0,0.0,,False
synapse_count_measurement,15.0%,scc_max_size,secondary_emergent,0.0,0.0,0.0,0.0,,False
synapse_count_measurement,15.0%,wcc_count,secondary_emergent,0.0,0.0,0.0,0.0,,False
synapse_count_measurement,15.0%,wcc_max_size,secondary_emergent,0.0,0.0,0.0,0.0,,False
synapse_count_measurement,15.0%,in_degree_max,secondary_emergent,0.0,0.0,0.0,0.0,,False
synapse_count_measurement,15.0%,in_degree_mean,secondary_emergent,0.0,0.0,0.0,0.0,,False
synapse_count_measurement,15.0%,in_degree_median,secondary_emergent,0.0,0.0,0.0,0.0,,False
synapse_count_measurement,15.0%,in_degree_min,secondary_emergent,0.0,0.0,0.0,0.0,,False
synapse_count_measurement,15.0%,in_degree_std,secondary_emergent,0.0,0.0,0.0,0.0,,False
synapse_count_measurement,15.0%,in_degree_variance,secondary_emergent,0.0,0.0,0.0,0.0,,False
synapse_count_measurement,15.0%,out_degree_max,secondary_emergent,0.0,0.0,0.0,0.0,,False
synapse_count_measurement,15.0%,out_degree_mean,secondary_emergent,0.0,0.0,0.0,0.0,,False
synapse_count_measurement,15.0%,out_degree_median,secondary_emergent,0.0,0.0,0.0,0.0,,False
synapse_count_measurement,15.0%,out_degree_min,secondary_emergent,0.0,0.0,0.0,0.0,,False
synapse_count_measurement,15.0%,out_degree_std,secondary_emergent,0.0,0.0,0.0,0.0,,False
synapse_count_measurement,15.0%,out_degree_variance,secondary_emergent,0.0,0.0,0.0,0.0,,False
synapse_count_measurement,15.0%,total_degree_max,secondary_emergent,0.0,0.0,0.0,0.0,,False
synapse_count_measurement,15.0%,total_degree_mean,primary_imposed,0.0,0.0,0.0,0.0,,False
synapse_count_measurement,15.0%,total_degree_median,secondary_emergent,0.0,0.0,0.0,0.0,,False
synapse_count_measurement,15.0%,total_degree_min,secondary_emergent,0.0,0.0,0.0,0.0,,False
synapse_count_measurement,15.0%,total_degree_std,secondary_emergent,0.0,0.0,0.0,0.0,,False
synapse_count_measurement,15.0%,total_degree_variance,secondary_emergent,0.0,0.0,0.0,0.0,,False
synapse_count_measurement,15.0%,reciprocity,secondary_emergent,0.0,0.0,0.0,0.0,,False
synapse_count_measurement,20.0%,density,control_invariant,0.0,0.0,0.0,0.0,,False
synapse_count_measurement,20.0%,edge_count,secondary_emergent,0.0,0.0,0.0,0.0,,False
synapse_count_measurement,20.0%,node_count,secondary_emergent,0.0,0.0,0.0,0.0,,False
synapse_count_measurement,20.0%,total_synapses,secondary_emergent,0.00018830700043733682,0.0001883070004373031,3.371868756429919e-17,2.0253427341498837e-13,1.0,False
synapse_count_measurement,20.0%,weight_max,secondary_emergent,0.21467688937568458,0.21467688937568452,5.551115123125783e-17,8.934247757161648e-16,1.0,False
synapse_count_measurement,20.0%,weight_mean,secondary_emergent,0.0001883070004372773,0.00018830700043724765,2.9652929417478546e-17,1.7811293819613038e-13,1.0,False
synapse_count_measurement,20.0%,weight_median,secondary_emergent,0.0,0.0,0.0,0.0,,False
synapse_count_measurement,20.0%,weight_min,secondary_emergent,0.0,0.0,0.0,0.0,,False
synapse_count_measurement,20.0%,weight_std,secondary_emergent,0.028050213076857133,0.028050213076857115,1.734723475976807e-17,8.12586231411706e-15,1.0,False
synapse_count_measurement,20.0%,weight_variance,secondary_emergent,0.05689088656468812,0.05689088656468806,5.551115123125783e-17,1.2657479664326933e-14,1.0,False
synapse_count_measurement,20.0%,scc_count,secondary_emergent,0.0,0.0,0.0,0.0,,False
synapse_count_measurement,20.0%,scc_max_size,secondary_emergent,0.0,0.0,0.0,0.0,,False
synapse_count_measurement,20.0%,wcc_count,secondary_emergent,0.0,0.0,0.0,0.0,,False
synapse_count_measurement,20.0%,wcc_max_size,secondary_emergent,0.0,0.0,0.0,0.0,,False
synapse_count_measurement,20.0%,in_degree_max,secondary_emergent,0.0,0.0,0.0,0.0,,False
synapse_count_measurement,20.0%,in_degree_mean,secondary_emergent,0.0,0.0,0.0,0.0,,False
synapse_count_measurement,20.0%,in_degree_median,secondary_emergent,0.0,0.0,0.0,0.0,,False
synapse_count_measurement,20.0%,in_degree_min,secondary_emergent,0.0,0.0,0.0,0.0,,False
synapse_count_measurement,20.0%,in_degree_std,secondary_emergent,0.0,0.0,0.0,0.0,,False
synapse_count_measurement,20.0%,in_degree_variance,secondary_emergent,0.0,0.0,0.0,0.0,,False
synapse_count_measurement,20.0%,out_degree_max,secondary_emergent,0.0,0.0,0.0,0.0,,False
synapse_count_measurement,20.0%,out_degree_mean,secondary_emergent,0.0,0.0,0.0,0.0,,False
synapse_count_measurement,20.0%,out_degree_median,secondary_emergent,0.0,0.0,0.0,0.0,,False
synapse_count_measurement,20.0%,out_degree_min,secondary_emergent,0.0,0.0,0.0,0.0,,False
synapse_count_measurement,20.0%,out_degree_std,secondary_emergent,0.0,0.0,0.0,0.0,,False
synapse_count_measurement,20.0%,out_degree_variance,secondary_emergent,0.0,0.0,0.0,0.0,,False
synapse_count_measurement,20.0%,total_degree_max,secondary_emergent,0.0,0.0,0.0,0.0,,False
synapse_count_measurement,20.0%,total_degree_mean,primary_imposed,0.0,0.0,0.0,0.0,,False
synapse_count_measurement,20.0%,total_degree_median,secondary_emergent,0.0,0.0,0.0,0.0,,False
synapse_count_measurement,20.0%,total_degree_min,secondary_emergent,0.0,0.0,0.0,0.0,,False
synapse_count_measurement,20.0%,total_degree_std,secondary_emergent,0.0,0.0,0.0,0.0,,False
synapse_count_measurement,20.0%,total_degree_variance,secondary_emergent,0.0,0.0,0.0,0.0,,False
synapse_count_measurement,20.0%,reciprocity,secondary_emergent,0.0,0.0,0.0,0.0,,False
