dataset,error_model,error_rate,error_rate_percent,analysis_name,metric_name,category,real_n,null_n,real_baseline_mean,null_baseline_mean,real_perturbed_mean,null_perturbed_mean,real_mean_relative_change,real_std_relative_change,null_mean_relative_change,null_std_relative_change,effect_difference,cohens_d,test_name,p_value_raw,p_value_adjusted,is_significant,interpretation
BANC,false_synapses,0.005,0.5%,basic_structure,edge_count,secondary_emergent,5,5,3990039.0,3990039.0,4009989.0,4009989.0,0.0049999511282972425,0.0,0.0049999511282972,0.0,4.2500725161431774e-17,0.0,welch_t_test,0.0,0.0,True,"At 0.5% error rate, the secondary change in edge count was significantly greater in Real (+0.50%) than Null (+0.50%) (difference = +0.00%, d = 0.00, p_adj = 0.0000). Suggests connectome biological organization significantly shapes this secondary effect."
BANC,false_synapses,0.005,0.5%,connected_components,scc_count,secondary_emergent,5,5,18345.0,16976.0,18341.0,16962.8,-0.00021804306350504225,5.451076587626057e-05,-0.00077756833176244,4.9284874324589926e-05,0.0005595252682573977,10.76764764829336,welch_t_test,1.606423440027866e-07,5.777942373003453e-07,True,"At 0.5% error rate, the secondary change in scc count was significantly greater in Real (-0.02%) than Null (-0.08%) (difference = +0.06%, d = 10.77, p_adj = 0.0000). Suggests connectome biological organization significantly shapes this secondary effect."
BANC,false_synapses,0.005,0.5%,connected_components,scc_max_size,secondary_emergent,5,5,139405.0,141287.0,139408.0,141300.2,2.1520031562712958e-05,7.1733438542376525e-06,9.342685455845194e-05,5.921705652565872e-06,-7.190682299573898e-05,-10.932466622733758,welch_t_test,1.8846213412531153e-07,6.670961255546742e-07,True,"At 0.5% error rate, the secondary change in scc max size was significantly less in Real (+0.00%) than Null (+0.01%) (difference = -0.01%, d = -10.93, p_adj = 0.0000). Suggests connectome biological organization significantly shapes this secondary effect."
BANC,false_synapses,0.005,0.5%,degree_distribution,in_degree_mean,secondary_emergent,5,5,25.21160480721841,25.21160480721841,25.337661599120445,25.337661599120445,0.0049999511282971636,0.0,0.0049999511282971,0.0,6.331740687315346e-17,0.0,welch_t_test,0.0,0.0,True,"At 0.5% error rate, the secondary change in in degree mean was significantly greater in Real (+0.50%) than Null (+0.50%) (difference = +0.00%, d = 0.00, p_adj = 0.0000). Suggests connectome biological organization significantly shapes this secondary effect."
BANC,false_synapses,0.005,0.5%,degree_distribution,out_degree_mean,secondary_emergent,5,5,25.21160480721841,25.21160480721841,25.337661599120445,25.337661599120445,0.0049999511282971636,0.0,0.0049999511282971,0.0,6.331740687315346e-17,0.0,welch_t_test,0.0,0.0,True,"At 0.5% error rate, the secondary change in out degree mean was significantly greater in Real (+0.50%) than Null (+0.50%) (difference = +0.00%, d = 0.00, p_adj = 0.0000). Suggests connectome biological organization significantly shapes this secondary effect."
BANC,false_synapses,0.005,0.5%,reciprocity,reciprocity,secondary_emergent,5,5,0.1299390807959521,0.0039814147180015,0.12929511776715594,0.003964100649652599,-0.0049558841331762285,3.838371660747249e-06,-0.00434872264639106,0.00012527066901785004,-0.0006071614867851688,-6.851190512336049,welch_t_test,0.0004079393626673555,0.0008171001006720385,True,"At 0.5% error rate, the secondary change in reciprocity was significantly less in Real (-0.50%) than Null (-0.43%) (difference = -0.06%, d = -6.85, p_adj = 0.0008). Suggests connectome biological organization significantly shapes this secondary effect."
BANC,false_synapses,0.01,1.0%,basic_structure,edge_count,secondary_emergent,5,5,3990039.0,3990039.0,4029939.0,4029939.0,0.009999902256594485,0.0,0.0099999022565944,0.0,8.500145032286355e-17,0.0,welch_t_test,0.0,0.0,True,"At 1.0% error rate, the secondary change in edge count was significantly greater in Real (+1.00%) than Null (+1.00%) (difference = +0.00%, d = 0.00, p_adj = 0.0000). Suggests connectome biological organization significantly shapes this secondary effect."
BANC,false_synapses,0.01,1.0%,connected_components,scc_count,secondary_emergent,5,5,18345.0,16976.0,18341.6,16961.0,-0.0001853366039792859,8.266966959990789e-05,-0.0008836003770028,7.214566867293989e-05,0.0006982637730235141,8.999831933873622,welch_t_test,6.900907582639668e-07,2.198431987040923e-06,True,"At 1.0% error rate, the secondary change in scc count was significantly greater in Real (-0.02%) than Null (-0.09%) (difference = +0.07%, d = 9.00, p_adj = 0.0000). Suggests connectome biological organization significantly shapes this secondary effect."
BANC,false_synapses,0.01,1.0%,connected_components,scc_max_size,secondary_emergent,5,5,139405.0,141287.0,139407.2,141302.0,1.5781356479322837e-05,6.001650059424522e-06,0.00010616688018001022,8.668489467452467e-06,-9.038552370068737e-05,-12.123686518577856,welch_t_test,2.1772585881621618e-07,7.586385393127533e-07,True,"At 1.0% error rate, the secondary change in scc max size was significantly less in Real (+0.00%) than Null (+0.01%) (difference = -0.01%, d = -12.12, p_adj = 0.0000). Suggests connectome biological organization significantly shapes this secondary effect."
BANC,false_synapses,0.01,1.0%,degree_distribution,in_degree_mean,secondary_emergent,5,5,25.21160480721841,25.21160480721841,25.46371839102248,25.46371839102248,0.009999902256594327,0.0,0.0099999022565944,0.0,-7.28583859910259e-17,0.0,welch_t_test,0.0,0.0,True,"At 1.0% error rate, the secondary change in in degree mean was significantly less in Real (+1.00%) than Null (+1.00%) (difference = -0.00%, d = 0.00, p_adj = 0.0000). Suggests connectome biological organization significantly shapes this secondary effect."
BANC,false_synapses,0.01,1.0%,degree_distribution,out_degree_mean,secondary_emergent,5,5,25.21160480721841,25.21160480721841,25.46371839102248,25.46371839102248,0.009999902256594327,0.0,0.0099999022565944,0.0,-7.28583859910259e-17,0.0,welch_t_test,0.0,0.0,True,"At 1.0% error rate, the secondary change in out degree mean was significantly less in Real (+1.00%) than Null (+1.00%) (difference = -0.00%, d = 0.00, p_adj = 0.0000). Suggests connectome biological organization significantly shapes this secondary effect."
BANC,false_synapses,0.01,1.0%,reciprocity,reciprocity,secondary_emergent,5,5,0.1299390807959521,0.0039814147180015,0.12888711218705787,0.0041691946205637005,-0.008095860017250428,4.3092921168826886e-05,0.0471641152360259,0.00133498324383525,-0.055259975253276326,-58.50914119810615,welch_t_test,7.953730232197223e-08,3.058072140999967e-07,True,"At 1.0% error rate, the secondary change in reciprocity was significantly less in Real (-0.81%) than Null (+4.72%) (difference = -5.53%, d = -58.51, p_adj = 0.0000). Suggests connectome biological organization significantly shapes this secondary effect."
BANC,false_synapses,0.02,2.0%,basic_structure,edge_count,secondary_emergent,5,5,3990039.0,3990039.0,4069840.0,4069840.0,0.020000055137305676,0.0,0.0200000551373056,0.0,7.632783294297951e-17,0.0,welch_t_test,0.0,0.0,True,"At 2.0% error rate, the secondary change in edge count was significantly greater in Real (+2.00%) than Null (+2.00%) (difference = +0.00%, d = 0.00, p_adj = 0.0000). Suggests connectome biological organization significantly shapes this secondary effect."
BANC,false_synapses,0.02,2.0%,connected_components,scc_count,secondary_emergent,5,5,18345.0,16976.0,18336.0,16959.8,-0.0004905968928863451,3.854493219877611e-05,-0.00095428840716302,9.679357166089505e-05,0.00046369151427667486,6.294120994049774,welch_t_test,0.00013424491145633995,0.0002915904083256215,True,"At 2.0% error rate, the secondary change in scc count was significantly greater in Real (-0.05%) than Null (-0.10%) (difference = +0.05%, d = 6.29, p_adj = 0.0003). Suggests connectome biological organization significantly shapes this secondary effect."
BANC,false_synapses,0.02,2.0%,connected_components,scc_max_size,secondary_emergent,5,5,139405.0,141287.0,139412.4,141303.2,5.3082744521358624e-05,8.178870378387705e-06,0.00011466023059441101,1.1629999026888393e-05,-6.157748607305238e-05,-6.12490310237919,welch_t_test,2.2395521694211138e-05,5.468103654535493e-05,True,"At 2.0% error rate, the secondary change in scc max size was significantly less in Real (+0.01%) than Null (+0.01%) (difference = -0.01%, d = -6.12, p_adj = 0.0001). Suggests connectome biological organization significantly shapes this secondary effect."
BANC,false_synapses,0.02,2.0%,degree_distribution,in_degree_mean,secondary_emergent,5,5,25.21160480721841,25.21160480721841,25.715838293462742,25.715838293462742,0.02000005513730562,0.0,0.0200000551373056,0.0,2.0816681711721685e-17,0.0,welch_t_test,0.0,0.0,True,"At 2.0% error rate, the secondary change in in degree mean was significantly greater in Real (+2.00%) than Null (+2.00%) (difference = +0.00%, d = 0.00, p_adj = 0.0000). Suggests connectome biological organization significantly shapes this secondary effect."
BANC,false_synapses,0.02,2.0%,degree_distribution,out_degree_mean,secondary_emergent,5,5,25.21160480721841,25.21160480721841,25.715838293462742,25.715838293462742,0.02000005513730562,0.0,0.0200000551373056,0.0,2.0816681711721685e-17,0.0,welch_t_test,0.0,0.0,True,"At 2.0% error rate, the secondary change in out degree mean was significantly greater in Real (+2.00%) than Null (+2.00%) (difference = +0.00%, d = 0.00, p_adj = 0.0000). Suggests connectome biological organization significantly shapes this secondary effect."
BANC,false_synapses,0.02,2.0%,degree_distribution,total_degree_median,secondary_emergent,5,5,21.0,21.0,22.0,22.0,0.047619047619047616,0.0,0.0476190476190476,0.0,1.3877787807814457e-17,0.0,welch_t_test,0.0,0.0,True,"At 2.0% error rate, the secondary change in total degree median was significantly greater in Real (+4.76%) than Null (+4.76%) (difference = +0.00%, d = 0.00, p_adj = 0.0000). Suggests connectome biological organization significantly shapes this secondary effect."
BANC,false_synapses,0.02,2.0%,reciprocity,reciprocity,secondary_emergent,5,5,0.1299390807959521,0.0039814147180015,0.129412360191064,0.00575157745759044,-0.004053596513548087,0.00023980802068827246,0.4446064690486481,0.008262333373593563,-0.4486600655621962,-76.76210043290342,welch_t_test,2.6953390894257597e-08,1.1412543359657173e-07,True,"At 2.0% error rate, the secondary change in reciprocity was significantly less in Real (-0.41%) than Null (+44.46%) (difference = -44.87%, d = -76.76, p_adj = 0.0000). Suggests connectome biological organization significantly shapes this secondary effect."
BANC,false_synapses,0.05,5.0%,basic_structure,edge_count,secondary_emergent,5,5,3990039.0,3990039.0,4189541.0,4189541.0,0.050000012531205826,7.757919228897728e-18,0.0500000125312058,0.0,2.7755575615628914e-17,0.0,welch_t_test,0.0013238969092171672,0.002480916056768305,True,"At 5.0% error rate, the secondary change in edge count was significantly greater in Real (+5.00%) than Null (+5.00%) (difference = +0.00%, d = 0.00, p_adj = 0.0025). Suggests connectome biological organization significantly shapes this secondary effect."
BANC,false_synapses,0.05,5.0%,connected_components,scc_count,secondary_emergent,5,5,18345.0,16976.0,18300.0,16955.4,-0.0024529844644317253,0.0002779514589039403,-0.00121347785108382,8.93364213484099e-05,-0.0012395066133479053,-6.0040900322200494,welch_t_test,0.00026764513241557433,0.0005560701664162087,True,"At 5.0% error rate, the secondary change in scc count was significantly less in Real (-0.25%) than Null (-0.12%) (difference = -0.12%, d = -6.00, p_adj = 0.0006). Suggests connectome biological organization significantly shapes this secondary effect."
BANC,false_synapses,0.05,5.0%,connected_components,scc_max_size,secondary_emergent,5,5,139405.0,141287.0,139453.2,141307.6,0.0003457551737742549,4.632225326484113e-05,0.0001458025154472,1.0734003049179794e-05,0.0001999526583270549,5.9469567935005685,welch_t_test,0.00043223607188442817,0.000863181886837858,True,"At 5.0% error rate, the secondary change in scc max size was significantly greater in Real (+0.03%) than Null (+0.01%) (difference = +0.02%, d = 5.95, p_adj = 0.0009). Suggests connectome biological organization significantly shapes this secondary effect."
BANC,false_synapses,0.05,5.0%,degree_distribution,in_degree_mean,secondary_emergent,5,5,25.21160480721841,25.21160480721841,26.47218536351114,26.47218536351114,0.050000012531205854,7.757919228897728e-18,0.0500000125312058,0.0,5.551115123125783e-17,0.0,welch_t_test,8.921654238106086e-05,0.00019895288950976572,True,"At 5.0% error rate, the secondary change in in degree mean was significantly greater in Real (+5.00%) than Null (+5.00%) (difference = +0.00%, d = 0.00, p_adj = 0.0002). Suggests connectome biological organization significantly shapes this secondary effect."
BANC,false_synapses,0.05,5.0%,degree_distribution,out_degree_mean,secondary_emergent,5,5,25.21160480721841,25.21160480721841,26.47218536351114,26.47218536351114,0.050000012531205854,7.757919228897728e-18,0.0500000125312058,0.0,5.551115123125783e-17,0.0,welch_t_test,8.921654238106086e-05,0.00019895288950976572,True,"At 5.0% error rate, the secondary change in out degree mean was significantly greater in Real (+5.00%) than Null (+5.00%) (difference = +0.00%, d = 0.00, p_adj = 0.0002). Suggests connectome biological organization significantly shapes this secondary effect."
BANC,false_synapses,0.05,5.0%,degree_distribution,out_degree_median,secondary_emergent,5,5,11.0,11.0,12.0,12.0,0.09090909090909091,0.0,0.0909090909090909,0.0,1.3877787807814457e-17,0.0,welch_t_test,0.0,0.0,True,"At 5.0% error rate, the secondary change in out degree median was significantly greater in Real (+9.09%) than Null (+9.09%) (difference = +0.00%, d = 0.00, p_adj = 0.0000). Suggests connectome biological organization significantly shapes this secondary effect."
BANC,false_synapses,0.05,5.0%,degree_distribution,total_degree_median,secondary_emergent,5,5,21.0,21.0,22.0,22.0,0.047619047619047616,0.0,0.0476190476190476,0.0,1.3877787807814457e-17,0.0,welch_t_test,0.0,0.0,True,"At 5.0% error rate, the secondary change in total degree median was significantly greater in Real (+4.76%) than Null (+4.76%) (difference = +0.00%, d = 0.00, p_adj = 0.0000). Suggests connectome biological organization significantly shapes this secondary effect."
BANC,false_synapses,0.05,5.0%,reciprocity,reciprocity,secondary_emergent,5,5,0.1299390807959521,0.0039814147180015,0.1311785706357808,0.010241885686283961,0.009539007296620477,0.00011986616023387239,1.5724237266659304,0.004599141279031488,-1.56288471936931,-480.4163082353074,welch_t_test,1.7486359275290342e-11,1.2578897156095956e-10,True,"At 5.0% error rate, the secondary change in reciprocity was significantly less in Real (+0.95%) than Null (+157.24%) (difference = -156.29%, d = -480.42, p_adj = 0.0000). Suggests connectome biological organization significantly shapes this secondary effect."
BANC,false_synapses,0.1,10.0%,basic_structure,edge_count,secondary_emergent,5,5,3990039.0,3990039.0,4389043.0,4389043.0,0.10000002506241165,1.5515838457795457e-17,0.1000000250624116,0.0,5.551115123125783e-17,0.0,welch_t_test,0.0013238969092171672,0.002480916056768305,True,"At 10.0% error rate, the secondary change in edge count was significantly greater in Real (+10.00%) than Null (+10.00%) (difference = +0.00%, d = 0.00, p_adj = 0.0025). Suggests connectome biological organization significantly shapes this secondary effect."
BANC,false_synapses,0.1,10.0%,connected_components,scc_count,secondary_emergent,5,5,18345.0,16976.0,18206.8,16946.6,-0.00753338784409921,0.0003117138938238387,-0.0017318567389254802,8.933642134840991e-05,-0.0058015311051737295,-25.302306586716494,welch_t_test,4.3804022883840327e-07,1.4579547915069243e-06,True,"At 10.0% error rate, the secondary change in scc count was significantly less in Real (-0.75%) than Null (-0.17%) (difference = -0.58%, d = -25.30, p_adj = 0.0000). Suggests connectome biological organization significantly shapes this secondary effect."
BANC,false_synapses,0.1,10.0%,connected_components,scc_max_size,secondary_emergent,5,5,139405.0,141287.0,139579.8,141316.4,0.0012539005057207418,6.363690001425161e-05,0.0002080870851529,1.0734003049179803e-05,0.0010458134205678419,22.917554981945322,welch_t_test,1.9641222407551487e-06,5.763148153794712e-06,True,"At 10.0% error rate, the secondary change in scc max size was significantly greater in Real (+0.13%) than Null (+0.02%) (difference = +0.10%, d = 22.92, p_adj = 0.0000). Suggests connectome biological organization significantly shapes this secondary effect."
BANC,false_synapses,0.1,10.0%,degree_distribution,out_degree_median,secondary_emergent,5,5,11.0,11.0,12.0,12.0,0.09090909090909091,0.0,0.0909090909090909,0.0,1.3877787807814457e-17,0.0,welch_t_test,0.0,0.0,True,"At 10.0% error rate, the secondary change in out degree median was significantly greater in Real (+9.09%) than Null (+9.09%) (difference = +0.00%, d = 0.00, p_adj = 0.0000). Suggests connectome biological organization significantly shapes this secondary effect."
BANC,false_synapses,0.1,10.0%,degree_distribution,total_degree_median,secondary_emergent,5,5,21.0,21.0,23.0,23.0,0.09523809523809523,0.0,0.0952380952380952,0.0,2.7755575615628914e-17,0.0,welch_t_test,0.0,0.0,True,"At 10.0% error rate, the secondary change in total degree median was significantly greater in Real (+9.52%) than Null (+9.52%) (difference = +0.00%, d = 0.00, p_adj = 0.0000). Suggests connectome biological organization significantly shapes this secondary effect."
BANC,false_synapses,0.1,10.0%,reciprocity,reciprocity,secondary_emergent,5,5,0.1299390807959521,0.0039814147180015,0.1340227470999942,0.01686836971066352,0.03142754496204907,0.0003535289004759621,3.23677785546811,0.011297155162294079,-3.205350310506061,-401.0595462428334,welch_t_test,3.5576508649817465e-11,2.4286412537477434e-10,True,"At 10.0% error rate, the secondary change in reciprocity was significantly less in Real (+3.14%) than Null (+323.68%) (difference = -320.54%, d = -401.06, p_adj = 0.0000). Suggests connectome biological organization significantly shapes this secondary effect."
BANC,false_synapses,0.15,15.0%,basic_structure,edge_count,secondary_emergent,5,5,3990039.0,3990039.0,4588545.0,4588545.0,0.15000003759361752,0.0,0.1500000375936175,0.0,2.7755575615628914e-17,0.0,welch_t_test,0.0,0.0,True,"At 15.0% error rate, the secondary change in edge count was significantly greater in Real (+15.00%) than Null (+15.00%) (difference = +0.00%, d = 0.00, p_adj = 0.0000). Suggests connectome biological organization significantly shapes this secondary effect."
BANC,false_synapses,0.15,15.0%,connected_components,scc_count,secondary_emergent,5,5,18345.0,16976.0,18092.8,16940.8,-0.013747615153992915,0.00022933424876492412,-0.0020735155513665797,0.00016345943597443664,-0.011674099602626335,-58.6226838612409,welch_t_test,2.186476907244107e-12,1.8284413136828845e-11,True,"At 15.0% error rate, the secondary change in scc count was significantly less in Real (-1.37%) than Null (-0.21%) (difference = -1.17%, d = -58.62, p_adj = 0.0000). Suggests connectome biological organization significantly shapes this secondary effect."
BANC,false_synapses,0.15,15.0%,connected_components,scc_max_size,secondary_emergent,5,5,139405.0,141287.0,139744.2,141322.2,0.0024331982353574116,6.052874175167039e-05,0.0002491382788225,1.9640075768476774e-05,0.0021840599565349115,48.5378947512928,welch_t_test,1.2014059977428435e-08,5.4306798141213667e-08,True,"At 15.0% error rate, the secondary change in scc max size was significantly greater in Real (+0.24%) than Null (+0.02%) (difference = +0.22%, d = 48.54, p_adj = 0.0000). Suggests connectome biological organization significantly shapes this secondary effect."
BANC,false_synapses,0.15,15.0%,degree_distribution,in_degree_mean,secondary_emergent,5,5,25.21160480721841,25.21160480721841,28.993346476096598,28.993346476096598,0.15000003759361755,0.0,0.1500000375936174,0.0,1.3877787807814457e-16,0.0,welch_t_test,0.0,0.0,True,"At 15.0% error rate, the secondary change in in degree mean was significantly greater in Real (+15.00%) than Null (+15.00%) (difference = +0.00%, d = 0.00, p_adj = 0.0000). Suggests connectome biological organization significantly shapes this secondary effect."
BANC,false_synapses,0.15,15.0%,degree_distribution,out_degree_mean,secondary_emergent,5,5,25.21160480721841,25.21160480721841,28.993346476096598,28.993346476096598,0.15000003759361755,0.0,0.1500000375936174,0.0,1.3877787807814457e-16,0.0,welch_t_test,0.0,0.0,True,"At 15.0% error rate, the secondary change in out degree mean was significantly greater in Real (+15.00%) than Null (+15.00%) (difference = +0.00%, d = 0.00, p_adj = 0.0000). Suggests connectome biological organization significantly shapes this secondary effect."
BANC,false_synapses,0.15,15.0%,degree_distribution,out_degree_median,secondary_emergent,5,5,11.0,11.0,12.0,12.0,0.09090909090909091,0.0,0.0909090909090909,0.0,1.3877787807814457e-17,0.0,welch_t_test,0.0,0.0,True,"At 15.0% error rate, the secondary change in out degree median was significantly greater in Real (+9.09%) than Null (+9.09%) (difference = +0.00%, d = 0.00, p_adj = 0.0000). Suggests connectome biological organization significantly shapes this secondary effect."
BANC,false_synapses,0.15,15.0%,degree_distribution,total_degree_median,secondary_emergent,5,5,21.0,21.0,24.0,24.0,0.14285714285714285,0.0,0.1428571428571428,0.0,5.551115123125783e-17,0.0,welch_t_test,0.0,0.0,True,"At 15.0% error rate, the secondary change in total degree median was significantly greater in Real (+14.29%) than Null (+14.29%) (difference = +0.00%, d = 0.00, p_adj = 0.0000). Suggests connectome biological organization significantly shapes this secondary effect."
BANC,false_synapses,0.15,15.0%,reciprocity,reciprocity,secondary_emergent,5,5,0.1299390807959521,0.0039814147180015,0.13661228123511915,0.02282309533850052,0.05135637714450357,0.0004388656326621785,4.732408441479,0.014969891223312737,-4.681052064334497,-442.03155736521995,welch_t_test,2.4217609899373832e-11,1.7054295813348521e-10,True,"At 15.0% error rate, the secondary change in reciprocity was significantly less in Real (+5.14%) than Null (+473.24%) (difference = -468.11%, d = -442.03, p_adj = 0.0000). Suggests connectome biological organization significantly shapes this secondary effect."
BANC,false_synapses,0.2,20.0%,connected_components,scc_count,secondary_emergent,5,5,18345.0,16976.0,17946.2,16935.6,-0.021738893431452713,0.00041941420685028745,-0.00237983034872758,0.00023041478811977305,-0.01935906308272513,-57.21136391426262,welch_t_test,6.252629417827788e-11,3.9838181719302764e-10,True,"At 20.0% error rate, the secondary change in scc count was significantly less in Real (-2.17%) than Null (-0.24%) (difference = -1.94%, d = -57.21, p_adj = 0.0000). Suggests connectome biological organization significantly shapes this secondary effect."
BANC,false_synapses,0.2,20.0%,connected_components,scc_max_size,secondary_emergent,5,5,139405.0,141287.0,139956.8,141327.4,0.0039582511387683365,6.793879985682908e-05,0.00028594279728490007,2.7684935224892695e-05,0.0036723083414834366,70.79079612559076,welch_t_test,3.888593298188553e-10,2.2426456176621914e-09,True,"At 20.0% error rate, the secondary change in scc max size was significantly greater in Real (+0.40%) than Null (+0.03%) (difference = +0.37%, d = 70.79, p_adj = 0.0000). Suggests connectome biological organization significantly shapes this secondary effect."
BANC,false_synapses,0.2,20.0%,degree_distribution,out_degree_median,secondary_emergent,5,5,11.0,11.0,12.0,12.0,0.09090909090909091,0.0,0.0909090909090909,0.0,1.3877787807814457e-17,0.0,welch_t_test,0.0,0.0,True,"At 20.0% error rate, the secondary change in out degree median was significantly greater in Real (+9.09%) than Null (+9.09%) (difference = +0.00%, d = 0.00, p_adj = 0.0000). Suggests connectome biological organization significantly shapes this secondary effect."
BANC,false_synapses,0.2,20.0%,degree_distribution,total_degree_median,secondary_emergent,5,5,21.0,21.0,25.0,25.0,0.19047619047619047,0.0,0.1904761904761904,0.0,5.551115123125783e-17,0.0,welch_t_test,0.0,0.0,True,"At 20.0% error rate, the secondary change in total degree median was significantly greater in Real (+19.05%) than Null (+19.05%) (difference = +0.00%, d = 0.00, p_adj = 0.0000). Suggests connectome biological organization significantly shapes this secondary effect."
BANC,false_synapses,0.2,20.0%,reciprocity,reciprocity,secondary_emergent,5,5,0.1299390807959521,0.0039814147180015,0.1391455848282191,0.028177083474744465,0.07085246390748512,0.0009282964814699221,6.077153592501958,0.029581574669812927,-6.0063011285944725,-287.0034243373875,welch_t_test,1.3598355659697047e-10,8.423425866979004e-10,True,"At 20.0% error rate, the secondary change in reciprocity was significantly less in Real (+7.09%) than Null (+607.72%) (difference = -600.63%, d = -287.00, p_adj = 0.0000). Suggests connectome biological organization significantly shapes this secondary effect."
BANC,merge_errors,0.005,0.5%,basic_structure,edge_count,secondary_emergent,5,5,3990039.0,3990039.0,3980860.0,3989627.0,-0.002300478767250145,0.0002950756541149273,-0.00010325713608311447,3.0772212431623415e-05,-0.00219722163116703,-10.473857042366856,welch_t_test,6.698691583105742e-05,0.0001513994820641129,True,"At 0.5% error rate, the secondary change in edge count was significantly less in Real (-0.23%) than Null (-0.01%) (difference = -0.22%, d = -10.47, p_adj = 0.0002). Suggests connectome biological organization significantly shapes this secondary effect."
BANC,merge_errors,0.005,0.5%,basic_structure,node_count,secondary_emergent,5,5,158262.0,158262.0,157968.0,158128.0,-0.0018576790385563182,2.42434975903054e-19,-0.0008466972488658001,1.21217487951527e-19,-0.001010981789690518,0.0,welch_t_test,1.2828918282385708e-92,1.7165092661832076e-91,True,"At 0.5% error rate, the secondary change in node count was significantly less in Real (-0.19%) than Null (-0.08%) (difference = -0.10%, d = 0.00, p_adj = 0.0000). Suggests connectome biological organization significantly shapes this secondary effect."
BANC,merge_errors,0.005,0.5%,basic_structure,total_synapses,secondary_emergent,5,5,23556214.0,23556214.0,23555557.0,23556206.8,-2.7890729809128074e-05,1.5526888116143456e-05,-3.0565183352469124e-07,2.589202268577948e-07,-2.7585077975603382e-05,-2.512143334732389,welch_t_test,0.01649251209337044,0.027932887570797024,True,"At 0.5% error rate, the secondary change in total synapses was significantly less in Real (-0.00%) than Null (-0.00%) (difference = -0.00%, d = -2.51, p_adj = 0.0279). Suggests connectome biological organization significantly shapes this secondary effect."
BANC,merge_errors,0.005,0.5%,basic_structure,weight_mean,secondary_emergent,5,5,5.903755326702321,5.903755326702321,5.917203473645283,5.904363194324669,0.0022778970669969237,0.0002917145471215329,0.00010296287510421452,3.084066548043445e-05,0.002174934191892709,10.48550633380784,welch_t_test,6.641010305871065e-05,0.0001506046065975506,True,"At 0.5% error rate, the secondary change in weight mean was significantly greater in Real (+0.23%) than Null (+0.01%) (difference = +0.22%, d = 10.49, p_adj = 0.0002). Suggests connectome biological organization significantly shapes this secondary effect."
BANC,merge_errors,0.005,0.5%,basic_structure,weight_std,secondary_emergent,5,5,9.45819684392764,9.45819684392764,9.489696621293305,9.459148066617814,0.003330420997305512,0.0007478861572883259,0.00010057125114551339,3.54836922526935e-05,0.0032298497461599987,6.100614190241561,welch_t_test,0.0006320463946033151,0.0012363714561099935,True,"At 0.5% error rate, the secondary change in weight std was significantly greater in Real (+0.33%) than Null (+0.01%) (difference = +0.32%, d = 6.10, p_adj = 0.0012). Suggests connectome biological organization significantly shapes this secondary effect."
BANC,merge_errors,0.005,0.5%,basic_structure,weight_variance,secondary_emergent,5,5,89.45748753848277,89.45748753848277,90.05438199345586,89.47548223630773,0.006672381165593755,0.0015006052413083315,0.0002011536241415,7.097600833784195e-05,0.006471227541452255,6.0918607379830965,welch_t_test,0.0006356626436924413,0.0012398201417791349,True,"At 0.5% error rate, the secondary change in weight variance was significantly greater in Real (+0.67%) than Null (+0.02%) (difference = +0.65%, d = 6.09, p_adj = 0.0012). Suggests connectome biological organization significantly shapes this secondary effect."
BANC,merge_errors,0.005,0.5%,connected_components,scc_count,secondary_emergent,5,5,18345.0,16976.0,18342.2,16976.0,-0.00015263014445352955,7.107334320199127e-05,0.0,0.0,-0.00015263014445352955,-3.037026409461186,welch_t_test,0.008635792607551538,0.014990409274913382,True,"At 0.5% error rate, the secondary change in scc count was significantly less in Real (-0.02%) than Null (+0.00%) (difference = -0.02%, d = -3.04, p_adj = 0.0150). Suggests connectome biological organization significantly shapes this secondary effect."
BANC,merge_errors,0.005,0.5%,connected_components,scc_max_size,secondary_emergent,5,5,139405.0,141287.0,139114.0,141153.0,-0.002087443061583157,1.1342052509480998e-05,-0.0009484241296085002,1.21217487951527e-19,-0.0011390189319746568,-142.02156268027954,welch_t_test,2.359373352026316e-09,1.2627366180044842e-08,True,"At 0.5% error rate, the secondary change in scc max size was significantly less in Real (-0.21%) than Null (-0.09%) (difference = -0.11%, d = -142.02, p_adj = 0.0000). Suggests connectome biological organization significantly shapes this secondary effect."
BANC,merge_errors,0.005,0.5%,connected_components,wcc_max_size,secondary_emergent,5,5,153952.0,153958.0,153658.0,153824.0,-0.0019096861359384743,0.0,-0.0008703672430143,0.0,-0.0010393188929241743,0.0,welch_t_test,0.0,0.0,True,"At 0.5% error rate, the secondary change in wcc max size was significantly less in Real (-0.19%) than Null (-0.09%) (difference = -0.10%, d = 0.00, p_adj = 0.0000). Suggests connectome biological organization significantly shapes this secondary effect."
BANC,merge_errors,0.005,0.5%,degree_distribution,in_degree_mean,secondary_emergent,5,5,25.21160480721841,25.21160480721841,25.200420338296365,25.23036400890418,-0.000443623839401343,0.0002956248301651035,0.00074407011490188,3.0798289258474966e-05,-0.001187693954303223,-5.651119838430285,welch_t_test,0.0007855730278497405,0.0015015667303756469,True,"At 0.5% error rate, the secondary change in in degree mean was significantly less in Real (-0.04%) than Null (+0.07%) (difference = -0.12%, d = -5.65, p_adj = 0.0015). Suggests connectome biological organization significantly shapes this secondary effect."
BANC,merge_errors,0.005,0.5%,degree_distribution,in_degree_std,secondary_emergent,5,5,61.05158966286431,61.05158966286431,60.946306719978736,61.400098732360696,-0.0017244914254805413,0.0004891477351900742,0.00570843562667094,0.0036173316734408683,-0.007432927052151482,-2.879730115300402,welch_t_test,0.009552894240713289,0.01642901348852748,True,"At 0.5% error rate, the secondary change in in degree std was significantly less in Real (-0.17%) than Null (+0.57%) (difference = -0.74%, d = -2.88, p_adj = 0.0164). Suggests connectome biological organization significantly shapes this secondary effect."
BANC,merge_errors,0.005,0.5%,degree_distribution,in_degree_variance,secondary_emergent,5,5,3727.29660036276,3727.29660036276,3714.453016256534,3770.0111419481545,-0.0034458175678791837,0.000976677221890284,0.01145992556139428,0.007293181663702459,-0.014905743129273463,-2.864783912569714,welch_t_test,0.009746998942757346,0.016719852032576064,True,"At 0.5% error rate, the secondary change in in degree variance was significantly less in Real (-0.34%) than Null (+1.15%) (difference = -1.49%, d = -2.86, p_adj = 0.0167). Suggests connectome biological organization significantly shapes this secondary effect."
BANC,merge_errors,0.005,0.5%,degree_distribution,out_degree_mean,secondary_emergent,5,5,25.21160480721841,25.21160480721841,25.200420338296365,25.23036400890418,-0.000443623839401343,0.0002956248301651035,0.00074407011490188,3.0798289258474966e-05,-0.001187693954303223,-5.651119838430285,welch_t_test,0.0007855730278497405,0.0015015667303756469,True,"At 0.5% error rate, the secondary change in out degree mean was significantly less in Real (-0.04%) than Null (+0.07%) (difference = -0.12%, d = -5.65, p_adj = 0.0015). Suggests connectome biological organization significantly shapes this secondary effect."
BANC,merge_errors,0.005,0.5%,degree_distribution,out_degree_std,secondary_emergent,5,5,58.00744650135605,58.00744650135605,57.9404748489276,58.271518228590175,-0.0011545354341165454,0.00026008443038401467,0.004552376344095,0.0018856505567931697,-0.005706911778211546,-4.239969136581658,welch_t_test,0.002252064674733361,0.004083011564760483,True,"At 0.5% error rate, the secondary change in out degree std was significantly less in Real (-0.12%) than Null (+0.46%) (difference = -0.57%, d = -4.24, p_adj = 0.0041). Suggests connectome biological organization significantly shapes this secondary effect."
BANC,merge_errors,0.005,0.5%,degree_distribution,out_degree_variance,secondary_emergent,5,5,3364.863849607683,3364.863849607683,3357.0988078092532,3395.5794081628665,-0.0023076838010354975,0.0005196056506925931,0.00912832136098628,0.0037925601889353235,-0.011436005162021779,-4.224921211830366,welch_t_test,0.002287186024353557,0.004135479595385215,True,"At 0.5% error rate, the secondary change in out degree variance was significantly less in Real (-0.23%) than Null (+0.91%) (difference = -1.14%, d = -4.22, p_adj = 0.0041). Suggests connectome biological organization significantly shapes this secondary effect."
BANC,merge_errors,0.005,0.5%,degree_distribution,total_degree_std,secondary_emergent,5,5,111.71935962728317,111.71935962728317,111.56482692291888,112.3717232578045,-0.0013832222533302733,0.00034599708730799624,0.00583930692672898,0.003132915046657266,-0.007222529180059253,-3.240583332316075,welch_t_test,0.006435088768330149,0.011419295453615039,True,"At 0.5% error rate, the secondary change in total degree std was significantly less in Real (-0.14%) than Null (+0.58%) (difference = -0.72%, d = -3.24, p_adj = 0.0114). Suggests connectome biological organization significantly shapes this secondary effect."
BANC,merge_errors,0.005,0.5%,degree_distribution,total_degree_variance,secondary_emergent,5,5,12481.215315530224,12481.215315530224,12446.711801681658,12627.502191995794,-0.00276443543167092,0.0006910909763907856,0.011720563484194379,0.006314935971159451,-0.0144849989158653,-3.2246255007513858,welch_t_test,0.0065590501835596305,0.011608477705823789,True,"At 0.5% error rate, the secondary change in total degree variance was significantly less in Real (-0.28%) than Null (+1.17%) (difference = -1.45%, d = -3.22, p_adj = 0.0116). Suggests connectome biological organization significantly shapes this secondary effect."
BANC,merge_errors,0.005,0.5%,reciprocity,reciprocity,secondary_emergent,5,5,0.1299390807959521,0.0039814147180015,0.13008676980238107,0.00413141465132422,0.0011366019024014072,0.0002997641512666633,0.03767503361168556,0.009033170995941055,-0.036538431709284155,-5.717230096107376,welch_t_test,0.000821231871429052,0.0015608071647330564,True,"At 0.5% error rate, the secondary change in reciprocity was significantly less in Real (+0.11%) than Null (+3.77%) (difference = -3.65%, d = -5.72, p_adj = 0.0016). Suggests connectome biological organization significantly shapes this secondary effect."
BANC,merge_errors,0.01,1.0%,basic_structure,edge_count,secondary_emergent,5,5,3990039.0,3990039.0,3972162.2,3989249.8,-0.00448035720954106,0.0004982529220780706,-0.00019779255290484,3.362027010600467e-05,-0.00428256465663622,-12.12781694216412,welch_t_test,4.070165353633578e-05,9.65581780702434e-05,True,"At 1.0% error rate, the secondary change in edge count was significantly less in Real (-0.45%) than Null (-0.02%) (difference = -0.43%, d = -12.13, p_adj = 0.0001). Suggests connectome biological organization significantly shapes this secondary effect."
BANC,merge_errors,0.01,1.0%,basic_structure,node_count,secondary_emergent,5,5,158262.0,158262.0,157674.0,157994.0,-0.0037153580771126364,4.84869951806108e-19,-0.0016933944977316003,2.42434975903054e-19,-0.002021963579381036,0.0,welch_t_test,1.2828918282385708e-92,1.7165092661832076e-91,True,"At 1.0% error rate, the secondary change in node count was significantly less in Real (-0.37%) than Null (-0.17%) (difference = -0.20%, d = 0.00, p_adj = 0.0000). Suggests connectome biological organization significantly shapes this secondary effect."
BANC,merge_errors,0.01,1.0%,basic_structure,total_synapses,secondary_emergent,5,5,23556214.0,23556214.0,23554939.8,23556202.0,-5.4091884205161327e-05,2.1206994609179837e-05,-5.09419722541152e-07,2.3444686436426627e-07,-5.3582464482620175e-05,-3.572991797592153,welch_t_test,0.004832217650705191,0.00862067628885806,True,"At 1.0% error rate, the secondary change in total synapses was significantly less in Real (-0.01%) than Null (-0.00%) (difference = -0.01%, d = -3.57, p_adj = 0.0086). Suggests connectome biological organization significantly shapes this secondary effect."
BANC,merge_errors,0.01,1.0%,basic_structure,weight_mean,secondary_emergent,5,5,5.903755326702321,5.903755326702321,5.930005698247625,5.904920273839535,0.0044463854093979285,0.0004988927738376871,0.00019732307196825997,3.382481146793072e-05,0.004249062337429669,12.017247066207105,welch_t_test,4.219267603235926e-05,9.974169705176094e-05,True,"At 1.0% error rate, the secondary change in weight mean was significantly greater in Real (+0.44%) than Null (+0.02%) (difference = +0.42%, d = 12.02, p_adj = 0.0001). Suggests connectome biological organization significantly shapes this secondary effect."
BANC,merge_errors,0.01,1.0%,basic_structure,weight_std,secondary_emergent,5,5,9.45819684392764,9.45819684392764,9.52361832166473,9.459967116856209,0.006916908034018338,0.000829412645388647,0.0001871681207084,3.386425796245584e-05,0.006729739913309938,11.465181582925414,welch_t_test,5.3140368889649556e-05,0.00012258933374888122,True,"At 1.0% error rate, the secondary change in weight std was significantly greater in Real (+0.69%) than Null (+0.02%) (difference = +0.67%, d = 11.47, p_adj = 0.0001). Suggests connectome biological organization significantly shapes this secondary effect."
BANC,merge_errors,0.01,1.0%,basic_structure,weight_variance,secondary_emergent,5,5,89.45748753848277,89.45748753848277,90.6993551688059,89.49097793407178,0.013882210025056801,0.0016703696890050554,0.00037437219075264007,6.774228365871772e-05,0.01350783783430416,11.42697771326917,welch_t_test,5.3867191306133984e-05,0.00012383900681719461,True,"At 1.0% error rate, the secondary change in weight variance was significantly greater in Real (+1.39%) than Null (+0.04%) (difference = +1.35%, d = 11.43, p_adj = 0.0001). Suggests connectome biological organization significantly shapes this secondary effect."
BANC,merge_errors,0.01,1.0%,connected_components,scc_count,secondary_emergent,5,5,18345.0,16976.0,18338.6,16975.8,-0.0003488689016080676,9.121395764884989e-05,-1.17813383600377e-05,2.6343873438970186e-05,-0.00033708756324802994,-5.021104894398395,welch_t_test,0.0007022455438118462,0.0013500065195693252,True,"At 1.0% error rate, the secondary change in scc count was significantly less in Real (-0.03%) than Null (-0.00%) (difference = -0.03%, d = -5.02, p_adj = 0.0014). Suggests connectome biological organization significantly shapes this secondary effect."
BANC,merge_errors,0.01,1.0%,connected_components,scc_max_size,secondary_emergent,5,5,139405.0,141287.0,138824.0,141019.2,-0.004167712779312076,1.5216960249342955e-05,-0.0018954327008146002,3.165284813887455e-06,-0.002272280078497476,-206.75258496413193,welch_t_test,1.0423088542376142e-10,6.578345504575132e-10,True,"At 1.0% error rate, the secondary change in scc max size was significantly less in Real (-0.42%) than Null (-0.19%) (difference = -0.23%, d = -206.75, p_adj = 0.0000). Suggests connectome biological organization significantly shapes this secondary effect."
BANC,merge_errors,0.01,1.0%,connected_components,wcc_max_size,secondary_emergent,5,5,153952.0,153958.0,153364.0,153690.0,-0.0038193722718769486,0.0,-0.0017407344860286,0.0,-0.0020786377858483486,0.0,welch_t_test,0.0,0.0,True,"At 1.0% error rate, the secondary change in wcc max size was significantly less in Real (-0.38%) than Null (-0.17%) (difference = -0.21%, d = 0.00, p_adj = 0.0000). Suggests connectome biological organization significantly shapes this secondary effect."
BANC,merge_errors,0.01,1.0%,degree_distribution,in_degree_max,secondary_emergent,5,5,4707.0,4707.0,4675.6,4697.4,-0.006670915657531336,0.0026729833843299943,-0.0020395156150413802,0.00044054474938024456,-0.004631400042489956,-2.4177490471727343,welch_t_test,0.01698302981307318,0.028691027638752416,True,"At 1.0% error rate, the secondary change in in degree max was significantly less in Real (-0.67%) than Null (-0.20%) (difference = -0.46%, d = -2.42, p_adj = 0.0287). Suggests connectome biological organization significantly shapes this secondary effect."
BANC,merge_errors,0.01,1.0%,degree_distribution,in_degree_mean,secondary_emergent,5,5,25.21160480721841,25.21160480721841,25.192246026611873,25.249375292732633,-0.0007678519774749449,0.0005001110135718207,0.0014981388849713202,3.3677299058917546e-05,-0.0022659908624462653,-6.393288125559489,welch_t_test,0.000514856174700847,0.0010160436014007865,True,"At 1.0% error rate, the secondary change in in degree mean was significantly less in Real (-0.08%) than Null (+0.15%) (difference = -0.23%, d = -6.39, p_adj = 0.0010). Suggests connectome biological organization significantly shapes this secondary effect."
BANC,merge_errors,0.01,1.0%,degree_distribution,in_degree_std,secondary_emergent,5,5,61.05158966286431,61.05158966286431,60.84946421338908,61.677585136980895,-0.0033107319660533956,0.0007684090013076461,0.0102535491307175,0.0035989345484988083,-0.013564281096770896,-5.212641181722778,welch_t_test,0.0008058332401032262,0.0015359043807095679,True,"At 1.0% error rate, the secondary change in in degree std was significantly less in Real (-0.33%) than Null (+1.03%) (difference = -1.36%, d = -5.21, p_adj = 0.0015). Suggests connectome biological organization significantly shapes this secondary effect."
BANC,merge_errors,0.01,1.0%,degree_distribution,in_degree_variance,secondary_emergent,5,5,3727.29660036276,3727.29660036276,3702.659055689477,3804.1631300696417,-0.006610030624041284,0.001531606115157828,0.02062259539511856,0.007287937849116408,-0.027232626019159843,-5.171483619948074,welch_t_test,0.0008423968441857836,0.0015964971352982699,True,"At 1.0% error rate, the secondary change in in degree variance was significantly less in Real (-0.66%) than Null (+2.06%) (difference = -2.72%, d = -5.17, p_adj = 0.0016). Suggests connectome biological organization significantly shapes this secondary effect."
BANC,merge_errors,0.01,1.0%,degree_distribution,out_degree_max,secondary_emergent,5,5,4782.0,4782.0,4749.4,4772.6,-0.006817231283981598,0.0029521884553041907,-0.00196570472605598,0.0009186901980965768,-0.004851526557925617,-2.219105265489467,welch_t_test,0.01852026206971584,0.031052770237192724,True,"At 1.0% error rate, the secondary change in out degree max was significantly less in Real (-0.68%) than Null (-0.20%) (difference = -0.49%, d = -2.22, p_adj = 0.0311). Suggests connectome biological organization significantly shapes this secondary effect."
BANC,merge_errors,0.01,1.0%,degree_distribution,out_degree_mean,secondary_emergent,5,5,25.21160480721841,25.21160480721841,25.192246026611873,25.249375292732633,-0.0007678519774749449,0.0005001110135718207,0.0014981388849713202,3.3677299058917546e-05,-0.0022659908624462653,-6.393288125559489,welch_t_test,0.000514856174700847,0.0010160436014007865,True,"At 1.0% error rate, the secondary change in out degree mean was significantly less in Real (-0.08%) than Null (+0.15%) (difference = -0.23%, d = -6.39, p_adj = 0.0010). Suggests connectome biological organization significantly shapes this secondary effect."
BANC,merge_errors,0.01,1.0%,degree_distribution,out_degree_std,secondary_emergent,5,5,58.00744650135605,58.00744650135605,57.87671413990292,58.49312762599777,-0.0022537168818500784,0.0005809737080595787,0.00837273753517806,0.0016284883272646418,-0.010626454417028138,-8.691680678982909,welch_t_test,3.650770020547309e-05,8.722732656236249e-05,True,"At 1.0% error rate, the secondary change in out degree std was significantly less in Real (-0.23%) than Null (+0.84%) (difference = -1.06%, d = -8.69, p_adj = 0.0001). Suggests connectome biological organization significantly shapes this secondary effect."
BANC,merge_errors,0.01,1.0%,degree_distribution,out_degree_variance,secondary_emergent,5,5,3364.863849607683,3364.863849607683,3349.714948227245,3421.453118297043,-0.00450208449955674,0.001159460589445698,0.016817699383574757,0.003286136546460062,-0.021319783883131497,-8.652349275076904,welch_t_test,3.847433500416435e-05,9.159903956507455e-05,True,"At 1.0% error rate, the secondary change in out degree variance was significantly less in Real (-0.45%) than Null (+1.68%) (difference = -2.13%, d = -8.65, p_adj = 0.0001). Suggests connectome biological organization significantly shapes this secondary effect."
BANC,merge_errors,0.01,1.0%,degree_distribution,total_degree_max,secondary_emergent,5,5,9489.0,9489.0,9425.0,9470.0,-0.006744651701970704,0.002785240865507959,-0.00200231847402248,0.0005772184187007817,-0.004742333227948224,-2.357831326780143,welch_t_test,0.017544344588580243,0.029564651208463934,True,"At 1.0% error rate, the secondary change in total degree max was significantly less in Real (-0.67%) than Null (-0.20%) (difference = -0.47%, d = -2.36, p_adj = 0.0296). Suggests connectome biological organization significantly shapes this secondary effect."
BANC,merge_errors,0.01,1.0%,degree_distribution,total_degree_std,secondary_emergent,5,5,111.71935962728317,111.71935962728317,111.41592606971747,112.8981346807534,-0.0027160338062981572,0.000661267862299949,0.01055121562997548,0.00294746142637862,-0.013267249436273637,-6.211323069346764,welch_t_test,0.0003706936907559017,0.0007469701178183681,True,"At 1.0% error rate, the secondary change in total degree std was significantly less in Real (-0.27%) than Null (+1.06%) (difference = -1.33%, d = -6.21, p_adj = 0.0007). Suggests connectome biological organization significantly shapes this secondary effect."
BANC,merge_errors,0.01,1.0%,degree_distribution,total_degree_variance,secondary_emergent,5,5,12481.215315530224,12481.215315530224,12413.512948153344,12746.075559128145,-0.005424340952810767,0.0013189313973480344,0.0212207094343094,0.0059678418476079515,-0.026645050387120166,-6.165365419373555,welch_t_test,0.0003879158491870389,0.0007793264357541412,True,"At 1.0% error rate, the secondary change in total degree variance was significantly less in Real (-0.54%) than Null (+2.12%) (difference = -2.66%, d = -6.17, p_adj = 0.0008). Suggests connectome biological organization significantly shapes this secondary effect."
BANC,merge_errors,0.01,1.0%,reciprocity,reciprocity,secondary_emergent,5,5,0.1299390807959521,0.0039814147180015,0.13020819646956752,0.00427288450874128,0.002071091098743602,0.0007649707835614084,0.0732075936279549,0.008829007225014182,-0.07113650252921129,-11.35197955391178,welch_t_test,5.079543814436902e-05,0.00011799356985619055,True,"At 1.0% error rate, the secondary change in reciprocity was significantly less in Real (+0.21%) than Null (+7.32%) (difference = -7.11%, d = -11.35, p_adj = 0.0001). Suggests connectome biological organization significantly shapes this secondary effect."
BANC,merge_errors,0.02,2.0%,basic_structure,edge_count,secondary_emergent,5,5,3990039.0,3990039.0,3954669.6,3988510.0,-0.00886442463344343,0.0007436935385252834,-0.0003832042744444,5.204419638408977e-05,-0.008481220358999031,-16.0886090085806,welch_t_test,1.3033500260749987e-05,3.308789885494289e-05,True,"At 2.0% error rate, the secondary change in edge count was significantly less in Real (-0.89%) than Null (-0.04%) (difference = -0.85%, d = -16.09, p_adj = 0.0000). Suggests connectome biological organization significantly shapes this secondary effect."
BANC,merge_errors,0.02,2.0%,basic_structure,node_count,secondary_emergent,5,5,158262.0,158262.0,157086.0,157726.0,-0.007430716154225273,9.69739903612216e-19,-0.0033867889954632005,4.84869951806108e-19,-0.004043927158762072,0.0,welch_t_test,1.2828918282385708e-92,1.7165092661832076e-91,True,"At 2.0% error rate, the secondary change in node count was significantly less in Real (-0.74%) than Null (-0.34%) (difference = -0.40%, d = 0.00, p_adj = 0.0000). Suggests connectome biological organization significantly shapes this secondary effect."
BANC,merge_errors,0.02,2.0%,basic_structure,total_synapses,secondary_emergent,5,5,23556214.0,23556214.0,23554107.4,23556189.0,-8.942863229209922e-05,1.873749857406395e-05,-1.0612910886273998e-06,6.81213311098346e-07,-8.836734120347182e-05,-6.665125824655037,welch_t_test,0.00045230137242513436,0.00090056433973933,True,"At 2.0% error rate, the secondary change in total synapses was significantly less in Real (-0.01%) than Null (-0.00%) (difference = -0.01%, d = -6.67, p_adj = 0.0009). Suggests connectome biological organization significantly shapes this secondary effect."
BANC,merge_errors,0.02,2.0%,basic_structure,weight_mean,secondary_emergent,5,5,5.903755326702321,5.903755326702321,5.956026775878355,5.906012283068456,0.00885393216409457,0.000758520044135508,0.00038229165018545993,5.2148448672870744e-05,0.00847164051390911,15.757652000760467,welch_t_test,1.4210011442330755e-05,3.587357605629915e-05,True,"At 2.0% error rate, the secondary change in weight mean was significantly greater in Real (+0.89%) than Null (+0.04%) (difference = +0.85%, d = 15.76, p_adj = 0.0000). Suggests connectome biological organization significantly shapes this secondary effect."
BANC,merge_errors,0.02,2.0%,basic_structure,weight_std,secondary_emergent,5,5,9.45819684392764,9.45819684392764,9.583978208296598,9.461362162763303,0.013298662149298743,0.0004627631190355423,0.00033466408956098003,4.394415243313157e-05,0.012963998059737762,39.44081429603358,welch_t_test,3.1794022265996637e-07,1.0852143314261097e-06,True,"At 2.0% error rate, the secondary change in weight std was significantly greater in Real (+1.33%) than Null (+0.03%) (difference = +1.30%, d = 39.44, p_adj = 0.0000). Suggests connectome biological organization significantly shapes this secondary effect."
BANC,merge_errors,0.02,2.0%,basic_structure,weight_variance,secondary_emergent,5,5,89.45748753848277,89.45748753848277,91.85265362293967,89.51737411316932,0.026774350033322247,0.0009379712188401563,0.0006694417240457,8.791821227652093e-05,0.026104908309276545,39.18755690437681,welch_t_test,3.2822356153868136e-07,1.1146272216719687e-06,True,"At 2.0% error rate, the secondary change in weight variance was significantly greater in Real (+2.68%) than Null (+0.07%) (difference = +2.61%, d = 39.19, p_adj = 0.0000). Suggests connectome biological organization significantly shapes this secondary effect."
BANC,merge_errors,0.02,2.0%,connected_components,scc_count,secondary_emergent,5,5,18345.0,16976.0,18331.2,16975.4,-0.0007522485690923958,0.00013573071243378287,-3.53440150800977e-05,5.2687746877910245e-05,-0.000716904554012298,-6.963385558686181,welch_t_test,8.664064258647646e-05,0.000194505335202526,True,"At 2.0% error rate, the secondary change in scc count was significantly less in Real (-0.08%) than Null (-0.00%) (difference = -0.07%, d = -6.96, p_adj = 0.0002). Suggests connectome biological organization significantly shapes this secondary effect."
BANC,merge_errors,0.02,2.0%,connected_components,scc_max_size,secondary_emergent,5,5,139405.0,141287.0,138243.8,140751.6,-0.008329686883540762,2.3464620686196648e-05,-0.0037894498432268996,6.33056962777474e-06,-0.004540237040313862,-264.19407721953985,welch_t_test,1.1462289534833031e-11,8.916594998608486e-11,True,"At 2.0% error rate, the secondary change in scc max size was significantly less in Real (-0.83%) than Null (-0.38%) (difference = -0.45%, d = -264.19, p_adj = 0.0000). Suggests connectome biological organization significantly shapes this secondary effect."
BANC,merge_errors,0.02,2.0%,connected_components,wcc_max_size,secondary_emergent,5,5,153952.0,153958.0,152776.0,153422.0,-0.007638744543753897,0.0,-0.0034814689720573,0.0,-0.004157275571696597,0.0,welch_t_test,0.0,0.0,True,"At 2.0% error rate, the secondary change in wcc max size was significantly less in Real (-0.76%) than Null (-0.35%) (difference = -0.42%, d = 0.00, p_adj = 0.0000). Suggests connectome biological organization significantly shapes this secondary effect."
BANC,merge_errors,0.02,2.0%,degree_distribution,in_degree_max,secondary_emergent,5,5,4707.0,4707.0,4651.2,4688.8,-0.011854684512428298,0.003443387020357174,-0.0038665816868493205,0.0010342605859050941,-0.007988102825578977,-3.1420734711849327,welch_t_test,0.004949131892523443,0.008805769244941976,True,"At 2.0% error rate, the secondary change in in degree max was significantly less in Real (-1.19%) than Null (-0.39%) (difference = -0.80%, d = -3.14, p_adj = 0.0088). Suggests connectome biological organization significantly shapes this secondary effect."
BANC,merge_errors,0.02,2.0%,degree_distribution,in_degree_mean,secondary_emergent,5,5,25.21160480721841,25.21160480721841,25.17518811351744,25.287587334998666,-0.0014444417156081872,0.0007492610849731429,0.0030137917979145,5.222105808895314e-05,-0.004458233513522687,-8.394452280336427,welch_t_test,0.00017554939551803287,0.000371653625321405,True,"At 2.0% error rate, the secondary change in in degree mean was significantly less in Real (-0.14%) than Null (+0.30%) (difference = -0.45%, d = -8.39, p_adj = 0.0004). Suggests connectome biological organization significantly shapes this secondary effect."
BANC,merge_errors,0.02,2.0%,degree_distribution,in_degree_std,secondary_emergent,5,5,61.05158966286431,61.05158966286431,60.66708952431369,62.22658067907851,-0.0062979545770040736,0.000988888584056071,0.019245870954428416,0.004789485405125098,-0.02554382553143249,-7.386640110472577,welch_t_test,0.0001923204006385557,0.00040587491491228317,True,"At 2.0% error rate, the secondary change in in degree std was significantly less in Real (-0.63%) than Null (+1.92%) (difference = -2.55%, d = -7.39, p_adj = 0.0004). Suggests connectome biological organization significantly shapes this secondary effect."
BANC,merge_errors,0.02,2.0%,degree_distribution,in_degree_variance,secondary_emergent,5,5,3727.29660036276,3727.29660036276,3680.4986672916516,3872.215743883481,-0.012555462601649034,0.0019655528480915525,0.03888049679400814,0.009768695264309044,-0.05143595939565717,-7.300075073561864,welch_t_test,0.00020683583648574929,0.0004337717072381388,True,"At 2.0% error rate, the secondary change in in degree variance was significantly less in Real (-1.26%) than Null (+3.89%) (difference = -5.14%, d = -7.30, p_adj = 0.0004). Suggests connectome biological organization significantly shapes this secondary effect."
BANC,merge_errors,0.02,2.0%,degree_distribution,out_degree_max,secondary_emergent,5,5,4782.0,4782.0,4721.2,4759.4,-0.012714345462149728,0.0024627972430677184,-0.0047260560434964,0.001233616160916128,-0.007988289418653328,-4.101366891005986,welch_t_test,0.0006890930558846836,0.0013323793479388824,True,"At 2.0% error rate, the secondary change in out degree max was significantly less in Real (-1.27%) than Null (-0.47%) (difference = -0.80%, d = -4.10, p_adj = 0.0013). Suggests connectome biological organization significantly shapes this secondary effect."
BANC,merge_errors,0.02,2.0%,degree_distribution,out_degree_mean,secondary_emergent,5,5,25.21160480721841,25.21160480721841,25.17518811351744,25.287587334998666,-0.0014444417156081872,0.0007492610849731429,0.0030137917979145,5.222105808895314e-05,-0.004458233513522687,-8.394452280336427,welch_t_test,0.00017554939551803287,0.000371653625321405,True,"At 2.0% error rate, the secondary change in out degree mean was significantly less in Real (-0.14%) than Null (+0.30%) (difference = -0.45%, d = -8.39, p_adj = 0.0004). Suggests connectome biological organization significantly shapes this secondary effect."
BANC,merge_errors,0.02,2.0%,degree_distribution,out_degree_std,secondary_emergent,5,5,58.00744650135605,58.00744650135605,57.75526272458412,58.875090101892724,-0.004347437992569126,0.0010190625626262586,0.01495745206637238,0.002850163283808454,-0.019304890058941506,-9.019637854080301,welch_t_test,3.0263088627723505e-05,7.309027542219144e-05,True,"At 2.0% error rate, the secondary change in out degree std was significantly less in Real (-0.43%) than Null (+1.50%) (difference = -1.93%, d = -9.02, p_adj = 0.0001). Suggests connectome biological organization significantly shapes this secondary effect."
BANC,merge_errors,0.02,2.0%,degree_distribution,out_degree_variance,secondary_emergent,5,5,3364.863849607683,3364.863849607683,3335.673167883683,3466.298101896745,-0.008675144977233524,0.0020294560992728788,0.03014512824965822,0.005787986575492127,-0.038820273226891744,-8.950909944501841,welch_t_test,3.31798083172282e-05,7.956018553485902e-05,True,"At 2.0% error rate, the secondary change in out degree variance was significantly less in Real (-0.87%) than Null (+3.01%) (difference = -3.88%, d = -8.95, p_adj = 0.0001). Suggests connectome biological organization significantly shapes this secondary effect."
BANC,merge_errors,0.02,2.0%,degree_distribution,total_degree_max,secondary_emergent,5,5,9489.0,9489.0,9372.4,9448.2,-0.012287912319527873,0.0029438139353739567,-0.00429971546000628,0.0009670203180064765,-0.007988196859521592,-3.645874412448647,welch_t_test,0.0024335188049663926,0.004388205068793845,True,"At 2.0% error rate, the secondary change in total degree max was significantly less in Real (-1.23%) than Null (-0.43%) (difference = -0.80%, d = -3.65, p_adj = 0.0044). Suggests connectome biological organization significantly shapes this secondary effect."
BANC,merge_errors,0.02,2.0%,degree_distribution,total_degree_std,secondary_emergent,5,5,111.71935962728317,111.71935962728317,111.13868759067086,113.87228770131625,-0.0051975954619640705,0.0009932066258454457,0.01927085942146164,0.004334855195135374,-0.02446845488342571,-7.781021706844374,welch_t_test,0.00013829196902580252,0.0002984429912201996,True,"At 2.0% error rate, the secondary change in total degree std was significantly less in Real (-0.52%) than Null (+1.93%) (difference = -2.45%, d = -7.78, p_adj = 0.0003). Suggests connectome biological organization significantly shapes this secondary effect."
BANC,merge_errors,0.02,2.0%,degree_distribution,total_degree_variance,secondary_emergent,5,5,12481.215315530224,12481.215315530224,12351.817729146489,12967.08553364102,-0.010367386757820571,0.001976194850876102,0.03892811764141545,0.008840859078520006,-0.049295504399236016,-7.695561646910459,welch_t_test,0.0001491255469543568,0.00031975958625789973,True,"At 2.0% error rate, the secondary change in total degree variance was significantly less in Real (-1.04%) than Null (+3.89%) (difference = -4.93%, d = -7.70, p_adj = 0.0003). Suggests connectome biological organization significantly shapes this secondary effect."
BANC,merge_errors,0.02,2.0%,reciprocity,reciprocity,secondary_emergent,5,5,0.1299390807959521,0.0039814147180015,0.13049689468483003,0.00454275138055024,0.004292887755254324,0.0008349216106083375,0.14098924686512904,0.014909368479463243,-0.1366963591098747,-12.94591626309018,welch_t_test,3.204058451278487e-05,7.710485985270892e-05,True,"At 2.0% error rate, the secondary change in reciprocity was significantly less in Real (+0.43%) than Null (+14.10%) (difference = -13.67%, d = -12.95, p_adj = 0.0001). Suggests connectome biological organization significantly shapes this secondary effect."
BANC,merge_errors,0.03,3.0%,basic_structure,edge_count,secondary_emergent,5,5,3990039.0,3990039.0,3935522.8,3987820.2,-0.013663074471201913,0.0010373548267521879,-0.00055608479014862,5.41958064574364e-05,-0.013106989681053293,-17.844267952181138,welch_t_test,8.937633218493727e-06,2.376910833714733e-05,True,"At 3.0% error rate, the secondary change in edge count was significantly less in Real (-1.37%) than Null (-0.06%) (difference = -1.31%, d = -17.84, p_adj = 0.0000). Suggests connectome biological organization significantly shapes this secondary effect."
BANC,merge_errors,0.03,3.0%,basic_structure,node_count,secondary_emergent,5,5,158262.0,158262.0,156498.0,157458.0,-0.011146074231337908,0.0,-0.0050801834931948,0.0,-0.006065890738143107,0.0,welch_t_test,0.0,0.0,True,"At 3.0% error rate, the secondary change in node count was significantly less in Real (-1.11%) than Null (-0.51%) (difference = -0.61%, d = 0.00, p_adj = 0.0000). Suggests connectome biological organization significantly shapes this secondary effect."
BANC,merge_errors,0.03,3.0%,basic_structure,total_synapses,secondary_emergent,5,5,23556214.0,23556214.0,23552105.2,23556179.2,-0.00017442531299809044,2.953280629497244e-05,-1.4773171953693407e-06,8.763977049899032e-07,-0.0001729479958027211,-8.278176322781452,welch_t_test,0.00019462737960070412,0.0004094519401033681,True,"At 3.0% error rate, the secondary change in total synapses was significantly less in Real (-0.02%) than Null (-0.00%) (difference = -0.02%, d = -8.28, p_adj = 0.0004). Suggests connectome biological organization significantly shapes this secondary effect."
BANC,merge_errors,0.03,3.0%,basic_structure,weight_mean,secondary_emergent,5,5,5.903755326702321,5.903755326702321,5.984497357882816,5.907031429256259,0.013676385065502936,0.001054022120541279,0.00055491841593098,5.446861249553119e-05,0.013121466649571955,17.58201044748681,welch_t_test,9.493648507900555e-06,2.490686608543322e-05,True,"At 3.0% error rate, the secondary change in weight mean was significantly greater in Real (+1.37%) than Null (+0.06%) (difference = +1.31%, d = 17.58, p_adj = 0.0000). Suggests connectome biological organization significantly shapes this secondary effect."
BANC,merge_errors,0.03,3.0%,basic_structure,weight_std,secondary_emergent,5,5,9.45819684392764,9.45819684392764,9.686997020185927,9.462721544095118,0.0241906760912025,0.002022131194019012,0.00047838930000497997,5.216775361369725e-05,0.023712286791197523,16.57809530806512,welch_t_test,1.2441473613820171e-05,3.213647045423048e-05,True,"At 3.0% error rate, the secondary change in weight std was significantly greater in Real (+2.42%) than Null (+0.05%) (difference = +2.37%, d = 16.58, p_adj = 0.0000). Suggests connectome biological organization significantly shapes this secondary effect."
BANC,merge_errors,0.03,3.0%,basic_structure,weight_variance,secondary_emergent,5,5,89.45748753848277,89.45748753848277,93.83820390346668,89.54309921584687,0.048969812203807125,0.004143844641204327,0.00095700963351202,0.00010438620326065679,0.0480128025702951,16.380638980460148,welch_t_test,1.3057108068318272e-05,3.308789885494289e-05,True,"At 3.0% error rate, the secondary change in weight variance was significantly greater in Real (+4.90%) than Null (+0.10%) (difference = +4.80%, d = 16.38, p_adj = 0.0000). Suggests connectome biological organization significantly shapes this secondary effect."
BANC,merge_errors,0.03,3.0%,connected_components,scc_count,secondary_emergent,5,5,18345.0,16976.0,18323.8,16975.4,-0.0011556282365767238,0.00019426033994227813,-3.53440150800977e-05,5.2687746877910245e-05,-0.0011202842214966262,-7.871284233779536,welch_t_test,0.00010432807251007807,0.00022959039641198102,True,"At 3.0% error rate, the secondary change in scc count was significantly less in Real (-0.12%) than Null (-0.00%) (difference = -0.11%, d = -7.87, p_adj = 0.0002). Suggests connectome biological organization significantly shapes this secondary effect."
BANC,merge_errors,0.03,3.0%,connected_components,scc_max_size,secondary_emergent,5,5,139405.0,141287.0,137663.4,140483.6,-0.012493095656540295,3.271548151355007e-05,-0.0056862981024439,6.330569627774958e-06,-0.006806797554096395,-288.88317124769316,welch_t_test,3.07130475040667e-11,2.140315497939648e-10,True,"At 3.0% error rate, the secondary change in scc max size was significantly less in Real (-1.25%) than Null (-0.57%) (difference = -0.68%, d = -288.88, p_adj = 0.0000). Suggests connectome biological organization significantly shapes this secondary effect."
BANC,merge_errors,0.03,3.0%,connected_components,wcc_max_size,secondary_emergent,5,5,153952.0,153958.0,152188.0,153154.0,-0.011458116815630847,0.0,-0.0052222034580859,0.0,-0.006235913357544947,0.0,welch_t_test,0.0,0.0,True,"At 3.0% error rate, the secondary change in wcc max size was significantly less in Real (-1.15%) than Null (-0.52%) (difference = -0.62%, d = 0.00, p_adj = 0.0000). Suggests connectome biological organization significantly shapes this secondary effect."
BANC,merge_errors,0.03,3.0%,degree_distribution,in_degree_max,secondary_emergent,5,5,4707.0,4707.0,4615.6,4678.4,-0.019417888251540262,0.006528460736736857,-0.0060760569364775195,0.0012074163788725778,-0.013341831315062742,-2.84194901004781,welch_t_test,0.009334424689567758,0.01609466525082688,True,"At 3.0% error rate, the secondary change in in degree max was significantly less in Real (-1.94%) than Null (-0.61%) (difference = -1.33%, d = -2.84, p_adj = 0.0161). Suggests connectome biological organization significantly shapes this secondary effect."
BANC,merge_errors,0.03,3.0%,degree_distribution,in_degree_mean,secondary_emergent,5,5,25.21160480721841,25.21160480721841,25.14743191606282,25.326246999199785,-0.002545371135486535,0.0010490475890520224,0.0045471993099206,5.447253694042384e-05,-0.007092570445407134,-9.54857941001293,welch_t_test,0.00010827026531269294,0.0002367085212228483,True,"At 3.0% error rate, the secondary change in in degree mean was significantly less in Real (-0.25%) than Null (+0.45%) (difference = -0.71%, d = -9.55, p_adj = 0.0002). Suggests connectome biological organization significantly shapes this secondary effect."
BANC,merge_errors,0.03,3.0%,degree_distribution,in_degree_std,secondary_emergent,5,5,61.05158966286431,61.05158966286431,60.45541558816931,62.67461912967258,-0.009765086838641655,0.001017048983280012,0.02658455702416388,0.005685226029977181,-0.036349643862805536,-8.900757725733316,welch_t_test,9.925060003862252e-05,0.0002204938034140233,True,"At 3.0% error rate, the secondary change in in degree std was significantly less in Real (-0.98%) than Null (+2.66%) (difference = -3.63%, d = -8.90, p_adj = 0.0002). Suggests connectome biological organization significantly shapes this secondary effect."
BANC,merge_errors,0.03,3.0%,degree_distribution,in_degree_variance,secondary_emergent,5,5,3727.29660036276,3727.29660036276,3654.860358316858,3928.2042613828526,-0.019433989245409688,0.002014853315881808,0.053901710156508374,0.011690248003674486,-0.07333569940191806,-8.742792244584162,welch_t_test,0.00010999853321051914,0.00023970364403204334,True,"At 3.0% error rate, the secondary change in in degree variance was significantly less in Real (-1.94%) than Null (+5.39%) (difference = -7.33%, d = -8.74, p_adj = 0.0002). Suggests connectome biological organization significantly shapes this secondary effect."
BANC,merge_errors,0.03,3.0%,degree_distribution,out_degree_max,secondary_emergent,5,5,4782.0,4782.0,4685.0,4747.4,-0.02028439983270598,0.006213993290716697,-0.00723546633207856,0.0017964643743132367,-0.013048933500627418,-2.8529161282418873,welch_t_test,0.007485917674250322,0.013213928559560594,True,"At 3.0% error rate, the secondary change in out degree max was significantly less in Real (-2.03%) than Null (-0.72%) (difference = -1.30%, d = -2.85, p_adj = 0.0132). Suggests connectome biological organization significantly shapes this secondary effect."
BANC,merge_errors,0.03,3.0%,degree_distribution,out_degree_mean,secondary_emergent,5,5,25.21160480721841,25.21160480721841,25.14743191606282,25.326246999199785,-0.002545371135486535,0.0010490475890520224,0.0045471993099206,5.447253694042384e-05,-0.007092570445407134,-9.54857941001293,welch_t_test,0.00010827026531269294,0.0002367085212228483,True,"At 3.0% error rate, the secondary change in out degree mean was significantly less in Real (-0.25%) than Null (+0.45%) (difference = -0.71%, d = -9.55, p_adj = 0.0002). Suggests connectome biological organization significantly shapes this secondary effect."
BANC,merge_errors,0.03,3.0%,degree_distribution,out_degree_std,secondary_emergent,5,5,58.00744650135605,58.00744650135605,57.6075028370207,59.1975021435623,-0.006894695223758967,0.001144319776204878,0.02051556677604218,0.003179648393234964,-0.02741026199980115,-11.471022633925733,welch_t_test,9.064817651406295e-06,2.3875444916499256e-05,True,"At 3.0% error rate, the secondary change in out degree std was significantly less in Real (-0.69%) than Null (+2.05%) (difference = -2.74%, d = -11.47, p_adj = 0.0000). Suggests connectome biological organization significantly shapes this secondary effect."
BANC,merge_errors,0.03,3.0%,degree_distribution,out_degree_variance,secondary_emergent,5,5,3364.863849607683,3364.863849607683,3318.6279080619024,3504.371475497092,-0.013740806051088943,0.002272993720455391,0.04146011016335028,0.00649424593197045,-0.05520091621443922,-11.345906982048863,welch_t_test,1.0475892931775064e-05,2.7164233997509757e-05,True,"At 3.0% error rate, the secondary change in out degree variance was significantly less in Real (-1.37%) than Null (+4.15%) (difference = -5.52%, d = -11.35, p_adj = 0.0000). Suggests connectome biological organization significantly shapes this secondary effect."
BANC,merge_errors,0.03,3.0%,degree_distribution,total_degree_max,secondary_emergent,5,5,9489.0,9489.0,9300.6,9425.8,-0.019854568447676257,0.006340475682028643,-0.0066603435556960204,0.0012366492074364626,-0.013194224891980237,-2.8884831077929807,welch_t_test,0.008649174858171248,0.014990409274913382,True,"At 3.0% error rate, the secondary change in total degree max was significantly less in Real (-1.99%) than Null (-0.67%) (difference = -1.32%, d = -2.89, p_adj = 0.0150). Suggests connectome biological organization significantly shapes this secondary effect."
BANC,merge_errors,0.03,3.0%,degree_distribution,total_degree_std,secondary_emergent,5,5,111.71935962728317,111.71935962728317,110.80119985258636,114.66752475105518,-0.008218448241736648,0.0010498917355159817,0.026389026338923344,0.004966624616745648,-0.03460747458065999,-9.641193334070882,welch_t_test,6.035007692950309e-05,0.00013732721587019582,True,"At 3.0% error rate, the secondary change in total degree std was significantly less in Real (-0.82%) than Null (+2.64%) (difference = -3.46%, d = -9.64, p_adj = 0.0001). Suggests connectome biological organization significantly shapes this secondary effect."
BANC,merge_errors,0.03,3.0%,degree_distribution,total_degree_variance,secondary_emergent,5,5,12481.215315530224,12481.215315530224,12276.916894934675,13148.887535439828,-0.016368471773845938,0.0020828360658793673,0.05349416727703016,0.010206279747317847,-0.0698626390508761,-9.48489227629646,welch_t_test,6.727282227789381e-05,0.00015153373098959917,True,"At 3.0% error rate, the secondary change in total degree variance was significantly less in Real (-1.64%) than Null (+5.35%) (difference = -6.99%, d = -9.48, p_adj = 0.0002). Suggests connectome biological organization significantly shapes this secondary effect."
BANC,merge_errors,0.03,3.0%,reciprocity,reciprocity,secondary_emergent,5,5,0.1299390807959521,0.0039814147180015,0.1304386793723014,0.00479109160780668,0.003844867712538915,0.0006968124933069648,0.20336411731848955,0.01780396273990299,-0.19951924960595063,-15.836191868265619,welch_t_test,1.4711787140062488e-05,3.700069773196167e-05,True,"At 3.0% error rate, the secondary change in reciprocity was significantly less in Real (+0.38%) than Null (+20.34%) (difference = -19.95%, d = -15.84, p_adj = 0.0000). Suggests connectome biological organization significantly shapes this secondary effect."
BANC,merge_errors,0.05,5.0%,basic_structure,edge_count,secondary_emergent,5,5,3990039.0,3990039.0,3891822.8,3986183.0,-0.024615348371281588,0.001212735080709648,-0.0009664065940207199,7.00988530824984e-05,-0.023648941777260866,-27.53191798880519,welch_t_test,1.5494328880199663e-06,4.648298664059898e-06,True,"At 5.0% error rate, the secondary change in edge count was significantly less in Real (-2.46%) than Null (-0.10%) (difference = -2.36%, d = -27.53, p_adj = 0.0000). Suggests connectome biological organization significantly shapes this secondary effect."
BANC,merge_errors,0.05,5.0%,basic_structure,node_count,secondary_emergent,5,5,158262.0,158262.0,155322.0,156922.0,-0.01857679038556318,0.0,-0.008466972488658,0.0,-0.010109817896905182,0.0,welch_t_test,0.0,0.0,True,"At 5.0% error rate, the secondary change in node count was significantly less in Real (-1.86%) than Null (-0.85%) (difference = -1.01%, d = 0.00, p_adj = 0.0000). Suggests connectome biological organization significantly shapes this secondary effect."
BANC,merge_errors,0.05,5.0%,basic_structure,total_synapses,secondary_emergent,5,5,23556214.0,23556214.0,23548416.8,23556153.2,-0.0003310039550498225,3.228729234302061e-05,-2.581059927541837e-06,7.708217890553301e-07,-0.00032842289512228064,-14.381131813460245,welch_t_test,2.1951584245847228e-05,5.3793442712350894e-05,True,"At 5.0% error rate, the secondary change in total synapses was significantly less in Real (-0.03%) than Null (-0.00%) (difference = -0.03%, d = -14.38, p_adj = 0.0001). Suggests connectome biological organization significantly shapes this secondary effect."
BANC,merge_errors,0.05,5.0%,basic_structure,weight_mean,secondary_emergent,5,5,5.903755326702321,5.903755326702321,6.050749786808216,5.909451044511777,0.02489846749594254,0.0012770942433876274,0.00096476183281092,7.037833708806446e-05,0.023933705663131622,26.463271882568776,welch_t_test,1.828420131649697e-06,5.388603824112984e-06,True,"At 5.0% error rate, the secondary change in weight mean was significantly greater in Real (+2.49%) than Null (+0.10%) (difference = +2.39%, d = 26.46, p_adj = 0.0000). Suggests connectome biological organization significantly shapes this secondary effect."
BANC,merge_errors,0.05,5.0%,basic_structure,weight_std,secondary_emergent,5,5,9.45819684392764,9.45819684392764,9.936773954393523,9.465910792088417,0.05059919119500461,0.0021751876701831744,0.0008155833810678999,7.55974039112836e-05,0.04978360781393671,32.34763278339293,welch_t_test,8.507983738177395e-07,2.684830717377678e-06,True,"At 5.0% error rate, the secondary change in weight std was significantly greater in Real (+5.06%) than Null (+0.08%) (difference = +4.98%, d = 32.35, p_adj = 0.0000). Suggests connectome biological organization significantly shapes this secondary effect."
BANC,merge_errors,0.05,5.0%,basic_structure,weight_variance,secondary_emergent,5,5,89.45748753848277,89.45748753848277,98.73981523100159,89.60346753277324,0.10376244569271813,0.004574798619274855,0.00163183651036126,0.00015132016860682716,0.10213060918235686,31.554513733838586,welch_t_test,9.421407774230561e-07,2.91801935229641e-06,True,"At 5.0% error rate, the secondary change in weight variance was significantly greater in Real (+10.38%) than Null (+0.16%) (difference = +10.21%, d = 31.55, p_adj = 0.0000). Suggests connectome biological organization significantly shapes this secondary effect."
BANC,merge_errors,0.05,5.0%,connected_components,scc_count,secondary_emergent,5,5,18345.0,16976.0,18310.4,16974.0,-0.0018860724993186155,0.00030980152059706335,-0.00011781338360033541,5.890669180015575e-05,-0.0017682591157182801,-7.929852383041445,welch_t_test,0.00015325519047054885,0.0003275646083859335,True,"At 5.0% error rate, the secondary change in scc count was significantly less in Real (-0.19%) than Null (-0.01%) (difference = -0.18%, d = -7.93, p_adj = 0.0003). Suggests connectome biological organization significantly shapes this secondary effect."
BANC,merge_errors,0.05,5.0%,connected_components,scc_max_size,secondary_emergent,5,5,139405.0,141287.0,136501.0,139949.0,-0.020831390552706143,4.8120253452166955e-05,-0.009470085712061201,7.077792011999685e-06,-0.011361304840644942,-330.344898391659,welch_t_test,3.300271330393337e-11,2.276166515498085e-10,True,"At 5.0% error rate, the secondary change in scc max size was significantly less in Real (-2.08%) than Null (-0.95%) (difference = -1.14%, d = -330.34, p_adj = 0.0000). Suggests connectome biological organization significantly shapes this secondary effect."
BANC,merge_errors,0.05,5.0%,connected_components,wcc_max_size,secondary_emergent,5,5,153952.0,153958.0,151012.0,152618.0,-0.019096861359384744,0.0,-0.0087036724301432,0.0,-0.010393188929241544,0.0,welch_t_test,0.0,0.0,True,"At 5.0% error rate, the secondary change in wcc max size was significantly less in Real (-1.91%) than Null (-0.87%) (difference = -1.04%, d = 0.00, p_adj = 0.0000). Suggests connectome biological organization significantly shapes this secondary effect."
BANC,merge_errors,0.05,5.0%,degree_distribution,in_degree_max,secondary_emergent,5,5,4707.0,4707.0,4555.2,4661.2,-0.032249840662842574,0.00693868144114837,-0.00973018908009344,0.001167506408670825,-0.022519651582749135,-4.526237566796153,welch_t_test,0.0016323576095098255,0.0030334645576724256,True,"At 5.0% error rate, the secondary change in in degree max was significantly less in Real (-3.22%) than Null (-0.97%) (difference = -2.25%, d = -4.53, p_adj = 0.0030). Suggests connectome biological organization significantly shapes this secondary effect."
BANC,merge_errors,0.05,5.0%,degree_distribution,in_degree_mean,secondary_emergent,5,5,25.21160480721841,25.21160480721841,25.056481374177515,25.402320898280674,-0.006152858345474387,0.001235690239265991,0.007564615284135261,7.069744641635317e-05,-0.013717473629609647,-15.673640611758275,welch_t_test,1.4882002583183512e-05,3.7149476597573764e-05,True,"At 5.0% error rate, the secondary change in in degree mean was significantly less in Real (-0.62%) than Null (+0.76%) (difference = -1.37%, d = -15.67, p_adj = 0.0000). Suggests connectome biological organization significantly shapes this secondary effect."
BANC,merge_errors,0.05,5.0%,degree_distribution,in_degree_std,secondary_emergent,5,5,61.05158966286431,61.05158966286431,59.942060037750096,63.751344085138825,-0.018173640215450343,0.000912188520762943,0.04422087020473923,0.005228907633981686,-0.06239451042018957,-16.624189954201263,welch_t_test,7.337562058379449e-06,2.0200942457019964e-05,True,"At 5.0% error rate, the secondary change in in degree std was significantly less in Real (-1.82%) than Null (+4.42%) (difference = -6.24%, d = -16.62, p_adj = 0.0000). Suggests connectome biological organization significantly shapes this secondary effect."
BANC,merge_errors,0.05,5.0%,degree_distribution,in_degree_variance,secondary_emergent,5,5,3727.29660036276,3727.29660036276,3593.0530427199506,4064.315400491352,-0.03601633356190216,0.0017914402802186012,0.09041909895117875,0.01092366666273745,-0.12643543251308093,-16.15297001271736,welch_t_test,8.797892276576434e-06,2.3637710574416203e-05,True,"At 5.0% error rate, the secondary change in in degree variance was significantly less in Real (-3.60%) than Null (+9.04%) (difference = -12.64%, d = -16.15, p_adj = 0.0000). Suggests connectome biological organization significantly shapes this secondary effect."
BANC,merge_errors,0.05,5.0%,degree_distribution,out_degree_max,secondary_emergent,5,5,4782.0,4782.0,4624.4,5376.8,-0.032956921790046,0.007123207151565201,0.12438310330405689,0.07526856954419703,-0.1573400250941029,-2.9430957635740103,welch_t_test,0.00923398682238189,0.015962628382877223,True,"At 5.0% error rate, the secondary change in out degree max was significantly less in Real (-3.30%) than Null (+12.44%) (difference = -15.73%, d = -2.94, p_adj = 0.0160). Suggests connectome biological organization significantly shapes this secondary effect."
BANC,merge_errors,0.05,5.0%,degree_distribution,out_degree_mean,secondary_emergent,5,5,25.21160480721841,25.21160480721841,25.056481374177515,25.402320898280674,-0.006152858345474387,0.001235690239265991,0.007564615284135261,7.069744641635317e-05,-0.013717473629609647,-15.673640611758275,welch_t_test,1.4882002583183512e-05,3.7149476597573764e-05,True,"At 5.0% error rate, the secondary change in out degree mean was significantly less in Real (-0.62%) than Null (+0.76%) (difference = -1.37%, d = -15.67, p_adj = 0.0000). Suggests connectome biological organization significantly shapes this secondary effect."
BANC,merge_errors,0.05,5.0%,degree_distribution,out_degree_std,secondary_emergent,5,5,58.00744650135605,58.00744650135605,57.276770945985106,60.41575515298039,-0.012596237197820031,0.0013115138824268222,0.041517232646468,0.0070613655019869945,-0.054113469844288026,-10.655339373370298,welch_t_test,4.511558466631279e-05,0.00010553260888728412,True,"At 5.0% error rate, the secondary change in out degree std was significantly less in Real (-1.26%) than Null (+4.15%) (difference = -5.41%, d = -10.66, p_adj = 0.0001). Suggests connectome biological organization significantly shapes this secondary effect."
BANC,merge_errors,0.05,5.0%,degree_distribution,out_degree_variance,secondary_emergent,5,5,3364.863849607683,3364.863849607683,3280.6331202363363,3650.197696154166,-0.025032433149165024,0.0025895668319519775,0.08479803620575929,0.014740403944219002,-0.10983046935492431,-10.378342910915926,welch_t_test,5.2952598759626465e-05,0.0001225788531840488,True,"At 5.0% error rate, the secondary change in out degree variance was significantly less in Real (-2.50%) than Null (+8.48%) (difference = -10.98%, d = -10.38, p_adj = 0.0001). Suggests connectome biological organization significantly shapes this secondary effect."
BANC,merge_errors,0.05,5.0%,degree_distribution,total_degree_max,secondary_emergent,5,5,9489.0,9489.0,9179.6,9394.0,-0.03260617557171462,0.00701290685787375,-0.01001159237011274,0.0011829457435263786,-0.022594583201601882,-4.492922851742196,welch_t_test,0.001678993465179862,0.0031114865047238995,True,"At 5.0% error rate, the secondary change in total degree max was significantly less in Real (-3.26%) than Null (-1.00%) (difference = -2.26%, d = -4.49, p_adj = 0.0031). Suggests connectome biological organization significantly shapes this secondary effect."
BANC,merge_errors,0.05,5.0%,degree_distribution,total_degree_std,secondary_emergent,5,5,111.71935962728317,111.71935962728317,110.02511330428815,117.05687437001367,-0.015165199018749626,0.0010848820018050896,0.047776095034356404,0.006476010893128446,-0.06294129405310603,-13.55604541171598,welch_t_test,1.7997722604947884e-05,4.442980229782337e-05,True,"At 5.0% error rate, the secondary change in total degree std was significantly less in Real (-1.52%) than Null (+4.78%) (difference = -6.29%, d = -13.56, p_adj = 0.0000). Suggests connectome biological organization significantly shapes this secondary effect."
BANC,merge_errors,0.05,5.0%,degree_distribution,total_degree_variance,secondary_emergent,5,5,12481.215315530224,12481.215315530224,12105.537309623829,13702.73059420359,-0.03009947320105454,0.0021365640360005195,0.09786829629911514,0.013605789378094823,-0.1279677695001697,-13.140202800976772,welch_t_test,2.1611821333080835e-05,5.3155545852320147e-05,True,"At 5.0% error rate, the secondary change in total degree variance was significantly less in Real (-3.01%) than Null (+9.79%) (difference = -12.80%, d = -13.14, p_adj = 0.0001). Suggests connectome biological organization significantly shapes this secondary effect."
BANC,merge_errors,0.05,5.0%,reciprocity,reciprocity,secondary_emergent,5,5,0.1299390807959521,0.0039814147180015,0.1302528388424457,0.0053761751826705,0.002414654964246715,0.0012380602025876218,0.3503178049658576,0.020791600733317307,-0.34790315000161093,-23.622009773371087,welch_t_test,2.855436006152452e-06,8.233994345327545e-06,True,"At 5.0% error rate, the secondary change in reciprocity was significantly less in Real (+0.24%) than Null (+35.03%) (difference = -34.79%, d = -23.62, p_adj = 0.0000). Suggests connectome biological organization significantly shapes this secondary effect."
BANC,merge_errors,0.075,7.5%,basic_structure,edge_count,secondary_emergent,5,5,3990039.0,3990039.0,3832715.2,3984691.2,-0.03942913841193031,0.0010041697313549706,-0.0013402876513236798,4.49911825551257e-05,-0.038088850760606634,-53.58833572154427,welch_t_test,1.1020071606484328e-07,4.098744982476543e-07,True,"At 7.5% error rate, the secondary change in edge count was significantly less in Real (-3.94%) than Null (-0.13%) (difference = -3.81%, d = -53.59, p_adj = 0.0000). Suggests connectome biological organization significantly shapes this secondary effect."
BANC,merge_errors,0.075,7.5%,basic_structure,node_count,secondary_emergent,5,5,158262.0,158262.0,153851.0,156252.0,-0.027871504214530336,0.0,-0.012700458732986999,1.939479807224432e-18,-0.015171045481543338,0.0,welch_t_test,6.410475573606349e-65,8.254196867297927e-64,True,"At 7.5% error rate, the secondary change in node count was significantly less in Real (-2.79%) than Null (-1.27%) (difference = -1.52%, d = 0.00, p_adj = 0.0000). Suggests connectome biological organization significantly shapes this secondary effect."
BANC,merge_errors,0.075,7.5%,basic_structure,total_synapses,secondary_emergent,5,5,23556214.0,23556214.0,23545149.8,23556140.4,-0.0004696934745116512,3.0358749060255066e-05,-3.1244409649190655e-06,6.343644988967459e-07,-0.00046656903354673214,-21.729625672353365,welch_t_test,4.245094933866226e-06,1.193264080149792e-05,True,"At 7.5% error rate, the secondary change in total synapses was significantly less in Real (-0.05%) than Null (-0.00%) (difference = -0.05%, d = -21.73, p_adj = 0.0000). Suggests connectome biological organization significantly shapes this secondary effect."
BANC,merge_errors,0.075,7.5%,basic_structure,weight_mean,secondary_emergent,5,5,5.903755326702321,5.903755326702321,6.143208994369712,5.911660215586119,0.04055955140694225,0.001093756269781875,0.0013389594328282,4.533715179880901e-05,0.03922059197411405,50.668238936375715,welch_t_test,1.3905278220813772e-07,5.055777787893704e-07,True,"At 7.5% error rate, the secondary change in weight mean was significantly greater in Real (+4.06%) than Null (+0.13%) (difference = +3.92%, d = 50.67, p_adj = 0.0000). Suggests connectome biological organization significantly shapes this secondary effect."
BANC,merge_errors,0.075,7.5%,basic_structure,weight_std,secondary_emergent,5,5,9.45819684392764,9.45819684392764,10.212324411607767,9.468860565173285,0.07973269959636045,0.0008531844014110015,0.0011274581637082802,4.749746864291034e-05,0.07860524143265217,130.09231633538445,welch_t_test,3.016663973810425e-09,1.5524216911378265e-08,True,"At 7.5% error rate, the secondary change in weight std was significantly greater in Real (+7.97%) than Null (+0.11%) (difference = +7.86%, d = 130.09, p_adj = 0.0000). Suggests connectome biological organization significantly shapes this secondary effect."
BANC,merge_errors,0.075,7.5%,basic_structure,weight_variance,secondary_emergent,5,5,89.45748753848277,89.45748753848277,104.29162198249466,89.65932056414732,0.16582328491654277,0.001843192628298451,0.0022561892941352,9.510154758869282e-05,0.16356709562240757,125.33226930210704,welch_t_test,3.5568005783044506e-09,1.8026512021861192e-08,True,"At 7.5% error rate, the secondary change in weight variance was significantly greater in Real (+16.58%) than Null (+0.23%) (difference = +16.36%, d = 125.33, p_adj = 0.0000). Suggests connectome biological organization significantly shapes this secondary effect."
BANC,merge_errors,0.075,7.5%,connected_components,scc_count,secondary_emergent,5,5,18345.0,16976.0,18288.4,16972.8,-0.0030853093485963476,0.00031691342281272574,-0.00018850141376054,0.00010537549375590135,-0.0028968079348358077,-12.266567536882949,welch_t_test,8.405066306068751e-06,2.2765139104291474e-05,True,"At 7.5% error rate, the secondary change in scc count was significantly less in Real (-0.31%) than Null (-0.02%) (difference = -0.29%, d = -12.27, p_adj = 0.0000). Suggests connectome biological organization significantly shapes this secondary effect."
BANC,merge_errors,0.075,7.5%,connected_components,scc_max_size,secondary_emergent,5,5,139405.0,141287.0,135053.0,139280.2,-0.031218392453642267,5.12279217283662e-05,-0.014203713009689459,1.2661139255599664e-05,-0.01701467944395281,-455.99178203410924,welch_t_test,1.553892687127011e-12,1.3500703995947668e-11,True,"At 7.5% error rate, the secondary change in scc max size was significantly less in Real (-3.12%) than Null (-1.42%) (difference = -1.70%, d = -455.99, p_adj = 0.0000). Suggests connectome biological organization significantly shapes this secondary effect."
BANC,merge_errors,0.075,7.5%,connected_components,wcc_max_size,secondary_emergent,5,5,153952.0,153958.0,149541.0,151948.0,-0.028651787570151736,0.0,-0.0130555086452149,0.0,-0.015596278924936837,0.0,welch_t_test,0.0,0.0,True,"At 7.5% error rate, the secondary change in wcc max size was significantly less in Real (-2.87%) than Null (-1.31%) (difference = -1.56%, d = 0.00, p_adj = 0.0000). Suggests connectome biological organization significantly shapes this secondary effect."
BANC,merge_errors,0.075,7.5%,degree_distribution,in_degree_max,secondary_emergent,5,5,4707.0,4707.0,4469.8,4638.4,-0.05039303165498195,0.011530550947944045,-0.014574038665816802,0.001445593867533801,-0.035818992989165147,-4.359049226658019,welch_t_test,0.0020721670244028888,0.003798026683083651,True,"At 7.5% error rate, the secondary change in in degree max was significantly less in Real (-5.04%) than Null (-1.46%) (difference = -3.58%, d = -4.36, p_adj = 0.0038). Suggests connectome biological organization significantly shapes this secondary effect."
BANC,merge_errors,0.075,7.5%,degree_distribution,in_degree_mean,secondary_emergent,5,5,25.21160480721841,25.21160480721841,24.911864076281596,25.501697258275094,-0.011888998468316278,0.0010329598769179462,0.011506306451925059,4.55699417194124e-05,-0.023395304920241337,-31.99912120107597,welch_t_test,8.737359621254283e-07,2.731445601223886e-06,True,"At 7.5% error rate, the secondary change in in degree mean was significantly less in Real (-1.19%) than Null (+1.15%) (difference = -2.34%, d = -32.00, p_adj = 0.0000). Suggests connectome biological organization significantly shapes this secondary effect."
BANC,merge_errors,0.075,7.5%,degree_distribution,in_degree_std,secondary_emergent,5,5,61.05158966286431,61.05158966286431,59.22864684892967,64.44514402649854,-0.02985905566097769,0.0008321970442237376,0.05558502870070936,0.0030338639386222,-0.08544408436168704,-38.41030846198555,welch_t_test,7.388490308144822e-08,2.8905848047654303e-07,True,"At 7.5% error rate, the secondary change in in degree std was significantly less in Real (-2.99%) than Null (+5.56%) (difference = -8.54%, d = -38.41, p_adj = 0.0000). Suggests connectome biological organization significantly shapes this secondary effect."
BANC,merge_errors,0.075,7.5%,degree_distribution,in_degree_variance,secondary_emergent,5,5,3727.29660036276,3727.29660036276,3508.0346726323614,4153.204034411663,-0.05882599407545377,0.0016147587502515675,0.11426711628139578,0.006394558194180508,-0.17309311035684954,-37.115988569358116,welch_t_test,1.1256996868898053e-07,4.160735306791601e-07,True,"At 7.5% error rate, the secondary change in in degree variance was significantly less in Real (-5.88%) than Null (+11.43%) (difference = -17.31%, d = -37.12, p_adj = 0.0000). Suggests connectome biological organization significantly shapes this secondary effect."
BANC,merge_errors,0.075,7.5%,degree_distribution,out_degree_max,secondary_emergent,5,5,4782.0,4782.0,4528.4,5151.2,-0.053032204098703475,0.011386444383762866,0.07720618987871182,0.08495119835826855,-0.1302383939774153,-2.1489089211943027,welch_t_test,0.025873569040017936,0.04327354421942999,True,"At 7.5% error rate, the secondary change in out degree max was significantly less in Real (-5.30%) than Null (+7.72%) (difference = -13.02%, d = -2.15, p_adj = 0.0433). Suggests connectome biological organization significantly shapes this secondary effect."
BANC,merge_errors,0.075,7.5%,degree_distribution,out_degree_mean,secondary_emergent,5,5,25.21160480721841,25.21160480721841,24.911864076281596,25.501697258275094,-0.011888998468316278,0.0010329598769179462,0.011506306451925059,4.55699417194124e-05,-0.023395304920241337,-31.99912120107597,welch_t_test,8.737359621254283e-07,2.731445601223886e-06,True,"At 7.5% error rate, the secondary change in out degree mean was significantly less in Real (-1.19%) than Null (+1.15%) (difference = -2.34%, d = -32.00, p_adj = 0.0000). Suggests connectome biological organization significantly shapes this secondary effect."
BANC,merge_errors,0.075,7.5%,degree_distribution,out_degree_std,secondary_emergent,5,5,58.00744650135605,58.00744650135605,56.876976436863345,60.81163127927901,-0.019488361110090724,0.0009565112714018174,0.04834180690676368,0.004855818438107864,-0.0678301680168544,-19.38246640864294,welch_t_test,3.289818319583475e-06,9.405506221373268e-06,True,"At 7.5% error rate, the secondary change in out degree std was significantly less in Real (-1.95%) than Null (+4.83%) (difference = -6.78%, d = -19.38, p_adj = 0.0000). Suggests connectome biological organization significantly shapes this secondary effect."
BANC,merge_errors,0.075,7.5%,degree_distribution,out_degree_variance,secondary_emergent,5,5,3364.863849607683,3364.863849607683,3234.992911447839,3698.1179708732757,-0.038596194070373985,0.001876193837717251,0.0990394072867014,0.0101887407858761,-0.13763560135707537,-18.78815442346753,welch_t_test,4.108511008001887e-06,1.159744246562558e-05,True,"At 7.5% error rate, the secondary change in out degree variance was significantly less in Real (-3.86%) than Null (+9.90%) (difference = -13.76%, d = -18.79, p_adj = 0.0000). Suggests connectome biological organization significantly shapes this secondary effect."
BANC,merge_errors,0.075,7.5%,degree_distribution,total_degree_max,secondary_emergent,5,5,9489.0,9489.0,8998.2,9352.2,-0.051723047739487826,0.011454647071141919,-0.01441669301296232,0.0010987384566532516,-0.037306354726525506,-4.584872987609137,welch_t_test,0.001791410555587203,0.0033106454742757975,True,"At 7.5% error rate, the secondary change in total degree max was significantly less in Real (-5.17%) than Null (-1.44%) (difference = -3.73%, d = -4.58, p_adj = 0.0033). Suggests connectome biological organization significantly shapes this secondary effect."
BANC,merge_errors,0.075,7.5%,degree_distribution,total_degree_std,secondary_emergent,5,5,111.71935962728317,111.71935962728317,109.02232354186972,118.17619136413501,-0.024141170289654967,0.0008143571757083376,0.057795101568725915,0.0035266289362850243,-0.08193627185838089,-32.01479716551884,welch_t_test,2.7558835840729687e-07,9.503536689406268e-07,True,"At 7.5% error rate, the secondary change in total degree std was significantly less in Real (-2.41%) than Null (+5.78%) (difference = -8.19%, d = -32.01, p_adj = 0.0000). Suggests connectome biological organization significantly shapes this secondary effect."
BANC,merge_errors,0.075,7.5%,degree_distribution,total_degree_variance,secondary_emergent,5,5,12481.215315530224,12481.215315530224,11885.87365227815,13965.736389547426,-0.04769901393426793,0.0015894974465349037,0.11894042659211476,0.007470255913274802,-0.1666394405263827,-30.856186167792085,welch_t_test,3.8667307119585e-07,1.293421423150118e-06,True,"At 7.5% error rate, the secondary change in total degree variance was significantly less in Real (-4.77%) than Null (+11.89%) (difference = -16.66%, d = -30.86, p_adj = 0.0000). Suggests connectome biological organization significantly shapes this secondary effect."
BANC,merge_errors,0.075,7.5%,reciprocity,reciprocity,secondary_emergent,5,5,0.1299390807959521,0.0039814147180015,0.13017071285262988,0.0059092174672323,0.0017826204037992457,0.0003826208491653657,0.48420043772745525,0.012992473595807526,-0.482417817323656,-52.48778562688506,welch_t_test,1.2347179866283294e-07,4.5138050986576635e-07,True,"At 7.5% error rate, the secondary change in reciprocity was significantly less in Real (+0.18%) than Null (+48.42%) (difference = -48.24%, d = -52.49, p_adj = 0.0000). Suggests connectome biological organization significantly shapes this secondary effect."
BANC,merge_errors,0.1,10.0%,basic_structure,edge_count,secondary_emergent,5,5,3990039.0,3990039.0,3764995.8,3983063.0,-0.056401253220833183,0.0010337056240694686,-0.0017483538381454,6.472777218421496e-05,-0.05465289938268778,-74.62452400052717,welch_t_test,2.7563566963252857e-08,1.1525016436510102e-07,True,"At 10.0% error rate, the secondary change in edge count was significantly less in Real (-5.64%) than Null (-0.17%) (difference = -5.47%, d = -74.62, p_adj = 0.0000). Suggests connectome biological organization significantly shapes this secondary effect."
BANC,merge_errors,0.1,10.0%,basic_structure,node_count,secondary_emergent,5,5,158262.0,158262.0,152381.0,155582.0,-0.037159899407311923,0.0,-0.016933944977316,0.0,-0.020225954429995925,0.0,welch_t_test,0.0,0.0,True,"At 10.0% error rate, the secondary change in node count was significantly less in Real (-3.72%) than Null (-1.69%) (difference = -2.02%, d = 0.00, p_adj = 0.0000). Suggests connectome biological organization significantly shapes this secondary effect."
BANC,merge_errors,0.1,10.0%,basic_structure,total_synapses,secondary_emergent,5,5,23556214.0,23556214.0,23541898.6,23556106.4,-0.0006077122580054672,4.523681874989598e-05,-4.567796845452329e-06,1.0615457679308206e-06,-0.0006031444611600149,-18.85058106714057,welch_t_test,7.469490233933923e-06,2.031336978252762e-05,True,"At 10.0% error rate, the secondary change in total synapses was significantly less in Real (-0.06%) than Null (-0.00%) (difference = -0.06%, d = -18.85, p_adj = 0.0000). Suggests connectome biological organization significantly shapes this secondary effect."
BANC,merge_errors,0.1,10.0%,basic_structure,weight_max,secondary_emergent,5,5,913.0,913.0,1024.0,913.0,0.12157721796276014,0.047993214239225944,0.0,0.0,0.12157721796276014,3.5825095952418615,welch_t_test,0.004789319693605431,0.008566991644443939,True,"At 10.0% error rate, the secondary change in weight max was significantly greater in Real (+12.16%) than Null (+0.00%) (difference = +12.16%, d = 3.58, p_adj = 0.0086). Suggests connectome biological organization significantly shapes this secondary effect."
BANC,merge_errors,0.1,10.0%,basic_structure,weight_mean,secondary_emergent,5,5,5.903755326702321,5.903755326702321,6.252841312101627,5.914068263388055,0.05912948048853121,0.001165149382776032,0.0017468435114660597,6.508127301381876e-05,0.057382636977065145,69.54044327053847,welch_t_test,3.748819612368692e-08,1.5386259636040828e-07,True,"At 10.0% error rate, the secondary change in weight mean was significantly greater in Real (+5.91%) than Null (+0.17%) (difference = +5.74%, d = 69.54, p_adj = 0.0000). Suggests connectome biological organization significantly shapes this secondary effect."
BANC,merge_errors,0.1,10.0%,basic_structure,weight_std,secondary_emergent,5,5,9.45819684392764,9.45819684392764,10.653993835178007,9.471803075778272,0.12642970018308441,0.0052000038259589505,0.0014385650959851599,3.1882678147953046e-05,0.12499113508709926,33.99244345099564,welch_t_test,7.167389949942892e-07,2.272504206877628e-06,True,"At 10.0% error rate, the secondary change in weight std was significantly greater in Real (+12.64%) than Null (+0.14%) (difference = +12.50%, d = 33.99, p_adj = 0.0000). Suggests connectome biological organization significantly shapes this secondary effect."
BANC,merge_errors,0.1,10.0%,basic_structure,weight_variance,secondary_emergent,5,5,89.45748753848277,89.45748753848277,113.50951978722898,89.71505357906992,0.2688655014863853,0.011712679449260122,0.00287920047470984,6.385778987812097e-05,0.2659863010116755,32.11526836674011,welch_t_test,8.995164463756543e-07,2.798960477327036e-06,True,"At 10.0% error rate, the secondary change in weight variance was significantly greater in Real (+26.89%) than Null (+0.29%) (difference = +26.60%, d = 32.12, p_adj = 0.0000). Suggests connectome biological organization significantly shapes this secondary effect."
BANC,merge_errors,0.1,10.0%,connected_components,scc_count,secondary_emergent,5,5,18345.0,16976.0,18266.6,16972.8,-0.004273644044698828,0.00035452957299556513,-0.00018850141376054,0.00010537549375590135,-0.004085142630938288,-15.620206553650316,welch_t_test,3.7077260162178675e-06,1.051046061377014e-05,True,"At 10.0% error rate, the secondary change in scc count was significantly less in Real (-0.43%) than Null (-0.02%) (difference = -0.41%, d = -15.62, p_adj = 0.0000). Suggests connectome biological organization significantly shapes this secondary effect."
BANC,merge_errors,0.1,10.0%,connected_components,scc_max_size,secondary_emergent,5,5,139405.0,141287.0,133608.0,138610.2,-0.04158387432301568,5.80553568962323e-05,-0.018945833657732104,1.2661139255550594e-05,-0.022638040665283573,-538.7926301762598,welch_t_test,1.340319235927479e-12,1.2117210389668696e-11,True,"At 10.0% error rate, the secondary change in scc max size was significantly less in Real (-4.16%) than Null (-1.89%) (difference = -2.26%, d = -538.79, p_adj = 0.0000). Suggests connectome biological organization significantly shapes this secondary effect."
BANC,merge_errors,0.1,10.0%,connected_components,wcc_max_size,secondary_emergent,5,5,153952.0,153958.0,148071.0,151278.0,-0.038200218249844105,0.0,-0.0174073448602865,0.0,-0.020792873389557605,0.0,welch_t_test,0.0,0.0,True,"At 10.0% error rate, the secondary change in wcc max size was significantly less in Real (-3.82%) than Null (-1.74%) (difference = -2.08%, d = 0.00, p_adj = 0.0000). Suggests connectome biological organization significantly shapes this secondary effect."
BANC,merge_errors,0.1,10.0%,degree_distribution,in_degree_max,secondary_emergent,5,5,4707.0,4707.0,4382.4,4619.8,-0.06896112173358827,0.010460416629029898,-0.01852560016995958,0.0020177115055166773,-0.050435521563628696,-6.695297703184033,welch_t_test,0.00030737364619759874,0.0006269297844701023,True,"At 10.0% error rate, the secondary change in in degree max was significantly less in Real (-6.90%) than Null (-1.85%) (difference = -5.04%, d = -6.70, p_adj = 0.0006). Suggests connectome biological organization significantly shapes this secondary effect."
BANC,merge_errors,0.1,10.0%,degree_distribution,in_degree_mean,secondary_emergent,5,5,25.21160480721841,25.21160480721841,24.70777721631962,25.601052821020424,-0.0199839555931219,0.0010736005110642763,0.015447172711929521,6.584274968452488e-05,-0.03543112830505142,-46.58456679720599,welch_t_test,1.8482612666232505e-07,6.577057379632737e-07,True,"At 10.0% error rate, the secondary change in in degree mean was significantly less in Real (-2.00%) than Null (+1.54%) (difference = -3.54%, d = -46.58, p_adj = 0.0000). Suggests connectome biological organization significantly shapes this secondary effect."
BANC,merge_errors,0.1,10.0%,degree_distribution,in_degree_std,secondary_emergent,5,5,61.05158966286431,61.05158966286431,58.44497027356736,65.11943441388578,-0.04269535656141095,0.0009773844194608213,0.06662962870393213,0.004758534085064219,-0.10932498526534308,-31.826457208936386,welch_t_test,3.618285151595721e-07,1.2163983750841894e-06,True,"At 10.0% error rate, the secondary change in in degree std was significantly less in Real (-4.27%) than Null (+6.66%) (difference = -10.93%, d = -31.83, p_adj = 0.0000). Suggests connectome biological organization significantly shapes this secondary effect."
BANC,merge_errors,0.1,10.0%,degree_distribution,in_degree_variance,secondary_emergent,5,5,3727.29660036276,3727.29660036276,3415.817398768595,4240.608258054081,-0.08356705542667323,0.0018711233855792085,0.13771687974639923,0.01012561566847471,-0.22128393517307246,-30.391501078015317,welch_t_test,5.268244461275274e-07,1.7192466071186138e-06,True,"At 10.0% error rate, the secondary change in in degree variance was significantly less in Real (-8.36%) than Null (+13.77%) (difference = -22.13%, d = -30.39, p_adj = 0.0000). Suggests connectome biological organization significantly shapes this secondary effect."
BANC,merge_errors,0.1,10.0%,degree_distribution,out_degree_mean,secondary_emergent,5,5,25.21160480721841,25.21160480721841,24.70777721631962,25.601052821020424,-0.0199839555931219,0.0010736005110642763,0.015447172711929521,6.584274968452488e-05,-0.03543112830505142,-46.58456679720599,welch_t_test,1.8482612666232505e-07,6.577057379632737e-07,True,"At 10.0% error rate, the secondary change in out degree mean was significantly less in Real (-2.00%) than Null (+1.54%) (difference = -3.54%, d = -46.58, p_adj = 0.0000). Suggests connectome biological organization significantly shapes this secondary effect."
BANC,merge_errors,0.1,10.0%,degree_distribution,out_degree_std,secondary_emergent,5,5,58.00744650135605,58.00744650135605,56.31320029988437,61.54933178909664,-0.029207391527431993,0.0010609579320150836,0.06105914846049647,0.006601102758923357,-0.09026653998792847,-19.09356887535527,welch_t_test,4.447242066510902e-06,1.2448556244752273e-05,True,"At 10.0% error rate, the secondary change in out degree std was significantly less in Real (-2.92%) than Null (+6.11%) (difference = -9.03%, d = -19.09, p_adj = 0.0000). Suggests connectome biological organization significantly shapes this secondary effect."
BANC,merge_errors,0.1,10.0%,degree_distribution,out_degree_variance,secondary_emergent,5,5,3364.863849607683,3364.863849607683,3171.17955809292,3788.4375416472985,-0.057560810829640194,0.002060253243737901,0.12588137617782108,0.013996349090850978,-0.1834421870074613,-18.33769021016746,welch_t_test,5.67861934286167e-06,1.5829151418226905e-05,True,"At 10.0% error rate, the secondary change in out degree variance was significantly less in Real (-5.76%) than Null (+12.59%) (difference = -18.34%, d = -18.34, p_adj = 0.0000). Suggests connectome biological organization significantly shapes this secondary effect."
BANC,merge_errors,0.1,10.0%,degree_distribution,total_degree_max,secondary_emergent,5,5,9489.0,9489.0,8818.8,9312.8,-0.07062914954157447,0.010854520358206863,-0.018568869216988044,0.001572677458063503,-0.05206028032458643,-6.71273726784545,welch_t_test,0.0003587334611920783,0.0007272505622348496,True,"At 10.0% error rate, the secondary change in total degree max was significantly less in Real (-7.06%) than Null (-1.86%) (difference = -5.21%, d = -6.71, p_adj = 0.0007). Suggests connectome biological organization significantly shapes this secondary effect."
BANC,merge_errors,0.1,10.0%,degree_distribution,total_degree_median,secondary_emergent,5,5,21.0,21.0,21.0,20.0,0.0,0.0,-0.0476190476190476,0.0,0.0476190476190476,0.0,welch_t_test,0.0,0.0,True,"At 10.0% error rate, the secondary change in total degree median was significantly greater in Real (+0.00%) than Null (-4.76%) (difference = +4.76%, d = 0.00, p_adj = 0.0000). Suggests connectome biological organization significantly shapes this secondary effect."
BANC,merge_errors,0.1,10.0%,degree_distribution,total_degree_std,secondary_emergent,5,5,111.71935962728317,111.71935962728317,107.75906230922575,119.59856742974253,-0.03544862171847124,0.0010081343031926619,0.0705267898844559,0.006130302016907371,-0.10597541160292714,-24.123687058832484,welch_t_test,1.627711792505305e-06,4.8397297297157735e-06,True,"At 10.0% error rate, the secondary change in total degree std was significantly less in Real (-3.54%) than Null (+7.05%) (difference = -10.60%, d = -24.12, p_adj = 0.0000). Suggests connectome biological organization significantly shapes this secondary effect."
BANC,merge_errors,0.1,10.0%,degree_distribution,total_degree_variance,secondary_emergent,5,5,12481.215315530224,12481.215315530224,11612.025657838109,14304.192572523043,-0.06963982558738441,0.0019454711753735905,0.146057672342573,0.013100931092572914,-0.2156974979299574,-23.03146033837786,welch_t_test,2.1839534977618434e-06,6.324956233777806e-06,True,"At 10.0% error rate, the secondary change in total degree variance was significantly less in Real (-6.96%) than Null (+14.61%) (difference = -21.57%, d = -23.03, p_adj = 0.0000). Suggests connectome biological organization significantly shapes this secondary effect."
BANC,merge_errors,0.1,10.0%,reciprocity,reciprocity,secondary_emergent,5,5,0.1299390807959521,0.0039814147180015,0.13031026679731622,0.00648516357695912,0.0028566155700840536,0.0019737482421894187,0.6288590956469018,0.019005105624641586,-0.6260024800768177,-46.33308824252242,welch_t_test,1.577907346417781e-07,5.706054133802679e-07,True,"At 10.0% error rate, the secondary change in reciprocity was significantly less in Real (+0.29%) than Null (+62.89%) (difference = -62.60%, d = -46.33, p_adj = 0.0000). Suggests connectome biological organization significantly shapes this secondary effect."
BANC,merge_errors,0.15,15.0%,basic_structure,edge_count,secondary_emergent,5,5,3990039.0,3990039.0,3633321.6,3980125.0,-0.08940198328888514,0.0009944701884141314,-0.0024846874930294595,5.533346882010954e-05,-0.08691729579585568,-123.4122298127141,welch_t_test,3.729998444360669e-09,1.876217262614502e-08,True,"At 15.0% error rate, the secondary change in edge count was significantly less in Real (-8.94%) than Null (-0.25%) (difference = -8.69%, d = -123.41, p_adj = 0.0000). Suggests connectome biological organization significantly shapes this secondary effect."
BANC,merge_errors,0.15,15.0%,basic_structure,node_count,secondary_emergent,5,5,158262.0,158262.0,149441.0,154242.0,-0.055736689792875105,0.0,-0.025400917465974105,3.878959614448864e-18,-0.030335772326901,0.0,welch_t_test,6.415818192817521e-65,8.254196867297927e-64,True,"At 15.0% error rate, the secondary change in node count was significantly less in Real (-5.57%) than Null (-2.54%) (difference = -3.03%, d = 0.00, p_adj = 0.0000). Suggests connectome biological organization significantly shapes this secondary effect."
BANC,merge_errors,0.15,15.0%,basic_structure,total_synapses,secondary_emergent,5,5,23556214.0,23556214.0,23535295.6,23556089.6,-0.0008880204603337362,6.593678868227636e-05,-5.280984457009942e-06,1.1361665120142847e-06,-0.0008827394758767263,-18.93020383524821,welch_t_test,7.3795959786066866e-06,2.0233400449540465e-05,True,"At 15.0% error rate, the secondary change in total synapses was significantly less in Real (-0.09%) than Null (-0.00%) (difference = -0.09%, d = -18.93, p_adj = 0.0000). Suggests connectome biological organization significantly shapes this secondary effect."
BANC,merge_errors,0.15,15.0%,basic_structure,weight_max,secondary_emergent,5,5,913.0,913.0,1159.6,913.0,0.27009857612267246,0.00146948607502724,0.0,0.0,0.27009857612267246,259.93922366584144,welch_t_test,2.102649204130854e-10,1.2905250619849001e-09,True,"At 15.0% error rate, the secondary change in weight max was significantly greater in Real (+27.01%) than Null (+0.00%) (difference = +27.01%, d = 259.94, p_adj = 0.0000). Suggests connectome biological organization significantly shapes this secondary effect."
BANC,merge_errors,0.15,15.0%,basic_structure,weight_mean,secondary_emergent,5,5,5.903755326702321,5.903755326702321,6.4776311931816695,5.918429611741707,0.09720522527140374,0.001161214509446281,0.0024855848908601798,5.604735028640043e-05,0.09471964038054356,115.22250218412631,welch_t_test,5.042950919472217e-09,2.4806868861227303e-08,True,"At 15.0% error rate, the secondary change in weight mean was significantly greater in Real (+9.72%) than Null (+0.25%) (difference = +9.47%, d = 115.22, p_adj = 0.0000). Suggests connectome biological organization significantly shapes this secondary effect."
BANC,merge_errors,0.15,15.0%,basic_structure,weight_std,secondary_emergent,5,5,9.45819684392764,9.45819684392764,11.330337779318661,9.477204975225366,0.19793846187426042,0.006067737058593595,0.00200969927052524,5.190101140129819e-05,0.19592876260373518,45.66364278311784,welch_t_test,2.201005888647876e-07,7.629393468940048e-07,True,"At 15.0% error rate, the secondary change in weight std was significantly greater in Real (+19.79%) than Null (+0.20%) (difference = +19.59%, d = 45.66, p_adj = 0.0000). Suggests connectome biological organization significantly shapes this secondary effect."
BANC,merge_errors,0.15,15.0%,basic_structure,weight_variance,secondary_emergent,5,5,89.45748753848277,89.45748753848277,128.37918906949963,89.8174143352148,0.4350860123840784,0.014567424561037573,0.0040234395871805405,0.0001040075080570275,0.43106257279689786,41.84672430835293,welch_t_test,3.1218610327657e-07,1.0710384773950017e-06,True,"At 15.0% error rate, the secondary change in weight variance was significantly greater in Real (+43.51%) than Null (+0.40%) (difference = +43.11%, d = 41.85, p_adj = 0.0000). Suggests connectome biological organization significantly shapes this secondary effect."
BANC,merge_errors,0.15,15.0%,connected_components,scc_count,secondary_emergent,5,5,18345.0,16976.0,18220.8,16971.4,-0.006770237121831562,0.00025392891139497663,-0.00027097078228082,8.933642134840988e-05,-0.006499266339550743,-34.14503057028272,welch_t_test,4.416342052500162e-08,1.7906259594682476e-07,True,"At 15.0% error rate, the secondary change in scc count was significantly less in Real (-0.68%) than Null (-0.03%) (difference = -0.65%, d = -34.15, p_adj = 0.0000). Suggests connectome biological organization significantly shapes this secondary effect."
BANC,merge_errors,0.15,15.0%,connected_components,scc_max_size,secondary_emergent,5,5,139405.0,141287.0,130715.8,137271.6,-0.06233061941824182,4.133240641551826e-05,-0.028420166045000583,1.0734003049220104e-05,-0.03391045337324124,-1123.0145754783211,welch_t_test,1.9818346238357587e-14,1.8940676619230322e-13,True,"At 15.0% error rate, the secondary change in scc max size was significantly less in Real (-6.23%) than Null (-2.84%) (difference = -3.39%, d = -1123.01, p_adj = 0.0000). Suggests connectome biological organization significantly shapes this secondary effect."
BANC,merge_errors,0.15,15.0%,connected_components,wcc_max_size,secondary_emergent,5,5,153952.0,153958.0,145131.0,149938.0,-0.05729707960922885,0.0,-0.0261110172904298,0.0,-0.03118606231879905,0.0,welch_t_test,0.0,0.0,True,"At 15.0% error rate, the secondary change in wcc max size was significantly less in Real (-5.73%) than Null (-2.61%) (difference = -3.12%, d = 0.00, p_adj = 0.0000). Suggests connectome biological organization significantly shapes this secondary effect."
BANC,merge_errors,0.15,15.0%,degree_distribution,in_degree_max,secondary_emergent,5,5,4707.0,4707.0,4185.6,4584.0,-0.11077119184193754,0.01012606822852866,-0.026131293817718244,0.002384740208268918,-0.0846398980242193,-11.50609219694105,welch_t_test,2.4242776029023186e-05,5.897606241242368e-05,True,"At 15.0% error rate, the secondary change in in degree max was significantly less in Real (-11.08%) than Null (-2.61%) (difference = -8.46%, d = -11.51, p_adj = 0.0001). Suggests connectome biological organization significantly shapes this secondary effect."
BANC,merge_errors,0.15,15.0%,degree_distribution,in_degree_mean,secondary_emergent,5,5,25.21160480721841,25.21160480721841,24.312749513185803,25.804417733172546,-0.03565244263130966,0.001053170421496022,0.02351349430102146,5.67756217009582e-05,-0.05916593693233112,-79.33374048779469,welch_t_test,2.2203523343241022e-08,9.583327172018222e-08,True,"At 15.0% error rate, the secondary change in in degree mean was significantly less in Real (-3.57%) than Null (+2.35%) (difference = -5.92%, d = -79.33, p_adj = 0.0000). Suggests connectome biological organization significantly shapes this secondary effect."
BANC,merge_errors,0.15,15.0%,degree_distribution,in_degree_std,secondary_emergent,5,5,61.05158966286431,61.05158966286431,57.05221572976791,65.946752430816,-0.06550810478779542,0.0010641605704726665,0.08018075851887713,0.003990647321975741,-0.14568886330667255,-49.88627410995542,welch_t_test,2.4670599052262033e-08,1.057989151664314e-07,True,"At 15.0% error rate, the secondary change in in degree std was significantly less in Real (-6.55%) than Null (+8.02%) (difference = -14.57%, d = -49.89, p_adj = 0.0000). Suggests connectome biological organization significantly shapes this secondary effect."
BANC,merge_errors,0.15,15.0%,degree_distribution,in_degree_variance,secondary_emergent,5,5,3727.29660036276,3727.29660036276,3254.958696420986,4349.021642723337,-0.12672399183252642,0.0019893113284248963,0.16680321128725548,0.00862529499059296,-0.29352720311978187,-46.89594983473491,welch_t_test,5.113956370237799e-08,2.0364504831482665e-07,True,"At 15.0% error rate, the secondary change in in degree variance was significantly less in Real (-12.67%) than Null (+16.68%) (difference = -29.35%, d = -46.90, p_adj = 0.0000). Suggests connectome biological organization significantly shapes this secondary effect."
BANC,merge_errors,0.15,15.0%,degree_distribution,out_degree_max,secondary_emergent,5,5,4782.0,4782.0,4225.4,4823.0,-0.1163948138854036,0.012382688960782267,0.00857381848598914,0.0734291404122085,-0.12496863237139273,-2.3733325532228444,welch_t_test,0.018011024270057855,0.03027481215243393,True,"At 15.0% error rate, the secondary change in out degree max was significantly less in Real (-11.64%) than Null (+0.86%) (difference = -12.50%, d = -2.37, p_adj = 0.0303). Suggests connectome biological organization significantly shapes this secondary effect."
BANC,merge_errors,0.15,15.0%,degree_distribution,out_degree_mean,secondary_emergent,5,5,25.21160480721841,25.21160480721841,24.312749513185803,25.804417733172546,-0.03565244263130966,0.001053170421496022,0.02351349430102146,5.67756217009582e-05,-0.05916593693233112,-79.33374048779469,welch_t_test,2.2203523343241022e-08,9.583327172018222e-08,True,"At 15.0% error rate, the secondary change in out degree mean was significantly less in Real (-3.57%) than Null (+2.35%) (difference = -5.92%, d = -79.33, p_adj = 0.0000). Suggests connectome biological organization significantly shapes this secondary effect."
BANC,merge_errors,0.15,15.0%,degree_distribution,out_degree_std,secondary_emergent,5,5,58.00744650135605,58.00744650135605,54.90825132045715,62.784424083724616,-0.05342754021807269,0.0029206723601541452,0.08235110956412994,0.004835165966939193,-0.13577864978220264,-33.99294709029354,welch_t_test,6.0844263989343e-10,3.4495603905822426e-09,True,"At 15.0% error rate, the secondary change in out degree std was significantly less in Real (-5.34%) than Null (+8.24%) (difference = -13.58%, d = -33.99, p_adj = 0.0000). Suggests connectome biological organization significantly shapes this secondary effect."
BANC,merge_errors,0.15,15.0%,degree_distribution,out_degree_variance,secondary_emergent,5,5,3364.863849607683,3364.863849607683,3014.9390257817367,3941.9468407887166,-0.10399375412076306,0.0055352736143598575,0.1715026274386457,0.010487566178303178,-0.27549638155940875,-32.85447532999399,welch_t_test,2.855390091727293e-09,1.4808185824539217e-08,True,"At 15.0% error rate, the secondary change in out degree variance was significantly less in Real (-10.40%) than Null (+17.15%) (difference = -27.55%, d = -32.85, p_adj = 0.0000). Suggests connectome biological organization significantly shapes this secondary effect."
BANC,merge_errors,0.15,15.0%,degree_distribution,total_degree_max,secondary_emergent,5,5,9489.0,9489.0,8411.0,9248.4,-0.11360522710506901,0.011229086712094872,-0.025355674992096077,0.0014802773568905901,-0.08824955211297293,-11.01899338363348,welch_t_test,4.977658585149127e-05,0.00011602974193257023,True,"At 15.0% error rate, the secondary change in total degree max was significantly less in Real (-11.36%) than Null (-2.54%) (difference = -8.82%, d = -11.02, p_adj = 0.0001). Suggests connectome biological organization significantly shapes this secondary effect."
BANC,merge_errors,0.15,15.0%,degree_distribution,total_degree_median,secondary_emergent,5,5,21.0,21.0,21.0,20.0,0.0,0.0,-0.0476190476190476,0.0,0.0476190476190476,0.0,welch_t_test,0.0,0.0,True,"At 15.0% error rate, the secondary change in total degree median was significantly greater in Real (+0.00%) than Null (-4.76%) (difference = +4.76%, d = 0.00, p_adj = 0.0000). Suggests connectome biological organization significantly shapes this secondary effect."
BANC,merge_errors,0.15,15.0%,degree_distribution,total_degree_std,secondary_emergent,5,5,111.71935962728317,111.71935962728317,105.22446984425478,121.51954535879145,-0.0581357591441317,0.0016033154564129475,0.08772146353329943,0.00434700328475717,-0.14585722267743112,-44.52015550609708,welch_t_test,8.899510061358939e-09,4.1345640493396734e-08,True,"At 15.0% error rate, the secondary change in total degree std was significantly less in Real (-5.81%) than Null (+8.77%) (difference = -14.59%, d = -44.52, p_adj = 0.0000). Suggests connectome biological organization significantly shapes this secondary effect."
BANC,merge_errors,0.15,15.0%,degree_distribution,total_degree_variance,secondary_emergent,5,5,12481.215315530224,12481.215315530224,11072.214721578379,14767.188584612053,-0.11288969530063668,0.0030212860220002772,0.1831530993810691,0.009467934096805724,-0.2960427946817058,-42.12666572344254,welch_t_test,2.5807420876777875e-08,1.0996920106091973e-07,True,"At 15.0% error rate, the secondary change in total degree variance was significantly less in Real (-11.29%) than Null (+18.32%) (difference = -29.60%, d = -42.13, p_adj = 0.0000). Suggests connectome biological organization significantly shapes this secondary effect."
BANC,merge_errors,0.15,15.0%,reciprocity,reciprocity,secondary_emergent,5,5,0.1299390807959521,0.0039814147180015,0.13153018433758928,0.007504791443823,0.012244996131192948,0.0013899036707230256,0.8849559705224948,0.0121974578153426,-0.8727109743913019,-100.53439641280882,welch_t_test,6.215504953380262e-09,2.970123438436711e-08,True,"At 15.0% error rate, the secondary change in reciprocity was significantly less in Real (+1.22%) than Null (+88.50%) (difference = -87.27%, d = -100.53, p_adj = 0.0000). Suggests connectome biological organization significantly shapes this secondary effect."
BANC,merge_errors,0.2,20.0%,basic_structure,edge_count,secondary_emergent,5,5,3990039.0,3990039.0,3504141.6,3976984.4,-0.12177760668504745,0.0014964154399336365,-0.00327179759395832,5.993129598232659e-05,-0.11850580909108913,-111.90627326568918,welch_t_test,5.807096329592383e-09,2.7949262190628085e-08,True,"At 20.0% error rate, the secondary change in edge count was significantly less in Real (-12.18%) than Null (-0.33%) (difference = -11.85%, d = -111.91, p_adj = 0.0000). Suggests connectome biological organization significantly shapes this secondary effect."
BANC,merge_errors,0.2,20.0%,basic_structure,node_count,secondary_emergent,5,5,158262.0,158262.0,146501.0,152902.0,-0.07431348017843828,0.0,-0.0338678899546321,0.0,-0.04044559022380618,0.0,welch_t_test,0.0,0.0,True,"At 20.0% error rate, the secondary change in node count was significantly less in Real (-7.43%) than Null (-3.39%) (difference = -4.04%, d = 0.00, p_adj = 0.0000). Suggests connectome biological organization significantly shapes this secondary effect."
BANC,merge_errors,0.2,20.0%,basic_structure,total_synapses,secondary_emergent,5,5,23556214.0,23556214.0,23530251.2,23556054.2,-0.0011021635310326182,5.312968113498807e-05,-6.7837726385063404e-06,1.669002981043835e-06,-0.0010953797583941119,-29.14260159811339,welch_t_test,1.2982953097356042e-06,3.947998010059633e-06,True,"At 20.0% error rate, the secondary change in total synapses was significantly less in Real (-0.11%) than Null (-0.00%) (difference = -0.11%, d = -29.14, p_adj = 0.0000). Suggests connectome biological organization significantly shapes this secondary effect."
BANC,merge_errors,0.2,20.0%,basic_structure,weight_max,secondary_emergent,5,5,913.0,913.0,1955.8,913.0,1.1421686746987951,0.06179126333300337,0.0,0.0,1.1421686746987951,26.140757497897063,welch_t_test,2.0478854734043422e-06,5.98268725636465e-06,True,"At 20.0% error rate, the secondary change in weight max was significantly greater in Real (+114.22%) than Null (+0.00%) (difference = +114.22%, d = 26.14, p_adj = 0.0000). Suggests connectome biological organization significantly shapes this secondary effect."
BANC,merge_errors,0.2,20.0%,basic_structure,weight_mean,secondary_emergent,5,5,5.903755326702321,5.903755326702321,6.7149985782261385,5.92309446050216,0.1374113943805589,0.0019393620427221876,0.0032757342961638,6.123756596143834e-05,0.13413566008439512,97.76512455889453,welch_t_test,1.0179043622183002e-08,4.6964001263727096e-08,True,"At 20.0% error rate, the secondary change in weight mean was significantly greater in Real (+13.74%) than Null (+0.33%) (difference = +13.41%, d = 97.77, p_adj = 0.0000). Suggests connectome biological organization significantly shapes this secondary effect."
BANC,merge_errors,0.2,20.0%,basic_structure,weight_std,secondary_emergent,5,5,9.45819684392764,9.45819684392764,11.958707160567979,9.48302992636445,0.26437494988759075,0.00538087237004344,0.0026255620227181803,7.324561239491949e-05,0.26174938786487256,68.78721864274443,welch_t_test,4.262594904221152e-08,1.7388268237341162e-07,True,"At 20.0% error rate, the secondary change in weight std was significantly greater in Real (+26.44%) than Null (+0.26%) (difference = +26.17%, d = 68.79, p_adj = 0.0000). Suggests connectome biological organization significantly shapes this secondary effect."
BANC,merge_errors,0.2,20.0%,basic_structure,weight_variance,secondary_emergent,5,5,89.45748753848277,89.45748753848277,143.01274905868476,89.92785696826954,0.5986671769332179,0.01359116171815761,0.005258021913307339,0.00014687191027397333,0.5934091550199105,61.742939706947155,welch_t_test,6.579592554455574e-08,2.604584271556674e-07,True,"At 20.0% error rate, the secondary change in weight variance was significantly greater in Real (+59.87%) than Null (+0.53%) (difference = +59.34%, d = 61.74, p_adj = 0.0000). Suggests connectome biological organization significantly shapes this secondary effect."
BANC,merge_errors,0.2,20.0%,connected_components,scc_count,secondary_emergent,5,5,18345.0,16976.0,18169.6,16969.2,-0.009561188334696102,0.00018725063000618912,-0.00040056550424123993,0.00011330928405789373,-0.009160622830454863,-59.192150500363866,welch_t_test,1.557790518735767e-11,1.1327846272111175e-10,True,"At 20.0% error rate, the secondary change in scc count was significantly less in Real (-0.96%) than Null (-0.04%) (difference = -0.92%, d = -59.19, p_adj = 0.0000). Suggests connectome biological organization significantly shapes this secondary effect."
BANC,merge_errors,0.2,20.0%,connected_components,scc_max_size,secondary_emergent,5,5,139405.0,141287.0,127828.8,135933.8,-0.08304006312542592,2.5563688076045667e-05,-0.0378888361986594,1.3614404765944307e-05,-0.04515122692676652,-2204.6584709769686,welch_t_test,1.8986667160615027e-20,2.2682286304377594e-19,True,"At 20.0% error rate, the secondary change in scc max size was significantly less in Real (-8.30%) than Null (-3.79%) (difference = -4.52%, d = -2204.66, p_adj = 0.0000). Suggests connectome biological organization significantly shapes this secondary effect."
BANC,merge_errors,0.2,20.0%,connected_components,wcc_max_size,secondary_emergent,5,5,153952.0,153958.0,142191.0,148598.0,-0.0763939409686136,0.0,-0.0348146897205731,0.0,-0.0415792512480405,0.0,welch_t_test,0.0,0.0,True,"At 20.0% error rate, the secondary change in wcc max size was significantly less in Real (-7.64%) than Null (-3.48%) (difference = -4.16%, d = 0.00, p_adj = 0.0000). Suggests connectome biological organization significantly shapes this secondary effect."
BANC,merge_errors,0.2,20.0%,degree_distribution,in_degree_max,secondary_emergent,5,5,4707.0,4707.0,4011.8,4543.6,-0.1476949224559167,0.010038550032728384,-0.034714255364350924,0.0021592650855783904,-0.11298066709156578,-15.56062051972557,welch_t_test,7.459160444581409e-06,2.031336978252762e-05,True,"At 20.0% error rate, the secondary change in in degree max was significantly less in Real (-14.77%) than Null (-3.47%) (difference = -11.30%, d = -15.56, p_adj = 0.0000). Suggests connectome biological organization significantly shapes this secondary effect."
BANC,merge_errors,0.2,20.0%,degree_distribution,in_degree_mean,secondary_emergent,5,5,25.21160480721841,25.21160480721841,23.918892021214873,26.01002210566245,-0.05127451409334392,0.0016165466471543977,0.03166864245846984,6.203219555499535e-05,-0.08294315655181377,-72.50831284697489,welch_t_test,3.324955961572705e-08,1.373083665612432e-07,True,"At 20.0% error rate, the secondary change in in degree mean was significantly less in Real (-5.13%) than Null (+3.17%) (difference = -8.29%, d = -72.51, p_adj = 0.0000). Suggests connectome biological organization significantly shapes this secondary effect."
BANC,merge_errors,0.2,20.0%,degree_distribution,in_degree_median,secondary_emergent,5,5,9.0,9.0,9.0,8.0,0.0,0.0,-0.11111111111111112,1.5515838457795457e-17,0.11111111111111112,0.0,welch_t_test,9.126038082997564e-65,1.1100580868227947e-63,True,"At 20.0% error rate, the secondary change in in degree median was significantly greater in Real (+0.00%) than Null (-11.11%) (difference = +11.11%, d = 0.00, p_adj = 0.0000). Suggests connectome biological organization significantly shapes this secondary effect."
BANC,merge_errors,0.2,20.0%,degree_distribution,in_degree_std,secondary_emergent,5,5,61.05158966286431,61.05158966286431,55.78645907534995,67.0227183395921,-0.08624067967090066,0.002333631775606287,0.09780463882597061,0.00477603387879825,-0.18404531849687128,-48.96455849734994,welch_t_test,5.622532917816311e-10,3.214935488905224e-09,True,"At 20.0% error rate, the secondary change in in degree std was significantly less in Real (-8.62%) than Null (+9.78%) (difference = -18.40%, d = -48.96, p_adj = 0.0000). Suggests connectome biological organization significantly shapes this secondary effect."
BANC,merge_errors,0.2,20.0%,degree_distribution,in_degree_variance,secondary_emergent,5,5,3727.29660036276,3727.29660036276,3112.1452547662716,4492.11279082642,-0.1650395478418912,0.004261909671196365,0.20519327342750904,0.010496674466155738,-0.37023282126940027,-46.217031377769445,welch_t_test,3.810718062694399e-09,1.9025152118974273e-08,True,"At 20.0% error rate, the secondary change in in degree variance was significantly less in Real (-16.50%) than Null (+20.52%) (difference = -37.02%, d = -46.22, p_adj = 0.0000). Suggests connectome biological organization significantly shapes this secondary effect."
BANC,merge_errors,0.2,20.0%,degree_distribution,out_degree_max,secondary_emergent,5,5,4782.0,4782.0,4030.0,4782.0,-0.15725637808448348,0.012199816704534593,1.3877787807814457e-17,0.07470911954902773,-0.1572563780844835,-2.937886672060847,welch_t_test,0.008556222618627866,0.014906544093390735,True,"At 20.0% error rate, the secondary change in out degree max was significantly less in Real (-15.73%) than Null (+0.00%) (difference = -15.73%, d = -2.94, p_adj = 0.0149). Suggests connectome biological organization significantly shapes this secondary effect."
BANC,merge_errors,0.2,20.0%,degree_distribution,out_degree_mean,secondary_emergent,5,5,25.21160480721841,25.21160480721841,23.918892021214873,26.01002210566245,-0.05127451409334392,0.0016165466471543977,0.03166864245846984,6.203219555499535e-05,-0.08294315655181377,-72.50831284697489,welch_t_test,3.324955961572705e-08,1.373083665612432e-07,True,"At 20.0% error rate, the secondary change in out degree mean was significantly less in Real (-5.13%) than Null (+3.17%) (difference = -8.29%, d = -72.51, p_adj = 0.0000). Suggests connectome biological organization significantly shapes this secondary effect."
BANC,merge_errors,0.2,20.0%,degree_distribution,out_degree_std,secondary_emergent,5,5,58.00744650135605,58.00744650135605,53.774629426568346,64.03458658417253,-0.07297023623835511,0.0014740267612211345,0.10390286844768444,0.005192444917240369,-0.17687310468603956,-46.342019629958195,welch_t_test,2.7350183435829602e-08,1.1507718690924531e-07,True,"At 20.0% error rate, the secondary change in out degree std was significantly less in Real (-7.30%) than Null (+10.39%) (difference = -17.69%, d = -46.34, p_adj = 0.0000). Suggests connectome biological organization significantly shapes this secondary effect."
BANC,merge_errors,0.2,20.0%,degree_distribution,out_degree_variance,secondary_emergent,5,5,3364.863849607683,3364.863849607683,2891.716618784265,4100.5008563847505,-0.14061407889611438,0.002733016698618982,0.21862311215440067,0.011489363235600273,-0.35923719105051505,-43.01781441135798,welch_t_test,6.895776088875187e-08,2.7136907079161766e-07,True,"At 20.0% error rate, the secondary change in out degree variance was significantly less in Real (-14.06%) than Null (+21.86%) (difference = -35.92%, d = -43.02, p_adj = 0.0000). Suggests connectome biological organization significantly shapes this secondary effect."
BANC,merge_errors,0.2,20.0%,degree_distribution,total_degree_max,secondary_emergent,5,5,9489.0,9489.0,8041.8,9166.0,-0.15251343661081254,0.010948247484008721,-0.034039414058383344,0.0015253572374465338,-0.1184740225524292,-15.157194063995542,welch_t_test,1.300151356056057e-05,3.308789885494289e-05,True,"At 20.0% error rate, the secondary change in total degree max was significantly less in Real (-15.25%) than Null (-3.40%) (difference = -11.85%, d = -15.16, p_adj = 0.0000). Suggests connectome biological organization significantly shapes this secondary effect."
BANC,merge_errors,0.2,20.0%,degree_distribution,total_degree_median,secondary_emergent,5,5,21.0,21.0,20.0,20.0,-0.047619047619047616,0.0,-0.0476190476190476,0.0,-1.3877787807814457e-17,0.0,welch_t_test,0.0,0.0,True,"At 20.0% error rate, the secondary change in total degree median was significantly less in Real (-4.76%) than Null (-4.76%) (difference = -0.00%, d = 0.00, p_adj = 0.0000). Suggests connectome biological organization significantly shapes this secondary effect."
BANC,merge_errors,0.2,20.0%,degree_distribution,total_degree_std,secondary_emergent,5,5,111.71935962728317,111.71935962728317,103.04656202485482,123.84111980379878,-0.07763021226904998,0.0018338655699387581,0.1085018766394303,0.0045502485158410945,-0.18613208890848026,-53.65594291822021,welch_t_test,1.835053694869831e-09,1.0062712474327187e-08,True,"At 20.0% error rate, the secondary change in total degree std was significantly less in Real (-7.76%) than Null (+10.85%) (difference = -18.61%, d = -53.66, p_adj = 0.0000). Suggests connectome biological organization significantly shapes this secondary effect."
BANC,merge_errors,0.2,20.0%,degree_distribution,total_degree_variance,secondary_emergent,5,5,12481.215315530224,12481.215315530224,10618.62752523228,15336.829690728473,-0.14923128423081916,0.003381286517759247,0.2287929743223837,0.010096286110863804,-0.3780242585532029,-50.20988767805834,welch_t_test,8.617611396211983e-09,4.031595821025047e-08,True,"At 20.0% error rate, the secondary change in total degree variance was significantly less in Real (-14.92%) than Null (+22.88%) (difference = -37.80%, d = -50.21, p_adj = 0.0000). Suggests connectome biological organization significantly shapes this secondary effect."
BANC,merge_errors,0.2,20.0%,reciprocity,reciprocity,secondary_emergent,5,5,0.1299390807959521,0.0039814147180015,0.13350490910294538,0.00863579234760414,0.0274423082351401,0.001409611552670222,1.1690260772278935,0.016285038501516275,-1.1415837689927535,-98.76728207114151,welch_t_test,7.95309900454044e-09,3.7734916553457826e-08,True,"At 20.0% error rate, the secondary change in reciprocity was significantly less in Real (+2.74%) than Null (+116.90%) (difference = -114.16%, d = -98.77, p_adj = 0.0000). Suggests connectome biological organization significantly shapes this secondary effect."
BANC,missed_synapses,0.005,0.5%,basic_structure,weight_std,secondary_emergent,5,5,9.45819684392764,9.45819684392764,9.41782273640122,9.416637446648588,-0.004268689708265096,2.9542253222411158e-05,-0.00439400849494204,3.87661833881995e-05,0.0001253187866769442,3.636202172056408,welch_t_test,0.0005511100676743501,0.0010812100741177135,True,"At 0.5% error rate, the secondary change in weight std was significantly greater in Real (-0.43%) than Null (-0.44%) (difference = +0.01%, d = 3.64, p_adj = 0.0011). Suggests connectome biological organization significantly shapes this secondary effect."
BANC,missed_synapses,0.005,0.5%,basic_structure,weight_variance,secondary_emergent,5,5,89.45748753848277,89.45748753848277,88.69538515673462,88.67306090917502,-0.008519157006508954,5.883216681007047e-05,-0.00876870847697694,7.719148525919756e-05,0.0002495514704679864,3.636264449652521,welch_t_test,0.0005509341716649436,0.0010812100741177135,True,"At 0.5% error rate, the secondary change in weight variance was significantly greater in Real (-0.85%) than Null (-0.88%) (difference = +0.02%, d = 3.64, p_adj = 0.0011). Suggests connectome biological organization significantly shapes this secondary effect."
BANC,missed_synapses,0.005,0.5%,connected_components,scc_count,secondary_emergent,5,5,18345.0,16976.0,18345.0,16981.4,0.0,0.0,0.00031809613572098,0.00015360985874655797,-0.00031809613572098,-2.9285611805509384,welch_t_test,0.009803819680560159,0.01673151879156823,True,"At 0.5% error rate, the secondary change in scc count was significantly less in Real (+0.00%) than Null (+0.03%) (difference = -0.03%, d = -2.93, p_adj = 0.0167). Suggests connectome biological organization significantly shapes this secondary effect."
BANC,missed_synapses,0.005,0.5%,connected_components,scc_max_size,secondary_emergent,5,5,139405.0,141287.0,139405.0,141281.6,0.0,0.0,-3.822007686482125e-05,1.845662348327206e-05,3.822007686482125e-05,2.928561180551858,welch_t_test,0.009803819680549466,0.01673151879156823,True,"At 0.5% error rate, the secondary change in scc max size was significantly greater in Real (+0.00%) than Null (-0.00%) (difference = +0.00%, d = 2.93, p_adj = 0.0167). Suggests connectome biological organization significantly shapes this secondary effect."
BANC,missed_synapses,0.005,0.5%,degree_distribution,in_degree_std,secondary_emergent,5,5,61.05158966286431,61.05158966286431,60.99917196775823,61.013431146670314,-0.000858580348120742,5.625818152009655e-05,-0.00062502084556204,6.752209924491202e-06,-0.00023355950255870206,-5.829363099758448,welch_t_test,0.0006728046041211818,0.0013046558845132483,True,"At 0.5% error rate, the secondary change in in degree std was significantly less in Real (-0.09%) than Null (-0.06%) (difference = -0.02%, d = -5.83, p_adj = 0.0013). Suggests connectome biological organization significantly shapes this secondary effect."
BANC,missed_synapses,0.005,0.5%,degree_distribution,in_degree_variance,secondary_emergent,5,5,3727.29660036276,3727.29660036276,3720.898990189607,3722.6387804254277,-0.0017164210040409925,0.00011241869406544746,-0.00124965100359288,1.3495935741114379e-05,-0.0004667700004481125,-5.83004860649361,welch_t_test,0.0006724484809049503,0.0013046558845132483,True,"At 0.5% error rate, the secondary change in in degree variance was significantly less in Real (-0.17%) than Null (-0.12%) (difference = -0.05%, d = -5.83, p_adj = 0.0013). Suggests connectome biological organization significantly shapes this secondary effect."
BANC,missed_synapses,0.005,0.5%,degree_distribution,total_degree_std,secondary_emergent,5,5,111.71935962728317,111.71935962728317,111.62084308547551,111.63666197070968,-0.0008818215762810777,5.082274785826648e-05,-0.0007402267328541999,2.3906479096605847e-05,-0.0001415948434268778,-3.56532508967793,welch_t_test,0.0015969856578586994,0.0029759983429177433,True,"At 0.5% error rate, the secondary change in total degree std was significantly less in Real (-0.09%) than Null (-0.07%) (difference = -0.01%, d = -3.57, p_adj = 0.0030). Suggests connectome biological organization significantly shapes this secondary effect."
BANC,missed_synapses,0.005,0.5%,degree_distribution,total_degree_variance,secondary_emergent,5,5,12481.215315530224,12481.215315530224,12459.212636903048,12462.744301669107,-0.001762863476908293,0.00010155607008314346,-0.00147990507287648,4.7777778616742085e-05,-0.00028295840403181304,-3.5654570525458578,welch_t_test,0.001596281196459635,0.0029759983429177433,True,"At 0.5% error rate, the secondary change in total degree variance was significantly less in Real (-0.18%) than Null (-0.15%) (difference = -0.03%, d = -3.57, p_adj = 0.0030). Suggests connectome biological organization significantly shapes this secondary effect."
BANC,missed_synapses,0.01,1.0%,basic_structure,weight_std,secondary_emergent,5,5,9.45819684392764,9.45819684392764,9.37744183180769,9.375069613762971,-0.008538098059546747,4.7917972417996354e-05,-0.008788908873052,5.938857423592161e-05,0.00025081081350525336,4.64817886509309,welch_t_test,9.98649064789971e-05,0.0002204938034140233,True,"At 1.0% error rate, the secondary change in weight std was significantly greater in Real (-0.85%) than Null (-0.88%) (difference = +0.03%, d = 4.65, p_adj = 0.0002). Suggests connectome biological organization significantly shapes this secondary effect."
BANC,missed_synapses,0.01,1.0%,basic_structure,weight_variance,secondary_emergent,5,5,89.45748753848277,89.45748753848277,87.93641547326175,87.89193051531524,-0.01700329516371322,9.501664156173688e-05,-0.01750057000532304,0.00011773080313006355,0.000497274841609819,4.648372063685507,welch_t_test,9.978560485447309e-05,0.0002204938034140233,True,"At 1.0% error rate, the secondary change in weight variance was significantly greater in Real (-1.70%) than Null (-1.75%) (difference = +0.05%, d = 4.65, p_adj = 0.0002). Suggests connectome biological organization significantly shapes this secondary effect."
BANC,missed_synapses,0.01,1.0%,connected_components,scc_count,secondary_emergent,5,5,18345.0,16976.0,18345.2,16987.2,1.0902153175252113e-05,2.4377955600978905e-05,0.00065975494816206,0.00020575222898885294,-0.0006488527949868078,-4.428835118468592,welch_t_test,0.001973294634259785,0.0036267420613181212,True,"At 1.0% error rate, the secondary change in scc count was significantly less in Real (+0.00%) than Null (+0.07%) (difference = -0.06%, d = -4.43, p_adj = 0.0036). Suggests connectome biological organization significantly shapes this secondary effect."
BANC,missed_synapses,0.01,1.0%,connected_components,scc_max_size,secondary_emergent,5,5,139405.0,141287.0,139404.8,141275.8,-1.4346687708475306e-06,3.2080168968111475e-06,-7.927127053443148e-05,2.4721664691808446e-05,7.783660176358395e-05,4.415654070387026,welch_t_test,0.0019556408720720043,0.003604197640264933,True,"At 1.0% error rate, the secondary change in scc max size was significantly greater in Real (-0.00%) than Null (-0.01%) (difference = +0.01%, d = 4.42, p_adj = 0.0036). Suggests connectome biological organization significantly shapes this secondary effect."
BANC,missed_synapses,0.01,1.0%,degree_distribution,in_degree_max,secondary_emergent,5,5,4707.0,4707.0,4693.0,4702.8,-0.0029742936052687486,0.0010622477161674104,-0.00089228808158058,0.0005895235574893101,-0.0020820055236881684,-2.42363489746462,welch_t_test,0.007989807941902297,0.014066267139822728,True,"At 1.0% error rate, the secondary change in in degree max was significantly less in Real (-0.30%) than Null (-0.09%) (difference = -0.21%, d = -2.42, p_adj = 0.0141). Suggests connectome biological organization significantly shapes this secondary effect."
BANC,missed_synapses,0.01,1.0%,degree_distribution,in_degree_std,secondary_emergent,5,5,61.05158966286431,61.05158966286431,60.94462934571474,60.976332629825,-0.00175196612799466,7.252369249061017e-05,-0.00123267933652306,3.2036847579814246e-05,-0.0005192867914715999,-9.262612828291475,welch_t_test,1.2827503429773474e-05,3.2879692699304426e-05,True,"At 1.0% error rate, the secondary change in in degree std was significantly less in Real (-0.18%) than Null (-0.12%) (difference = -0.05%, d = -9.26, p_adj = 0.0000). Suggests connectome biological organization significantly shapes this secondary effect."
BANC,missed_synapses,0.01,1.0%,degree_distribution,in_degree_variance,secondary_emergent,5,5,3727.29660036276,3727.29660036276,3714.2478617700813,3718.1131440434983,-0.003500858662927084,0.0001447925154699297,-0.0024638383536118,6.399488230897263e-05,-0.001037020309315284,-9.264240945144063,welch_t_test,1.278828753971683e-05,3.2879692699304426e-05,True,"At 1.0% error rate, the secondary change in in degree variance was significantly less in Real (-0.35%) than Null (-0.25%) (difference = -0.10%, d = -9.26, p_adj = 0.0000). Suggests connectome biological organization significantly shapes this secondary effect."
BANC,missed_synapses,0.01,1.0%,degree_distribution,total_degree_max,secondary_emergent,5,5,9489.0,9489.0,9461.6,9473.8,-0.0028875540099062074,0.0005404523724294694,-0.0016018547792179803,0.0004677487832474008,-0.0012856992306882272,-2.5438758514963955,welch_t_test,0.003993467388586868,0.0071818002230231584,True,"At 1.0% error rate, the secondary change in total degree max was significantly less in Real (-0.29%) than Null (-0.16%) (difference = -0.13%, d = -2.54, p_adj = 0.0072). Suggests connectome biological organization significantly shapes this secondary effect."
BANC,missed_synapses,0.01,1.0%,degree_distribution,total_degree_std,secondary_emergent,5,5,111.71935962728317,111.71935962728317,111.51848226715428,111.55440861511306,-0.0017980532720473993,4.493386641011479e-05,-0.00147647652761708,5.502870260574169e-05,-0.0003215767444303193,-6.4013846596032105,welch_t_test,1.0268136457515786e-05,2.675980673979309e-05,True,"At 1.0% error rate, the secondary change in total degree std was significantly less in Real (-0.18%) than Null (-0.15%) (difference = -0.03%, d = -6.40, p_adj = 0.0000). Suggests connectome biological organization significantly shapes this secondary effect."
BANC,missed_synapses,0.01,1.0%,degree_distribution,total_degree_variance,secondary_emergent,5,5,12481.215315530224,12481.215315530224,12436.371907329783,12444.386111703685,-0.0035928719332837195,8.970715601515953e-05,-0.00295077064977102,0.000109896133318646,-0.0006421012835126994,-6.401114857398281,welch_t_test,1.0279925758037108e-05,2.675980673979309e-05,True,"At 1.0% error rate, the secondary change in total degree variance was significantly less in Real (-0.36%) than Null (-0.30%) (difference = -0.06%, d = -6.40, p_adj = 0.0000). Suggests connectome biological organization significantly shapes this secondary effect."
BANC,missed_synapses,0.02,2.0%,basic_structure,weight_max,secondary_emergent,5,5,913.0,913.0,906.8,902.6,-0.006790799561883899,0.0017997455339709733,-0.01139101861993424,0.00227124220737435,0.0046002190580503415,2.244994432064338,welch_t_test,0.008162443284707603,0.014332479153462956,True,"At 2.0% error rate, the secondary change in weight max was significantly greater in Real (-0.68%) than Null (-1.14%) (difference = +0.46%, d = 2.24, p_adj = 0.0143). Suggests connectome biological organization significantly shapes this secondary effect."
BANC,missed_synapses,0.02,2.0%,basic_structure,weight_std,secondary_emergent,5,5,9.45819684392764,9.45819684392764,9.296897985312146,9.292057222822976,-0.017053869915918667,7.76518089959173e-05,-0.01756567597885524,8.007392052105014e-05,0.0005118060629365727,6.489058288310907,welch_t_test,7.053612727076107e-06,1.9499450059561634e-05,True,"At 2.0% error rate, the secondary change in weight std was significantly greater in Real (-1.71%) than Null (-1.76%) (difference = +0.05%, d = 6.49, p_adj = 0.0000). Suggests connectome biological organization significantly shapes this secondary effect."
BANC,missed_synapses,0.02,2.0%,basic_structure,weight_variance,secondary_emergent,5,5,89.45748753848277,89.45748753848277,86.4323125808299,86.34232789108577,-0.03381690052888549,0.00015265389299531183,-0.034822793855650194,0.00015733332882411183,0.0010058933267647063,6.489162558088087,welch_t_test,7.0511279791880075e-06,1.9499450059561634e-05,True,"At 2.0% error rate, the secondary change in weight variance was significantly greater in Real (-3.38%) than Null (-3.48%) (difference = +0.10%, d = 6.49, p_adj = 0.0000). Suggests connectome biological organization significantly shapes this secondary effect."
BANC,missed_synapses,0.02,2.0%,connected_components,scc_count,secondary_emergent,5,5,18345.0,16976.0,18345.2,16998.4,1.0902153175252113e-05,2.4377955600978905e-05,0.00131950989632418,0.00016451743689646165,-0.0013086077431489279,-11.127465647005469,welch_t_test,4.4816312630150154e-05,0.00010520039701603669,True,"At 2.0% error rate, the secondary change in scc count was significantly less in Real (+0.00%) than Null (+0.13%) (difference = -0.13%, d = -11.13, p_adj = 0.0001). Suggests connectome biological organization significantly shapes this secondary effect."
BANC,missed_synapses,0.02,2.0%,connected_components,scc_max_size,secondary_emergent,5,5,139405.0,141287.0,139404.8,141264.6,-1.4346687708475306e-06,3.2080168968111475e-06,-0.0001585425410688,1.9767197327087662e-05,0.00015710787229795246,11.094880753621267,welch_t_test,4.2645199778604e-05,0.00010045647412635942,True,"At 2.0% error rate, the secondary change in scc max size was significantly greater in Real (-0.00%) than Null (-0.02%) (difference = +0.02%, d = 11.09, p_adj = 0.0001). Suggests connectome biological organization significantly shapes this secondary effect."
BANC,missed_synapses,0.02,2.0%,connected_components,wcc_count,secondary_emergent,5,5,4306.0,4303.0,4306.0,4308.0,0.0,0.0,0.00116198001394372,0.00036745034396564624,-0.00116198001394372,-4.472135954999464,welch_t_test,0.0021106458450914755,0.003843547426575723,True,"At 2.0% error rate, the secondary change in wcc count was significantly less in Real (+0.00%) than Null (+0.12%) (difference = -0.12%, d = -4.47, p_adj = 0.0038). Suggests connectome biological organization significantly shapes this secondary effect."
BANC,missed_synapses,0.02,2.0%,connected_components,wcc_max_size,secondary_emergent,5,5,153952.0,153958.0,153952.0,153953.0,0.0,0.0,-3.247638966471375e-05,1.0269936151964755e-05,3.247638966471375e-05,4.472135954999579,welch_t_test,0.0021106458450912725,0.003843547426575723,True,"At 2.0% error rate, the secondary change in wcc max size was significantly greater in Real (+0.00%) than Null (-0.00%) (difference = +0.00%, d = 4.47, p_adj = 0.0038). Suggests connectome biological organization significantly shapes this secondary effect."
BANC,missed_synapses,0.02,2.0%,degree_distribution,in_degree_max,secondary_emergent,5,5,4707.0,4707.0,4679.2,4700.2,-0.005906097301890801,0.0012333057381516883,-0.00144465689398762,0.0006443913697940706,-0.004461440407903181,-4.534251929419106,welch_t_test,0.0003629458425323316,0.0007335672769006944,True,"At 2.0% error rate, the secondary change in in degree max was significantly less in Real (-0.59%) than Null (-0.14%) (difference = -0.45%, d = -4.53, p_adj = 0.0007). Suggests connectome biological organization significantly shapes this secondary effect."
BANC,missed_synapses,0.02,2.0%,degree_distribution,in_degree_std,secondary_emergent,5,5,61.05158966286431,61.05158966286431,60.83762673559839,60.90249928643063,-0.0035046249974397398,8.007016511289266e-05,-0.00244203922055036,5.312001623800874e-05,-0.0010625857768893797,-15.638977096501721,welch_t_test,4.941175525834806e-08,1.9794289980739434e-07,True,"At 2.0% error rate, the secondary change in in degree std was significantly less in Real (-0.35%) than Null (-0.24%) (difference = -0.11%, d = -15.64, p_adj = 0.0000). Suggests connectome biological organization significantly shapes this secondary effect."
BANC,missed_synapses,0.02,2.0%,degree_distribution,in_degree_variance,secondary_emergent,5,5,3727.29660036276,3727.29660036276,3701.216845937245,3709.1144277476424,-0.006996962469521822,0.00015957547717719838,-0.0048781126281572,0.00010598074050197071,-0.002118849841364622,-15.642434081930743,welch_t_test,4.89491819614177e-08,1.972711007963159e-07,True,"At 2.0% error rate, the secondary change in in degree variance was significantly less in Real (-0.70%) than Null (-0.49%) (difference = -0.21%, d = -15.64, p_adj = 0.0000). Suggests connectome biological organization significantly shapes this secondary effect."
BANC,missed_synapses,0.02,2.0%,degree_distribution,total_degree_max,secondary_emergent,5,5,9489.0,9489.0,9436.8,9459.8,-0.005501106544419854,0.0006427632282422555,-0.00307724733902406,0.0007085145458518814,-0.002423859205395794,-3.583267478886245,welch_t_test,0.0004890928050441746,0.000970929040280572,True,"At 2.0% error rate, the secondary change in total degree max was significantly less in Real (-0.55%) than Null (-0.31%) (difference = -0.24%, d = -3.58, p_adj = 0.0010). Suggests connectome biological organization significantly shapes this secondary effect."
BANC,missed_synapses,0.02,2.0%,degree_distribution,total_degree_std,secondary_emergent,5,5,111.71935962728317,111.71935962728317,111.3187699494791,111.38994915750668,-0.0035856782489668048,6.619524774893325e-05,-0.0029485531502816196,4.232532888035696e-05,-0.0006371250986851851,-11.467875780217131,welch_t_test,5.182175970840939e-07,1.6994488845551904e-06,True,"At 2.0% error rate, the secondary change in total degree std was significantly less in Real (-0.36%) than Null (-0.29%) (difference = -0.06%, d = -11.47, p_adj = 0.0000). Suggests connectome biological organization significantly shapes this secondary effect."
BANC,missed_synapses,0.02,2.0%,degree_distribution,total_degree_variance,secondary_emergent,5,5,12481.215315530224,12481.215315530224,12391.86858681731,12407.720791199336,-0.007158495903979792,0.00013191468979960877,-0.0058884109017364,8.44032308746318e-05,-0.001270085002243392,-11.469376718680449,welch_t_test,5.156414457905754e-07,1.6993306760290393e-06,True,"At 2.0% error rate, the secondary change in total degree variance was significantly less in Real (-0.72%) than Null (-0.59%) (difference = -0.13%, d = -11.47, p_adj = 0.0000). Suggests connectome biological organization significantly shapes this secondary effect."
BANC,missed_synapses,0.02,2.0%,reciprocity,reciprocity,secondary_emergent,5,5,0.1299390807959521,0.0039814147180015,0.1298620366532739,0.00396495087595844,-0.0005929251015649441,8.98440694092133e-05,-0.0041351738537934,0.0013563256639728004,0.003542248752228456,3.685355191428793,welch_t_test,0.004204954245732075,0.0075418616364470725,True,"At 2.0% error rate, the secondary change in reciprocity was significantly greater in Real (-0.06%) than Null (-0.41%) (difference = +0.35%, d = 3.69, p_adj = 0.0075). Suggests connectome biological organization significantly shapes this secondary effect."
BANC,missed_synapses,0.05,5.0%,basic_structure,weight_max,secondary_emergent,5,5,913.0,913.0,896.2,881.2,-0.018400876232201532,0.0027272507334038837,-0.03483023001095285,0.003230642103779341,0.01642935377875132,5.495574790854809,welch_t_test,2.84419680114342e-05,6.894085724510681e-05,True,"At 5.0% error rate, the secondary change in weight max was significantly greater in Real (-1.84%) than Null (-3.48%) (difference = +1.64%, d = 5.50, p_adj = 0.0001). Suggests connectome biological organization significantly shapes this secondary effect."
BANC,missed_synapses,0.05,5.0%,basic_structure,weight_std,secondary_emergent,5,5,9.45819684392764,9.45819684392764,9.055293218577571,9.043162535439626,-0.042598354844850035,0.00014153004924371212,-0.04388091253931488,7.90975823485913e-05,0.0012825576944648434,11.187161025016081,welch_t_test,1.36230603124672e-06,4.123903777846405e-06,True,"At 5.0% error rate, the secondary change in weight std was significantly greater in Real (-4.26%) than Null (-4.39%) (difference = +0.13%, d = 11.19, p_adj = 0.0000). Suggests connectome biological organization significantly shapes this secondary effect."
BANC,missed_synapses,0.05,5.0%,basic_structure,weight_variance,secondary_emergent,5,5,89.45748753848277,89.45748753848277,81.99833670793772,81.7787890901263,-0.08338207382960844,0.0002709861418798909,-0.08583628558820469,0.000151257459602699,0.002454211758596253,11.183716123959144,welch_t_test,1.3748382544341669e-06,4.143093658632692e-06,True,"At 5.0% error rate, the secondary change in weight variance was significantly greater in Real (-8.34%) than Null (-8.58%) (difference = +0.25%, d = 11.18, p_adj = 0.0000). Suggests connectome biological organization significantly shapes this secondary effect."
BANC,missed_synapses,0.05,5.0%,connected_components,scc_count,secondary_emergent,5,5,18345.0,16976.0,18345.6,17029.2,3.2706459525756336e-05,2.9856776097310773e-05,0.0031338360037699796,0.0002897826078286757,-0.0031011295442442233,-15.054613443646284,welch_t_test,1.547222317009029e-05,3.8336730743668165e-05,True,"At 5.0% error rate, the secondary change in scc count was significantly less in Real (+0.00%) than Null (+0.31%) (difference = -0.31%, d = -15.05, p_adj = 0.0000). Suggests connectome biological organization significantly shapes this secondary effect."
BANC,missed_synapses,0.05,5.0%,connected_components,scc_max_size,secondary_emergent,5,5,139405.0,141287.0,139404.4,141233.8,-4.304006312542591e-06,3.9290022417070124e-06,-0.00037653853503855994,3.481813295281428e-05,0.00037223452872601733,15.023756984666296,welch_t_test,1.5062284626244075e-05,3.745973388459958e-05,True,"At 5.0% error rate, the secondary change in scc max size was significantly greater in Real (-0.00%) than Null (-0.04%) (difference = +0.04%, d = 15.02, p_adj = 0.0000). Suggests connectome biological organization significantly shapes this secondary effect."
BANC,missed_synapses,0.05,5.0%,connected_components,wcc_count,secondary_emergent,5,5,4306.0,4303.0,4306.2,4315.4,4.644681839294008e-05,0.00010385824326520156,0.0028817104345805,0.0007637311980085913,-0.00283526361618756,-5.202222769697876,welch_t_test,0.001017467691357585,0.001917425029628801,True,"At 5.0% error rate, the secondary change in wcc count was significantly less in Real (+0.00%) than Null (+0.29%) (difference = -0.28%, d = -5.20, p_adj = 0.0019). Suggests connectome biological organization significantly shapes this secondary effect."
BANC,missed_synapses,0.05,5.0%,connected_components,wcc_max_size,secondary_emergent,5,5,153952.0,153958.0,153951.8,153945.6,-1.299106214924132e-06,2.904889806562811e-06,-8.05414463684762e-05,2.134566144680002e-05,7.924234015355207e-05,5.202090469149091,welch_t_test,0.0010173362255547673,0.001917425029628801,True,"At 5.0% error rate, the secondary change in wcc max size was significantly greater in Real (-0.00%) than Null (-0.01%) (difference = +0.01%, d = 5.20, p_adj = 0.0019). Suggests connectome biological organization significantly shapes this secondary effect."
BANC,missed_synapses,0.05,5.0%,degree_distribution,in_degree_max,secondary_emergent,5,5,4707.0,4707.0,4631.0,4687.0,-0.016146165285744637,0.0011140948036649156,-0.0042489908646696,0.00067182444448021,-0.011897174421075036,-12.932646029847696,welch_t_test,3.4056552079256194e-07,1.1506986535869895e-06,True,"At 5.0% error rate, the secondary change in in degree max was significantly less in Real (-1.61%) than Null (-0.42%) (difference = -1.19%, d = -12.93, p_adj = 0.0000). Suggests connectome biological organization significantly shapes this secondary effect."
BANC,missed_synapses,0.05,5.0%,degree_distribution,in_degree_std,secondary_emergent,5,5,61.05158966286431,61.05158966286431,60.5042323895345,60.667715849047134,-0.00896548765318622,8.382984828273834e-05,-0.0062876956347407,0.00014502958785286144,-0.0026777920184455194,-22.606851246861382,welch_t_test,1.2905356324088e-08,5.794418376385821e-08,True,"At 5.0% error rate, the secondary change in in degree std was significantly less in Real (-0.90%) than Null (-0.63%) (difference = -0.27%, d = -22.61, p_adj = 0.0000). Suggests connectome biological organization significantly shapes this secondary effect."
BANC,missed_synapses,0.05,5.0%,degree_distribution,in_degree_variance,secondary_emergent,5,5,3727.29660036276,3727.29660036276,3660.7621580014884,3680.571809059441,-0.017850589715558345,0.00016616447729318092,-0.01253583932622122,0.00028821567161289505,-0.005314750389337125,-22.592559757447134,welch_t_test,1.32464488850461e-08,5.9079162027305604e-08,True,"At 5.0% error rate, the secondary change in in degree variance was significantly less in Real (-1.79%) than Null (-1.25%) (difference = -0.53%, d = -22.59, p_adj = 0.0000). Suggests connectome biological organization significantly shapes this secondary effect."
BANC,missed_synapses,0.05,5.0%,degree_distribution,out_degree_std,secondary_emergent,5,5,58.00744650135605,58.00744650135605,57.476024118589656,57.486483125439506,-0.009161278677453333,0.00012191759531388631,-0.0089809741220784,6.324672020431526e-05,-0.00018030455537493273,-1.8565397598348763,welch_t_test,0.02606317725710842,0.04337379498757595,True,"At 5.0% error rate, the secondary change in out degree std was significantly less in Real (-0.92%) than Null (-0.90%) (difference = -0.02%, d = -1.86, p_adj = 0.0434). Suggests connectome biological organization significantly shapes this secondary effect."
BANC,missed_synapses,0.05,5.0%,degree_distribution,out_degree_variance,secondary_emergent,5,5,3364.863849607683,3364.863849607683,3303.493388492699,3304.6957528994026,-0.018238616436780396,0.00024161474031989845,-0.017881287147857278,0.00012535583998886488,-0.00035732928892311805,-1.856515715453146,welch_t_test,0.026062453915402854,0.04337379498757595,True,"At 5.0% error rate, the secondary change in out degree variance was significantly less in Real (-1.82%) than Null (-1.79%) (difference = -0.04%, d = -1.86, p_adj = 0.0434). Suggests connectome biological organization significantly shapes this secondary effect."
BANC,missed_synapses,0.05,5.0%,degree_distribution,total_degree_max,secondary_emergent,5,5,9489.0,9489.0,9343.6,9407.4,-0.01532300558541469,0.0004254743226512036,-0.008599430920012602,0.0006261334504168316,-0.006723574665402087,-12.560612733782497,welch_t_test,1.9100541904977652e-07,6.725401333910552e-07,True,"At 5.0% error rate, the secondary change in total degree max was significantly less in Real (-1.53%) than Null (-0.86%) (difference = -0.67%, d = -12.56, p_adj = 0.0000). Suggests connectome biological organization significantly shapes this secondary effect."
BANC,missed_synapses,0.05,5.0%,degree_distribution,total_degree_std,secondary_emergent,5,5,111.71935962728317,111.71935962728317,110.68786890919455,110.87011916552392,-0.009232873528185687,9.91266453240641e-05,-0.00760155146424458,6.652648310648097e-05,-0.001631322063941107,-19.32497147663845,welch_t_test,1.046994453470954e-08,4.7648931249800564e-08,True,"At 5.0% error rate, the secondary change in total degree std was significantly less in Real (-0.92%) than Null (-0.76%) (difference = -0.16%, d = -19.32, p_adj = 0.0000). Suggests connectome biological organization significantly shapes this secondary effect."
BANC,missed_synapses,0.05,5.0%,degree_distribution,total_degree_variance,secondary_emergent,5,5,12481.215315530224,12481.215315530224,12251.80442177229,12292.183367968693,-0.01838049324191047,0.00019643407496772026,-0.015145315803207179,0.00013204089261774173,-0.0032351774387032895,-19.330234377183096,welch_t_test,1.031834238882028e-08,4.7280623685758675e-08,True,"At 5.0% error rate, the secondary change in total degree variance was significantly less in Real (-1.84%) than Null (-1.51%) (difference = -0.32%, d = -19.33, p_adj = 0.0000). Suggests connectome biological organization significantly shapes this secondary effect."
BANC,missed_synapses,0.05,5.0%,reciprocity,reciprocity,secondary_emergent,5,5,0.1299390807959521,0.0039814147180015,0.12975792162135585,0.00393874265839812,-0.001394185440488788,0.00011301181152239446,-0.0107178132964686,0.0014992265746273914,0.00932362785597981,8.770054347846271,welch_t_test,0.00014606106384371307,0.00031419566466702267,True,"At 5.0% error rate, the secondary change in reciprocity was significantly greater in Real (-0.14%) than Null (-1.07%) (difference = +0.93%, d = 8.77, p_adj = 0.0003). Suggests connectome biological organization significantly shapes this secondary effect."
BANC,missed_synapses,0.1,10.0%,basic_structure,weight_max,secondary_emergent,5,5,913.0,913.0,874.6,838.0,-0.042059145673603505,0.01113215855182643,-0.0821467688937568,0.008232911488703648,0.040087623220153294,4.094564301733004,welch_t_test,0.000275630499900343,0.0005708879394220726,True,"At 10.0% error rate, the secondary change in weight max was significantly greater in Real (-4.21%) than Null (-8.21%) (difference = +4.01%, d = 4.09, p_adj = 0.0006). Suggests connectome biological organization significantly shapes this secondary effect."
BANC,missed_synapses,0.1,10.0%,basic_structure,weight_std,secondary_emergent,5,5,9.45819684392764,9.45819684392764,8.653049705121362,8.62670158258977,-0.08512691711668066,0.00013826729188314872,-0.08791266190148131,0.0001041850990406727,0.002785744784800648,22.755989103749073,welch_t_test,1.2978439231375778e-09,7.2962822233532735e-09,True,"At 10.0% error rate, the secondary change in weight std was significantly greater in Real (-8.51%) than Null (-8.79%) (difference = +0.28%, d = 22.76, p_adj = 0.0000). Suggests connectome biological organization significantly shapes this secondary effect."
BANC,missed_synapses,0.1,10.0%,basic_structure,weight_variance,secondary_emergent,5,5,89.45748753848277,89.45748753848277,74.8752705674883,74.4199809718724,-0.16300722692129588,0.0002530061958437164,-0.1680966789967307,0.00019005638307861966,0.005089452075434819,22.745536775270054,welch_t_test,1.3329702280962852e-09,7.43130902163679e-09,True,"At 10.0% error rate, the secondary change in weight variance was significantly greater in Real (-16.30%) than Null (-16.81%) (difference = +0.51%, d = 22.75, p_adj = 0.0000). Suggests connectome biological organization significantly shapes this secondary effect."
BANC,missed_synapses,0.1,10.0%,connected_components,scc_count,secondary_emergent,5,5,18345.0,16976.0,18353.8,17088.8,0.00047969473971109296,0.0002480090087997237,0.0066446748350612,0.0007036822883608882,-0.006164980095350107,-11.685436702038267,welch_t_test,8.863757226967166e-06,2.3719414339364137e-05,True,"At 10.0% error rate, the secondary change in scc count was significantly less in Real (+0.05%) than Null (+0.66%) (difference = -0.62%, d = -11.69, p_adj = 0.0000). Suggests connectome biological organization significantly shapes this secondary effect."
BANC,missed_synapses,0.1,10.0%,connected_components,scc_max_size,secondary_emergent,5,5,139405.0,141287.0,139396.6,141174.2,-6.025608837559628e-05,2.98362818307599e-05,-0.00079837493895398,8.45492545472089e-05,0.0007381188505783837,11.64249925110185,welch_t_test,8.988915410012369e-06,2.376910833714733e-05,True,"At 10.0% error rate, the secondary change in scc max size was significantly greater in Real (-0.01%) than Null (-0.08%) (difference = +0.07%, d = 11.64, p_adj = 0.0000). Suggests connectome biological organization significantly shapes this secondary effect."
BANC,missed_synapses,0.1,10.0%,connected_components,wcc_count,secondary_emergent,5,5,4306.0,4303.0,4308.2,4324.6,0.0005109150023223409,0.00034445882429612925,0.0050197536602370006,0.0010470723054677043,-0.00450883865791466,-5.784813427270128,welch_t_test,0.00030496235915708763,0.0006239138173580783,True,"At 10.0% error rate, the secondary change in wcc count was significantly less in Real (+0.05%) than Null (+0.50%) (difference = -0.45%, d = -5.78, p_adj = 0.0006). Suggests connectome biological organization significantly shapes this secondary effect."
BANC,missed_synapses,0.1,10.0%,connected_components,wcc_max_size,secondary_emergent,5,5,153952.0,153958.0,153949.8,153936.4,-1.4290168364165454e-05,9.634429545696922e-06,-0.0001402980033515,2.9264813328502894e-05,0.00012600783498733454,5.783914897544899,welch_t_test,0.0003047813282350671,0.0006239138173580783,True,"At 10.0% error rate, the secondary change in wcc max size was significantly greater in Real (-0.00%) than Null (-0.01%) (difference = +0.01%, d = 5.78, p_adj = 0.0006). Suggests connectome biological organization significantly shapes this secondary effect."
BANC,missed_synapses,0.1,10.0%,degree_distribution,in_degree_max,secondary_emergent,5,5,4707.0,4707.0,4555.6,4667.6,-0.03216486084554918,0.003066199698961237,-0.00837051200339916,0.0013233406842912616,-0.023794348842150023,-10.076196953339752,welch_t_test,8.973755671165006e-06,2.376910833714733e-05,True,"At 10.0% error rate, the secondary change in in degree max was significantly less in Real (-3.22%) than Null (-0.84%) (difference = -2.38%, d = -10.08, p_adj = 0.0000). Suggests connectome biological organization significantly shapes this secondary effect."
BANC,missed_synapses,0.1,10.0%,degree_distribution,in_degree_std,secondary_emergent,5,5,61.05158966286431,61.05158966286431,59.913864094349506,60.24627130369451,-0.018635478204539487,0.00020807741119996222,-0.0131907844434006,0.00011549118249607048,-0.005444693761138887,-32.35550764992577,welch_t_test,1.9462598692082127e-09,1.0585754898376376e-08,True,"At 10.0% error rate, the secondary change in in degree std was significantly less in Real (-1.86%) than Null (-1.32%) (difference = -0.54%, d = -32.36, p_adj = 0.0000). Suggests connectome biological organization significantly shapes this secondary effect."
BANC,missed_synapses,0.1,10.0%,degree_distribution,in_degree_variance,secondary_emergent,5,5,3727.29660036276,3727.29660036276,3589.671239818433,3629.6132457707463,-0.03692364072419997,0.0004084096729010577,-0.02620756142199846,0.00022794479332531204,-0.01071607930220151,-32.401838247244484,welch_t_test,1.8280876269545226e-09,1.0062712474327187e-08,True,"At 10.0% error rate, the secondary change in in degree variance was significantly less in Real (-3.69%) than Null (-2.62%) (difference = -1.07%, d = -32.40, p_adj = 0.0000). Suggests connectome biological organization significantly shapes this secondary effect."
BANC,missed_synapses,0.1,10.0%,degree_distribution,out_degree_std,secondary_emergent,5,5,58.00744650135605,58.00744650135605,56.9006478797095,56.923700970048436,-0.01908028517719121,9.464844761690602e-05,-0.01868286912581576,0.0002774733230305016,-0.00039741605137545016,-1.9170702746082926,welch_t_test,0.029661356012822895,0.04914028842918408,True,"At 10.0% error rate, the secondary change in out degree std was significantly less in Real (-1.91%) than Null (-1.87%) (difference = -0.04%, d = -1.92, p_adj = 0.0491). Suggests connectome biological organization significantly shapes this secondary effect."
BANC,missed_synapses,0.1,10.0%,degree_distribution,out_degree_variance,secondary_emergent,5,5,3364.863849607683,3364.863849607683,3237.6837532455347,3240.3079393800776,-0.03779650590527621,0.00018568822353205955,-0.0370166270597032,0.0005445736903633631,-0.0007798788455730121,-1.9169089903193064,welch_t_test,0.029675151756936274,0.04914028842918408,True,"At 10.0% error rate, the secondary change in out degree variance was significantly less in Real (-3.78%) than Null (-3.70%) (difference = -0.08%, d = -1.92, p_adj = 0.0491). Suggests connectome biological organization significantly shapes this secondary effect."
BANC,missed_synapses,0.1,10.0%,degree_distribution,total_degree_max,secondary_emergent,5,5,9489.0,9489.0,9201.8,9327.2,-0.030266624512593533,0.0015902341245601372,-0.01705132258404462,0.0019062778467016526,-0.013215301928548914,-7.528443092523822,welch_t_test,2.9651761532116187e-06,8.513746122311472e-06,True,"At 10.0% error rate, the secondary change in total degree max was significantly less in Real (-3.03%) than Null (-1.71%) (difference = -1.32%, d = -7.53, p_adj = 0.0000). Suggests connectome biological organization significantly shapes this secondary effect."
BANC,missed_synapses,0.1,10.0%,degree_distribution,total_degree_std,secondary_emergent,5,5,111.71935962728317,111.71935962728317,109.57668704686157,109.94611718782937,-0.019179062497045533,0.00012079032613975775,-0.01587229326564028,0.0001994680446027381,-0.0033067692314052537,-20.054325261055254,welch_t_test,1.892339670457448e-08,8.328784470631793e-08,True,"At 10.0% error rate, the secondary change in total degree std was significantly less in Real (-1.92%) than Null (-1.59%) (difference = -0.33%, d = -20.05, p_adj = 0.0000). Suggests connectome biological organization significantly shapes this secondary effect."
BANC,missed_synapses,0.1,10.0%,degree_distribution,total_degree_variance,secondary_emergent,5,5,12481.215315530224,12481.215315530224,12007.050489849611,12088.149081957004,-0.03799027688358315,0.00023694632586880967,-0.03149262500776932,0.0003926128173792413,-0.006497651875813824,-20.03843470344295,welch_t_test,1.956118892500761e-08,8.553225745640583e-08,True,"At 10.0% error rate, the secondary change in total degree variance was significantly less in Real (-3.80%) than Null (-3.15%) (difference = -0.65%, d = -20.04, p_adj = 0.0000). Suggests connectome biological organization significantly shapes this secondary effect."
BANC,missed_synapses,0.1,10.0%,reciprocity,reciprocity,secondary_emergent,5,5,0.1299390807959521,0.0039814147180015,0.12960466668493745,0.0038981022173911403,-0.0025736222618028236,0.00015205090007967207,-0.02092535104008146,0.003626587868864201,0.018351728778278637,7.150104654399894,welch_t_test,0.00034225166325307997,0.0006959463912349863,True,"At 10.0% error rate, the secondary change in reciprocity was significantly greater in Real (-0.26%) than Null (-2.09%) (difference = +1.84%, d = 7.15, p_adj = 0.0007). Suggests connectome biological organization significantly shapes this secondary effect."
BANC,missed_synapses,0.15,15.0%,basic_structure,weight_max,secondary_emergent,5,5,913.0,913.0,858.2,828.8,-0.06002190580503834,0.011882763509411186,-0.09222343921139098,0.010853878766122673,0.032201533406352637,2.8296714113892283,welch_t_test,0.002114238345261384,0.003843547426575723,True,"At 15.0% error rate, the secondary change in weight max was significantly greater in Real (-6.00%) than Null (-9.22%) (difference = +3.22%, d = 2.83, p_adj = 0.0038). Suggests connectome biological organization significantly shapes this secondary effect."
BANC,missed_synapses,0.15,15.0%,basic_structure,weight_std,secondary_emergent,5,5,9.45819684392764,9.45819684392764,8.254154171098238,8.21608010321444,-0.12730150288661246,0.00015765349266177734,-0.131327013088194,0.00016991017171834265,0.004025510201581539,24.5613025365856,welch_t_test,2.340615133161352e-10,1.3857270124645526e-09,True,"At 15.0% error rate, the secondary change in weight std was significantly greater in Real (-12.73%) than Null (-13.13%) (difference = +0.40%, d = 24.56, p_adj = 0.0000). Suggests connectome biological organization significantly shapes this secondary effect."
BANC,missed_synapses,0.15,15.0%,basic_structure,weight_variance,secondary_emergent,5,5,89.45748753848277,89.45748753848277,68.13106285900417,67.50397432850814,-0.23839731325233582,0.0002751637374045479,-0.2454072187141481,0.0002951756660232509,0.007009905461812294,24.566404761229332,welch_t_test,2.3097397037425718e-10,1.379657019467661e-09,True,"At 15.0% error rate, the secondary change in weight variance was significantly greater in Real (-23.84%) than Null (-24.54%) (difference = +0.70%, d = 24.57, p_adj = 0.0000). Suggests connectome biological organization significantly shapes this secondary effect."
BANC,missed_synapses,0.15,15.0%,connected_components,scc_count,secondary_emergent,5,5,18345.0,16976.0,18372.8,17166.6,0.0015153992913600437,0.00027091357077763264,0.01122761545711588,0.0005077606489045627,-0.009712216165755835,-23.865927312096908,welch_t_test,1.8072659856834183e-08,8.00702612200137e-08,True,"At 15.0% error rate, the secondary change in scc count was significantly less in Real (+0.15%) than Null (+1.12%) (difference = -0.97%, d = -23.87, p_adj = 0.0000). Suggests connectome biological organization significantly shapes this secondary effect."
BANC,missed_synapses,0.15,15.0%,connected_components,scc_max_size,secondary_emergent,5,5,139405.0,141287.0,139377.2,141096.4,-0.00019941895914780673,3.671743163321179e-05,-0.0013490271574879,6.100876071966413e-05,0.0011496081983400931,22.832351855574316,welch_t_test,8.535773957437033e-09,4.0214315334685736e-08,True,"At 15.0% error rate, the secondary change in scc max size was significantly greater in Real (-0.02%) than Null (-0.13%) (difference = +0.11%, d = 22.83, p_adj = 0.0000). Suggests connectome biological organization significantly shapes this secondary effect."
BANC,missed_synapses,0.15,15.0%,connected_components,wcc_count,secondary_emergent,5,5,4306.0,4303.0,4309.8,4340.8,0.0008824895494658616,0.0005295752090567293,0.00878456890541476,0.0016790510683883987,-0.007902079355948898,-6.347448523319776,welch_t_test,0.0002142414695059786,0.00044650324953115166,True,"At 15.0% error rate, the secondary change in wcc count was significantly less in Real (+0.09%) than Null (+0.88%) (difference = -0.79%, d = -6.35, p_adj = 0.0004). Suggests connectome biological organization significantly shapes this secondary effect."
BANC,missed_synapses,0.15,15.0%,connected_components,wcc_max_size,secondary_emergent,5,5,153952.0,153958.0,153948.2,153920.2,-2.468301808355851e-05,1.4812089808500546e-05,-0.00024552150586518,4.6928102127044765e-05,0.0002208384877816215,6.346503787735239,welch_t_test,0.00021410591258296495,0.00044650324953115166,True,"At 15.0% error rate, the secondary change in wcc max size was significantly greater in Real (-0.00%) than Null (-0.02%) (difference = +0.02%, d = 6.35, p_adj = 0.0004). Suggests connectome biological organization significantly shapes this secondary effect."
BANC,missed_synapses,0.15,15.0%,degree_distribution,in_degree_max,secondary_emergent,5,5,4707.0,4707.0,4473.0,4643.2,-0.049713193116634795,0.0038004129636707708,-0.01355428085829612,0.0018966402481976447,-0.03615891225833867,-12.039473065037468,welch_t_test,1.6663441291175895e-06,4.932673550352511e-06,True,"At 15.0% error rate, the secondary change in in degree max was significantly less in Real (-4.97%) than Null (-1.36%) (difference = -3.62%, d = -12.04, p_adj = 0.0000). Suggests connectome biological organization significantly shapes this secondary effect."
BANC,missed_synapses,0.15,15.0%,degree_distribution,in_degree_std,secondary_emergent,5,5,61.05158966286431,61.05158966286431,59.266485914392106,59.77672513653171,-0.02923926728738436,0.00019178484996674574,-0.02088175808971702,0.0001799054471694815,-0.00835750919766734,-44.947334087363515,welch_t_test,1.873478197633076e-12,1.586527739514592e-11,True,"At 15.0% error rate, the secondary change in in degree std was significantly less in Real (-2.92%) than Null (-2.09%) (difference = -0.84%, d = -44.95, p_adj = 0.0000). Suggests connectome biological organization significantly shapes this secondary effect."
BANC,missed_synapses,0.15,15.0%,degree_distribution,in_degree_variance,secondary_emergent,5,5,3727.29660036276,3727.29660036276,3512.5164623170726,3573.2569645585163,-0.0576235703981227,0.0003723669848474443,-0.04132744246574076,0.00035232772669501486,-0.016296127932381943,-44.95658920680757,welch_t_test,1.828512273496677e-12,1.568300911499073e-11,True,"At 15.0% error rate, the secondary change in in degree variance was significantly less in Real (-5.76%) than Null (-4.13%) (difference = -1.63%, d = -44.96, p_adj = 0.0000). Suggests connectome biological organization significantly shapes this secondary effect."
BANC,missed_synapses,0.15,15.0%,degree_distribution,out_degree_std,secondary_emergent,5,5,58.00744650135605,58.00744650135605,56.26167148627036,56.30462766651026,-0.030095705299575237,0.00015274585086361782,-0.02935517657730328,0.0001527840578378862,-0.0007405287222719582,-4.847503929347156,welch_t_test,5.9359126554639034e-05,0.0001355650393627278,True,"At 15.0% error rate, the secondary change in out degree std was significantly less in Real (-3.01%) than Null (-2.94%) (difference = -0.07%, d = -4.85, p_adj = 0.0001). Suggests connectome biological organization significantly shapes this secondary effect."
BANC,missed_synapses,0.15,15.0%,degree_distribution,out_degree_variance,secondary_emergent,5,5,3364.863849607683,3364.863849607683,3165.375741234311,3170.21115950108,-0.05928564045663538,0.0002963131581157816,-0.05784860808834726,0.0002966016399720695,-0.00143703236828812,-4.847348060222413,welch_t_test,5.9373029197726826e-05,0.0001355650393627278,True,"At 15.0% error rate, the secondary change in out degree variance was significantly less in Real (-5.93%) than Null (-5.78%) (difference = -0.14%, d = -4.85, p_adj = 0.0001). Suggests connectome biological organization significantly shapes this secondary effect."
BANC,missed_synapses,0.15,15.0%,degree_distribution,total_degree_max,secondary_emergent,5,5,9489.0,9489.0,9040.8,9232.6,-0.04723363895036358,0.0031636624868557352,-0.027020760881020078,0.001949768289809198,-0.020212878069343503,-7.692025332728761,welch_t_test,8.626955032574501e-06,2.3271906922549763e-05,True,"At 15.0% error rate, the secondary change in total degree max was significantly less in Real (-4.72%) than Null (-2.70%) (difference = -2.02%, d = -7.69, p_adj = 0.0000). Suggests connectome biological organization significantly shapes this secondary effect."
BANC,missed_synapses,0.15,15.0%,degree_distribution,total_degree_std,secondary_emergent,5,5,111.71935962728317,111.71935962728317,108.35101464799739,108.92742508805784,-0.030150056270669672,0.00016466007200377825,-0.024990606359897898,6.9216608625132e-05,-0.005159449910771774,-40.85043249999117,welch_t_test,5.674092548827324e-09,2.7507013878010722e-08,True,"At 15.0% error rate, the secondary change in total degree std was significantly less in Real (-3.02%) than Null (-2.50%) (difference = -0.52%, d = -40.85, p_adj = 0.0000). Suggests connectome biological organization significantly shapes this secondary effect."
BANC,missed_synapses,0.15,15.0%,degree_distribution,total_degree_variance,secondary_emergent,5,5,12481.215315530224,12481.215315530224,11739.94264597249,11865.183984151847,-0.059391064957863324,0.00031940824956414846,-0.04935667848080918,0.00013497050055663804,-0.010034386477054145,-40.92453441953124,welch_t_test,5.402020947345241e-09,2.6379211779372017e-08,True,"At 15.0% error rate, the secondary change in total degree variance was significantly less in Real (-5.94%) than Null (-4.94%) (difference = -1.00%, d = -40.92, p_adj = 0.0000). Suggests connectome biological organization significantly shapes this secondary effect."
BANC,missed_synapses,0.15,15.0%,reciprocity,reciprocity,secondary_emergent,5,5,0.1299390807959521,0.0039814147180015,0.12941850998612153,0.0038584644382096203,-0.004006268219243525,0.0002359026084176602,-0.03088105321857524,0.0009680989122539064,0.026874784999331713,38.14299373294309,welch_t_test,1.1028013405766484e-07,4.098744982476543e-07,True,"At 15.0% error rate, the secondary change in reciprocity was significantly greater in Real (-0.40%) than Null (-3.09%) (difference = +2.69%, d = 38.14, p_adj = 0.0000). Suggests connectome biological organization significantly shapes this secondary effect."
BANC,missed_synapses,0.2,20.0%,basic_structure,weight_max,secondary_emergent,5,5,913.0,913.0,841.0,787.2,-0.07886089813800658,0.004836670792074398,-0.13778751369112813,0.016067575746674466,0.05892661555312155,4.966388947053269,welch_t_test,0.0006984949051356889,0.0013466659698437345,True,"At 20.0% error rate, the secondary change in weight max was significantly greater in Real (-7.89%) than Null (-13.78%) (difference = +5.89%, d = 4.97, p_adj = 0.0013). Suggests connectome biological organization significantly shapes this secondary effect."
BANC,missed_synapses,0.2,20.0%,basic_structure,weight_std,secondary_emergent,5,5,9.45819684392764,9.45819684392764,7.853602507236215,7.8011660884655925,-0.16965118861124232,0.00020232783813962032,-0.17519520716318096,0.00010576232050724628,0.005544018551938645,34.342207637990214,welch_t_test,2.391089695274644e-09,1.2695547667767754e-08,True,"At 20.0% error rate, the secondary change in weight std was significantly greater in Real (-16.97%) than Null (-17.52%) (difference = +0.55%, d = 34.34, p_adj = 0.0000). Suggests connectome biological organization significantly shapes this secondary effect."
BANC,missed_synapses,0.2,20.0%,basic_structure,weight_variance,secondary_emergent,5,5,89.45748753848277,89.45748753848277,61.67907527133199,60.85819314033898,-0.3105208186760341,0.0003359891816207319,-0.3196970447648774,0.00017447611880369902,0.009176226088843331,34.27753427747787,welch_t_test,2.5718709840640256e-09,1.3442044440147133e-08,True,"At 20.0% error rate, the secondary change in weight variance was significantly greater in Real (-31.05%) than Null (-31.97%) (difference = +0.92%, d = 34.28, p_adj = 0.0000). Suggests connectome biological organization significantly shapes this secondary effect."
BANC,missed_synapses,0.2,20.0%,connected_components,scc_count,secondary_emergent,5,5,18345.0,16976.0,18409.8,17267.6,0.0035322976287816845,0.0008943753306947366,0.0171771913289349,0.0015004449080992252,-0.013644893700153217,-11.047062641179167,welch_t_test,1.010371016968707e-06,3.1149226283505297e-06,True,"At 20.0% error rate, the secondary change in scc count was significantly less in Real (+0.35%) than Null (+1.72%) (difference = -1.36%, d = -11.05, p_adj = 0.0000). Suggests connectome biological organization significantly shapes this secondary effect."
BANC,missed_synapses,0.2,20.0%,connected_components,scc_max_size,secondary_emergent,5,5,139405.0,141287.0,139341.8,140995.4,-0.0004533553315878197,0.0001065670186065285,-0.0020638841507003,0.0001802823526573262,0.0016105288191124805,10.875715008509797,welch_t_test,1.1727492155609793e-06,3.5825078776725803e-06,True,"At 20.0% error rate, the secondary change in scc max size was significantly greater in Real (-0.05%) than Null (-0.21%) (difference = +0.16%, d = 10.88, p_adj = 0.0000). Suggests connectome biological organization significantly shapes this secondary effect."
BANC,missed_synapses,0.2,20.0%,connected_components,wcc_count,secondary_emergent,5,5,4306.0,4303.0,4315.6,4353.6,0.0022294472828611237,0.0006889176485922585,0.0117592377411108,0.0009382583889466282,-0.009529790458249676,-11.578142895963103,welch_t_test,2.1475711859225933e-07,7.522121064828351e-07,True,"At 20.0% error rate, the secondary change in wcc count was significantly less in Real (+0.22%) than Null (+1.18%) (difference = -0.95%, d = -11.58, p_adj = 0.0000). Suggests connectome biological organization significantly shapes this secondary effect."
BANC,missed_synapses,0.2,20.0%,connected_components,wcc_max_size,secondary_emergent,5,5,153952.0,153958.0,153942.4,153907.6,-6.235709831635834e-05,1.9268859091393844e-05,-0.00032736200782028,2.456211486405379e-05,0.00026500490950392166,12.004905353576099,welch_t_test,1.167583519351789e-07,4.2918317277271804e-07,True,"At 20.0% error rate, the secondary change in wcc max size was significantly greater in Real (-0.01%) than Null (-0.03%) (difference = +0.03%, d = 12.00, p_adj = 0.0000). Suggests connectome biological organization significantly shapes this secondary effect."
BANC,missed_synapses,0.2,20.0%,degree_distribution,in_degree_max,secondary_emergent,5,5,4707.0,4707.0,4384.2,4617.8,-0.068578712555768,0.002142477541615248,-0.01895049925642656,0.0007266892448050732,-0.049628213299341445,-31.022822571168206,welch_t_test,8.511965599759705e-08,3.2172344555023975e-07,True,"At 20.0% error rate, the secondary change in in degree max was significantly less in Real (-6.86%) than Null (-1.90%) (difference = -4.96%, d = -31.02, p_adj = 0.0000). Suggests connectome biological organization significantly shapes this secondary effect."
BANC,missed_synapses,0.2,20.0%,degree_distribution,in_degree_std,secondary_emergent,5,5,61.05158966286431,61.05158966286431,58.569109548416954,59.234146895069145,-0.04066200615178017,0.0001892650618720305,-0.0297689671609098,0.00010581552871102414,-0.010893038990870373,-71.04460496915577,welch_t_test,1.3075515044916133e-11,9.76965486622829e-11,True,"At 20.0% error rate, the secondary change in in degree std was significantly less in Real (-4.07%) than Null (-2.98%) (difference = -1.09%, d = -71.04, p_adj = 0.0000). Suggests connectome biological organization significantly shapes this secondary effect."
BANC,missed_synapses,0.2,20.0%,degree_distribution,in_degree_variance,secondary_emergent,5,5,3727.29660036276,3727.29660036276,3430.3407001076457,3508.684191774042,-0.07967058490226209,0.00036313836587418765,-0.0586517339584515,0.0002053311221012466,-0.021018850943810584,-71.25436609555776,welch_t_test,1.1119836471535134e-11,8.751965411125887e-11,True,"At 20.0% error rate, the secondary change in in degree variance was significantly less in Real (-7.97%) than Null (-5.87%) (difference = -2.10%, d = -71.25, p_adj = 0.0000). Suggests connectome biological organization significantly shapes this secondary effect."
BANC,missed_synapses,0.2,20.0%,degree_distribution,out_degree_std,secondary_emergent,5,5,58.00744650135605,58.00744650135605,55.584481493730834,55.64096708614344,-0.04176989600065507,0.000268518466118003,-0.040796131495932655,0.00021860504590676192,-0.0009737645047224117,-3.97719472591256,welch_t_test,0.0002788321635817419,0.0005739652844190318,True,"At 20.0% error rate, the secondary change in out degree std was significantly less in Real (-4.18%) than Null (-4.08%) (difference = -0.10%, d = -3.98, p_adj = 0.0006). Suggests connectome biological organization significantly shapes this secondary effect."
BANC,missed_synapses,0.2,20.0%,degree_distribution,out_degree_variance,secondary_emergent,5,5,3364.863849607683,3364.863849607683,3089.6347770180855,3095.917346921835,-0.08179501010767094,0.0005146247439181742,-0.07992790041629905,0.00041933789034136415,-0.001867109691371896,-3.9776057515680776,welch_t_test,0.00027825877422994326,0.0005739652844190318,True,"At 20.0% error rate, the secondary change in out degree variance was significantly less in Real (-8.18%) than Null (-7.99%) (difference = -0.19%, d = -3.98, p_adj = 0.0006). Suggests connectome biological organization significantly shapes this secondary effect."
BANC,missed_synapses,0.2,20.0%,degree_distribution,total_degree_max,secondary_emergent,5,5,9489.0,9489.0,8888.0,9149.4,-0.06333649488881862,0.0024409810985141665,-0.03578880809358202,0.0012790305763261509,-0.0275476867952366,-14.136960119333299,welch_t_test,4.859407511053868e-07,1.6093780321262561e-06,True,"At 20.0% error rate, the secondary change in total degree max was significantly less in Real (-6.33%) than Null (-3.58%) (difference = -2.75%, d = -14.14, p_adj = 0.0000). Suggests connectome biological organization significantly shapes this secondary effect."
BANC,missed_synapses,0.2,20.0%,degree_distribution,total_degree_median,secondary_emergent,5,5,21.0,21.0,21.0,20.0,0.0,0.0,-0.0476190476190476,0.0,0.0476190476190476,0.0,welch_t_test,0.0,0.0,True,"At 20.0% error rate, the secondary change in total degree median was significantly greater in Real (+0.00%) than Null (-4.76%) (difference = +4.76%, d = 0.00, p_adj = 0.0000). Suggests connectome biological organization significantly shapes this secondary effect."
BANC,missed_synapses,0.2,20.0%,degree_distribution,total_degree_std,secondary_emergent,5,5,111.71935962728317,111.71935962728317,107.04174374493036,107.79461126499511,-0.04186934026437479,0.00021836625883578077,-0.03513042301156862,0.00017160101893565736,-0.006738917252806169,-34.315583899985874,welch_t_test,4.3121464262121795e-11,2.8848259591359483e-10,True,"At 20.0% error rate, the secondary change in total degree std was significantly less in Real (-4.19%) than Null (-3.51%) (difference = -0.67%, d = -34.32, p_adj = 0.0000). Suggests connectome biological organization significantly shapes this secondary effect."
BANC,missed_synapses,0.2,20.0%,degree_distribution,total_degree_variance,secondary_emergent,5,5,12481.215315530224,12481.215315530224,11457.935380076993,11619.67851179799,-0.08198560072751707,0.0004184506208739127,-0.0690266758446377,0.00033112811570361464,-0.012958924882879364,-34.344293073297386,welch_t_test,4.051127015202123e-11,2.737579770879011e-10,True,"At 20.0% error rate, the secondary change in total degree variance was significantly less in Real (-8.20%) than Null (-6.90%) (difference = -1.30%, d = -34.34, p_adj = 0.0000). Suggests connectome biological organization significantly shapes this secondary effect."
BANC,missed_synapses,0.2,20.0%,reciprocity,reciprocity,secondary_emergent,5,5,0.1299390807959521,0.0039814147180015,0.1291560822985992,0.00380229191002696,-0.006025889151720878,0.00036338563441602804,-0.04498973873900152,0.002626897833907595,0.03896384958728064,20.778664032668875,welch_t_test,3.5445435653098905e-06,1.0090636788052411e-05,True,"At 20.0% error rate, the secondary change in reciprocity was significantly greater in Real (-0.60%) than Null (-4.50%) (difference = +3.90%, d = 20.78, p_adj = 0.0000). Suggests connectome biological organization significantly shapes this secondary effect."
BANC,split_errors,0.005,0.5%,basic_structure,node_count,secondary_emergent,5,5,158262.0,158262.0,158857.8,158693.6,0.0037646434393600486,3.981242244385474e-05,0.0027271233776901002,8.647533218142833e-05,0.0010375200616699483,15.412575676597545,welch_t_test,6.43048245149674e-07,2.078257372005468e-06,True,"At 0.5% error rate, the secondary change in node count was significantly greater in Real (+0.38%) than Null (+0.27%) (difference = +0.10%, d = 15.41, p_adj = 0.0000). Suggests connectome biological organization significantly shapes this secondary effect."
BANC,split_errors,0.005,0.5%,connected_components,scc_count,secondary_emergent,5,5,18345.0,16976.0,18412.2,17013.6,0.00366312346688471,0.00032569897511670025,0.00221489161168702,0.00034499412027206135,0.00144823185519769,4.316826638016879,welch_t_test,0.00013637239379295384,0.0002952528525808612,True,"At 0.5% error rate, the secondary change in scc count was significantly greater in Real (+0.37%) than Null (+0.22%) (difference = +0.14%, d = 4.32, p_adj = 0.0003). Suggests connectome biological organization significantly shapes this secondary effect."
BANC,split_errors,0.005,0.5%,connected_components,scc_max_size,secondary_emergent,5,5,139405.0,141287.0,139929.4,141681.0,0.0037617015171622246,6.547027271104843e-05,0.0027886500527294997,0.00011597648480167695,0.0009730514644327249,10.332655019168817,welch_t_test,2.1025648110978056e-06,6.115721124454052e-06,True,"At 0.5% error rate, the secondary change in scc max size was significantly greater in Real (+0.38%) than Null (+0.28%) (difference = +0.10%, d = 10.33, p_adj = 0.0000). Suggests connectome biological organization significantly shapes this secondary effect."
BANC,split_errors,0.005,0.5%,connected_components,wcc_max_size,secondary_emergent,5,5,153952.0,153958.0,154547.8,154389.6,0.00387003741425899,4.092700062882808e-05,0.00280336195585806,8.889280856921382e-05,0.00106667545840093,15.414650166677774,welch_t_test,6.424231554948994e-07,2.078257372005468e-06,True,"At 0.5% error rate, the secondary change in wcc max size was significantly greater in Real (+0.39%) than Null (+0.28%) (difference = +0.11%, d = 15.41, p_adj = 0.0000). Suggests connectome biological organization significantly shapes this secondary effect."
BANC,split_errors,0.005,0.5%,degree_distribution,in_degree_mean,secondary_emergent,5,5,25.21160480721841,25.21160480721841,25.11704810857007,25.143036793807312,-0.003750522799773085,3.9514510100313505e-05,-0.0027197004687089404,8.601083877697035e-05,-0.0010308223310641447,-15.401489507748629,welch_t_test,6.534808979713046e-07,2.091764214080396e-06,True,"At 0.5% error rate, the secondary change in in degree mean was significantly less in Real (-0.38%) than Null (-0.27%) (difference = -0.10%, d = -15.40, p_adj = 0.0000). Suggests connectome biological organization significantly shapes this secondary effect."
BANC,split_errors,0.005,0.5%,degree_distribution,out_degree_mean,secondary_emergent,5,5,25.21160480721841,25.21160480721841,25.11704810857007,25.143036793807312,-0.003750522799773085,3.9514510100313505e-05,-0.0027197004687089404,8.601083877697035e-05,-0.0010308223310641447,-15.401489507748629,welch_t_test,6.534808979713046e-07,2.091764214080396e-06,True,"At 0.5% error rate, the secondary change in out degree mean was significantly less in Real (-0.38%) than Null (-0.27%) (difference = -0.10%, d = -15.40, p_adj = 0.0000). Suggests connectome biological organization significantly shapes this secondary effect."
BANC,split_errors,0.01,1.0%,basic_structure,node_count,secondary_emergent,5,5,158262.0,158262.0,159442.6,159098.4,0.007459781880678874,2.9838417189514855e-05,0.00528490730560712,4.677498205080978e-05,0.0021748745750717544,55.43686655829685,welch_t_test,1.2523784739902766e-11,9.520922717039716e-11,True,"At 1.0% error rate, the secondary change in node count was significantly greater in Real (+0.75%) than Null (+0.53%) (difference = +0.22%, d = 55.44, p_adj = 0.0000). Suggests connectome biological organization significantly shapes this secondary effect."
BANC,split_errors,0.01,1.0%,connected_components,scc_count,secondary_emergent,5,5,18345.0,16976.0,18476.2,17055.0,0.007151812482965386,0.000524834228483441,0.00465362865221484,0.0006330756733095065,0.002498183830750546,4.2962576600522535,welch_t_test,0.00016223363842305928,0.00034565065001600844,True,"At 1.0% error rate, the secondary change in scc count was significantly greater in Real (+0.72%) than Null (+0.47%) (difference = +0.25%, d = 4.30, p_adj = 0.0003). Suggests connectome biological organization significantly shapes this secondary effect."
BANC,split_errors,0.01,1.0%,connected_components,scc_max_size,secondary_emergent,5,5,139405.0,141287.0,140453.8,142044.4,0.007523403034324449,6.887904384581801e-05,0.00536071966989174,0.00010385318286621101,0.002162683364432709,24.542845778672874,welch_t_test,2.206660710426528e-09,1.190529044576893e-08,True,"At 1.0% error rate, the secondary change in scc max size was significantly greater in Real (+0.75%) than Null (+0.54%) (difference = +0.22%, d = 24.54, p_adj = 0.0000). Suggests connectome biological organization significantly shapes this secondary effect."
BANC,split_errors,0.01,1.0%,connected_components,wcc_max_size,secondary_emergent,5,5,153952.0,153958.0,155132.6,154794.4,0.007668623986697152,3.0673765727285455e-05,0.00543265046311326,4.808260830442073e-05,0.002235973523583892,55.44365221998885,welch_t_test,1.2507370634925412e-11,9.520922717039716e-11,True,"At 1.0% error rate, the secondary change in wcc max size was significantly greater in Real (+0.77%) than Null (+0.54%) (difference = +0.22%, d = 55.44, p_adj = 0.0000). Suggests connectome biological organization significantly shapes this secondary effect."
BANC,split_errors,0.01,1.0%,degree_distribution,in_degree_mean,secondary_emergent,5,5,25.21160480721841,25.21160480721841,25.02492434769644,25.079064320637503,-0.007404544889126586,2.93980795807184e-05,-0.0052571221703014,4.6283862526744455e-05,-0.0021474227188251855,-55.38677179573592,welch_t_test,1.3289067157350889e-11,9.76965486622829e-11,True,"At 1.0% error rate, the secondary change in in degree mean was significantly less in Real (-0.74%) than Null (-0.53%) (difference = -0.21%, d = -55.39, p_adj = 0.0000). Suggests connectome biological organization significantly shapes this secondary effect."
BANC,split_errors,0.01,1.0%,degree_distribution,in_degree_std,secondary_emergent,5,5,61.05158966286431,61.05158966286431,60.708686107025656,60.75857659809576,-0.005616619611908721,0.00036787851215039135,-0.0047994338294318805,0.0003770545573605041,-0.0008171857824768409,-2.193818012501066,welch_t_test,0.008466451361924133,0.01478865786195103,True,"At 1.0% error rate, the secondary change in in degree std was significantly less in Real (-0.56%) than Null (-0.48%) (difference = -0.08%, d = -2.19, p_adj = 0.0148). Suggests connectome biological organization significantly shapes this secondary effect."
BANC,split_errors,0.01,1.0%,degree_distribution,in_degree_variance,secondary_emergent,5,5,3727.29660036276,3727.29660036276,3685.5449723871243,3691.6050541548902,-0.011201584540272981,0.0007315982395617463,-0.009575719357669401,0.0007504739856900436,-0.0016258651826035805,-2.1938651944343186,welch_t_test,0.008466071969731011,0.01478865786195103,True,"At 1.0% error rate, the secondary change in in degree variance was significantly less in Real (-1.12%) than Null (-0.96%) (difference = -0.16%, d = -2.19, p_adj = 0.0148). Suggests connectome biological organization significantly shapes this secondary effect."
BANC,split_errors,0.01,1.0%,degree_distribution,out_degree_mean,secondary_emergent,5,5,25.21160480721841,25.21160480721841,25.02492434769644,25.079064320637503,-0.007404544889126586,2.93980795807184e-05,-0.0052571221703014,4.6283862526744455e-05,-0.0021474227188251855,-55.38677179573592,welch_t_test,1.3289067157350889e-11,9.76965486622829e-11,True,"At 1.0% error rate, the secondary change in out degree mean was significantly less in Real (-0.74%) than Null (-0.53%) (difference = -0.21%, d = -55.39, p_adj = 0.0000). Suggests connectome biological organization significantly shapes this secondary effect."
BANC,split_errors,0.01,1.0%,degree_distribution,total_degree_std,secondary_emergent,5,5,111.71935962728317,111.71935962728317,111.09957296903863,111.19336094564952,-0.005547710444387087,0.00042218197402283124,-0.00470821425568918,0.00042888317361766,-0.0008394961886979066,-1.9727518359414122,welch_t_test,0.01425041240415955,0.0241967662395501,True,"At 1.0% error rate, the secondary change in total degree std was significantly less in Real (-0.55%) than Null (-0.47%) (difference = -0.08%, d = -1.97, p_adj = 0.0242). Suggests connectome biological organization significantly shapes this secondary effect."
BANC,split_errors,0.01,1.0%,degree_distribution,total_degree_variance,secondary_emergent,5,5,12481.215315530224,12481.215315530224,12343.116893600421,12363.965355033042,-0.011064501207504044,0.0008394768348952333,-0.0093941140772796,0.0008535260973757078,-0.0016703871302244447,-1.9732152693507499,welch_t_test,0.014235123339235396,0.0241967662395501,True,"At 1.0% error rate, the secondary change in total degree variance was significantly less in Real (-1.11%) than Null (-0.94%) (difference = -0.17%, d = -1.97, p_adj = 0.0242). Suggests connectome biological organization significantly shapes this secondary effect."
BANC,split_errors,0.02,2.0%,basic_structure,node_count,secondary_emergent,5,5,158262.0,158262.0,160606.4,159950.4,0.014813410673440244,5.903784168934083e-05,0.0106683853357091,0.0001752553225576853,0.0041450253377311435,31.69784972721136,welch_t_test,7.914150792531512e-08,3.058072140999967e-07,True,"At 2.0% error rate, the secondary change in node count was significantly greater in Real (+1.48%) than Null (+1.07%) (difference = +0.41%, d = 31.70, p_adj = 0.0000). Suggests connectome biological organization significantly shapes this secondary effect."
BANC,split_errors,0.02,2.0%,connected_components,scc_count,secondary_emergent,5,5,18345.0,16976.0,18609.8,17123.0,0.014434450804033796,0.0007527619011590749,0.008659283694627661,0.0005557246189948542,0.005775167109406135,8.728836449804982,welch_t_test,1.581519825127355e-06,4.723378406295538e-06,True,"At 2.0% error rate, the secondary change in scc count was significantly greater in Real (+1.44%) than Null (+0.87%) (difference = +0.58%, d = 8.73, p_adj = 0.0000). Suggests connectome biological organization significantly shapes this secondary effect."
BANC,split_errors,0.02,2.0%,connected_components,scc_max_size,secondary_emergent,5,5,139405.0,141287.0,141482.2,142828.4,0.014900469854022453,0.0001023804805605783,0.01090970860730282,0.00017563765845456946,0.003990761246719633,27.761070130814467,welch_t_test,3.2163794496424287e-09,1.642563245657088e-08,True,"At 2.0% error rate, the secondary change in scc max size was significantly greater in Real (+1.49%) than Null (+1.09%) (difference = +0.40%, d = 27.76, p_adj = 0.0000). Suggests connectome biological organization significantly shapes this secondary effect."
BANC,split_errors,0.02,2.0%,connected_components,wcc_max_size,secondary_emergent,5,5,153952.0,153958.0,156296.4,155646.4,0.015228123051340674,6.069064969236151e-05,0.010966627261980501,0.00018015470361149816,0.004261495789360173,31.702138733838837,welch_t_test,7.907457045404382e-08,3.058072140999967e-07,True,"At 2.0% error rate, the secondary change in wcc max size was significantly greater in Real (+1.52%) than Null (+1.10%) (difference = +0.43%, d = 31.70, p_adj = 0.0000). Suggests connectome biological organization significantly shapes this secondary effect."
BANC,split_errors,0.02,2.0%,degree_distribution,in_degree_mean,secondary_emergent,5,5,25.21160480721841,25.21160480721841,24.84358662421484,24.945477447894184,-0.014597174032261642,5.732693924501371e-05,-0.01055574848801492,0.00017157337342009447,-0.004041425544246722,-31.594952899512936,welch_t_test,8.355994188471351e-08,3.176227336413258e-07,True,"At 2.0% error rate, the secondary change in in degree mean was significantly less in Real (-1.46%) than Null (-1.06%) (difference = -0.40%, d = -31.59, p_adj = 0.0000). Suggests connectome biological organization significantly shapes this secondary effect."
BANC,split_errors,0.02,2.0%,degree_distribution,out_degree_mean,secondary_emergent,5,5,25.21160480721841,25.21160480721841,24.84358662421484,24.945477447894184,-0.014597174032261642,5.732693924501371e-05,-0.01055574848801492,0.00017157337342009447,-0.004041425544246722,-31.594952899512936,welch_t_test,8.355994188471351e-08,3.176227336413258e-07,True,"At 2.0% error rate, the secondary change in out degree mean was significantly less in Real (-1.46%) than Null (-1.06%) (difference = -0.40%, d = -31.59, p_adj = 0.0000). Suggests connectome biological organization significantly shapes this secondary effect."
BANC,split_errors,0.03,3.0%,basic_structure,node_count,secondary_emergent,5,5,158262.0,158262.0,161770.6,160775.6,0.02216956692067584,6.135913048646023e-05,0.01588252391603792,0.0001305375795439924,0.006287043004637918,61.64211650915693,welch_t_test,2.204055425858887e-10,1.3283901620717076e-09,True,"At 3.0% error rate, the secondary change in node count was significantly greater in Real (+2.22%) than Null (+1.59%) (difference = +0.63%, d = 61.64, p_adj = 0.0000). Suggests connectome biological organization significantly shapes this secondary effect."
BANC,split_errors,0.03,3.0%,connected_components,scc_count,secondary_emergent,5,5,18345.0,16976.0,18737.6,17191.2,0.021400926683019895,0.000447187665347368,0.012676720075400522,0.0007036822883608582,0.008724206607619373,14.798001255597832,welch_t_test,9.792363082058031e-08,3.6803881471330465e-07,True,"At 3.0% error rate, the secondary change in scc count was significantly greater in Real (+2.14%) than Null (+1.27%) (difference = +0.87%, d = 14.80, p_adj = 0.0000). Suggests connectome biological organization significantly shapes this secondary effect."
BANC,split_errors,0.03,3.0%,connected_components,scc_max_size,secondary_emergent,5,5,139405.0,141287.0,142518.6,143585.4,0.022334923424554357,5.9283249557461543e-05,0.0162675971603898,0.0001014126826082141,0.006067326264164556,73.04457647683138,welch_t_test,6.167967209761249e-12,4.9123453134884236e-11,True,"At 3.0% error rate, the secondary change in scc max size was significantly greater in Real (+2.23%) than Null (+1.63%) (difference = +0.61%, d = 73.04, p_adj = 0.0000). Suggests connectome biological organization significantly shapes this secondary effect."
BANC,split_errors,0.03,3.0%,connected_components,wcc_max_size,secondary_emergent,5,5,153952.0,153958.0,157460.6,156471.6,0.022790220328414053,6.30769246846296e-05,0.016326530612244844,0.0001341868458527016,0.006463689716169209,61.65015308246791,welch_t_test,2.201559809554012e-10,1.3283901620717076e-09,True,"At 3.0% error rate, the secondary change in wcc max size was significantly greater in Real (+2.28%) than Null (+1.63%) (difference = +0.65%, d = 61.65, p_adj = 0.0000). Suggests connectome biological organization significantly shapes this secondary effect."
BANC,split_errors,0.03,3.0%,degree_distribution,in_degree_mean,secondary_emergent,5,5,25.21160480721841,25.21160480721841,24.664797011954285,24.817441531581366,-0.021688734193849063,5.872580598330533e-05,-0.015634200149138723,0.00012648773701529184,-0.00605453404471034,-61.39877769191446,welch_t_test,2.549386376187136e-10,1.483077813625386e-09,True,"At 3.0% error rate, the secondary change in in degree mean was significantly less in Real (-2.17%) than Null (-1.56%) (difference = -0.61%, d = -61.40, p_adj = 0.0000). Suggests connectome biological organization significantly shapes this secondary effect."
BANC,split_errors,0.03,3.0%,degree_distribution,out_degree_mean,secondary_emergent,5,5,25.21160480721841,25.21160480721841,24.664797011954285,24.817441531581366,-0.021688734193849063,5.872580598330533e-05,-0.015634200149138723,0.00012648773701529184,-0.00605453404471034,-61.39877769191446,welch_t_test,2.549386376187136e-10,1.483077813625386e-09,True,"At 3.0% error rate, the secondary change in out degree mean was significantly less in Real (-2.17%) than Null (-1.56%) (difference = -0.61%, d = -61.40, p_adj = 0.0000). Suggests connectome biological organization significantly shapes this secondary effect."
BANC,split_errors,0.03,3.0%,degree_distribution,total_degree_median,secondary_emergent,5,5,21.0,21.0,20.0,21.0,-0.047619047619047616,0.0,0.0,0.0,-0.047619047619047616,0.0,welch_t_test,0.0,0.0,True,"At 3.0% error rate, the secondary change in total degree median was significantly less in Real (-4.76%) than Null (+0.00%) (difference = -4.76%, d = 0.00, p_adj = 0.0000). Suggests connectome biological organization significantly shapes this secondary effect."
BANC,split_errors,0.05,5.0%,basic_structure,node_count,secondary_emergent,5,5,158262.0,158262.0,164105.6,162442.4,0.03692358241397177,7.836127938697965e-05,0.026414426710138838,0.00016625339249138062,0.010509155703832932,80.86277230398643,welch_t_test,4.5751441506095e-11,3.0007563105468194e-10,True,"At 5.0% error rate, the secondary change in node count was significantly greater in Real (+3.69%) than Null (+2.64%) (difference = +1.05%, d = 80.86, p_adj = 0.0000). Suggests connectome biological organization significantly shapes this secondary effect."
BANC,split_errors,0.05,5.0%,connected_components,scc_count,secondary_emergent,5,5,18345.0,16976.0,19001.0,17335.6,0.03575906241482693,0.001239445843652449,0.021182846371347763,0.0005245673152896502,0.014576216043479168,15.316269105825913,welch_t_test,1.0456547671066573e-06,3.2089130238273104e-06,True,"At 5.0% error rate, the secondary change in scc count was significantly greater in Real (+3.58%) than Null (+2.12%) (difference = +1.46%, d = 15.32, p_adj = 0.0000). Suggests connectome biological organization significantly shapes this secondary effect."
BANC,split_errors,0.05,5.0%,connected_components,scc_max_size,secondary_emergent,5,5,139405.0,141287.0,144588.0,145107.8,0.03717944119651375,0.00021225098992881924,0.02704282771946458,0.0001431744781443764,0.01013661347704917,55.99167735012305,welch_t_test,5.8862451059836815e-12,4.744455392654317e-11,True,"At 5.0% error rate, the secondary change in scc max size was significantly greater in Real (+3.72%) than Null (+2.70%) (difference = +1.01%, d = 55.99, p_adj = 0.0000). Suggests connectome biological organization significantly shapes this secondary effect."
BANC,split_errors,0.05,5.0%,connected_components,wcc_max_size,secondary_emergent,5,5,153952.0,153958.0,159795.6,158138.4,0.03795728538765329,8.055506130704477e-05,0.02715285987087384,0.00017090111850287984,0.010804425516779452,80.87327198340712,welch_t_test,4.569817106575321e-11,3.0007563105468194e-10,True,"At 5.0% error rate, the secondary change in wcc max size was significantly greater in Real (+3.80%) than Null (+2.72%) (difference = +1.08%, d = 80.87, p_adj = 0.0000). Suggests connectome biological organization significantly shapes this secondary effect."
BANC,split_errors,0.05,5.0%,degree_distribution,in_degree_mean,secondary_emergent,5,5,25.21160480721841,25.21160480721841,24.31385046111062,24.562793234650933,-0.03560877433120611,7.288495907643116e-05,-0.02573463996158264,0.00015779662490371247,-0.009874134369623467,-80.33861669253517,welch_t_test,5.90329973005288e-11,3.797411076351324e-10,True,"At 5.0% error rate, the secondary change in in degree mean was significantly less in Real (-3.56%) than Null (-2.57%) (difference = -0.99%, d = -80.34, p_adj = 0.0000). Suggests connectome biological organization significantly shapes this secondary effect."
BANC,split_errors,0.05,5.0%,degree_distribution,in_degree_median,secondary_emergent,5,5,9.0,9.0,8.0,9.0,-0.11111111111111112,1.5515838457795457e-17,0.0,0.0,-0.11111111111111112,0.0,welch_t_test,9.126038082997564e-65,1.1100580868227947e-63,True,"At 5.0% error rate, the secondary change in in degree median was significantly less in Real (-11.11%) than Null (+0.00%) (difference = -11.11%, d = 0.00, p_adj = 0.0000). Suggests connectome biological organization significantly shapes this secondary effect."
BANC,split_errors,0.05,5.0%,degree_distribution,out_degree_mean,secondary_emergent,5,5,25.21160480721841,25.21160480721841,24.31385046111062,24.562793234650933,-0.03560877433120611,7.288495907643116e-05,-0.02573463996158264,0.00015779662490371247,-0.009874134369623467,-80.33861669253517,welch_t_test,5.90329973005288e-11,3.797411076351324e-10,True,"At 5.0% error rate, the secondary change in out degree mean was significantly less in Real (-3.56%) than Null (-2.57%) (difference = -0.99%, d = -80.34, p_adj = 0.0000). Suggests connectome biological organization significantly shapes this secondary effect."
BANC,split_errors,0.05,5.0%,degree_distribution,total_degree_median,secondary_emergent,5,5,21.0,21.0,20.0,20.0,-0.047619047619047616,0.0,-0.0476190476190476,0.0,-1.3877787807814457e-17,0.0,welch_t_test,0.0,0.0,True,"At 5.0% error rate, the secondary change in total degree median was significantly less in Real (-4.76%) than Null (-4.76%) (difference = -0.00%, d = 0.00, p_adj = 0.0000). Suggests connectome biological organization significantly shapes this secondary effect."
BANC,split_errors,0.075,7.5%,basic_structure,node_count,secondary_emergent,5,5,158262.0,158262.0,167020.6,164505.8,0.0553424068948958,7.510942395328794e-05,0.03945230061543514,0.00011773706586648058,0.015890106279460657,160.911159936225,welch_t_test,9.01021931796151e-15,9.273594959563462e-14,True,"At 7.5% error rate, the secondary change in node count was significantly greater in Real (+5.53%) than Null (+3.95%) (difference = +1.59%, d = 160.91, p_adj = 0.0000). Suggests connectome biological organization significantly shapes this secondary effect."
BANC,split_errors,0.075,7.5%,connected_components,scc_count,secondary_emergent,5,5,18345.0,16976.0,19317.0,17513.6,0.05298446443172526,0.0011569902031502374,0.0316682375117813,0.0007799299383912991,0.021316226919943962,21.604867624119667,welch_t_test,4.644116563621608e-09,2.3014177637502636e-08,True,"At 7.5% error rate, the secondary change in scc count was significantly greater in Real (+5.30%) than Null (+3.17%) (difference = +2.13%, d = 21.60, p_adj = 0.0000). Suggests connectome biological organization significantly shapes this secondary effect."
BANC,split_errors,0.075,7.5%,connected_components,scc_max_size,secondary_emergent,5,5,139405.0,141287.0,147182.6,146993.2,0.05579139916071877,0.00021295288804254497,0.0403872967788968,0.00014114828048762034,0.015404102381821973,85.26851522133195,welch_t_test,3.9357921138315156e-13,3.606910855004499e-12,True,"At 7.5% error rate, the secondary change in scc max size was significantly greater in Real (+5.58%) than Null (+4.04%) (difference = +1.54%, d = 85.27, p_adj = 0.0000). Suggests connectome biological organization significantly shapes this secondary effect."
BANC,split_errors,0.075,7.5%,connected_components,wcc_max_size,secondary_emergent,5,5,153952.0,153958.0,162710.6,160201.8,0.05689175847017251,7.721216777758816e-05,0.0405552163577079,0.00012102848515933918,0.01633654211246461,160.93118726039845,welch_t_test,8.996785882580237e-15,9.273594959563462e-14,True,"At 7.5% error rate, the secondary change in wcc max size was significantly greater in Real (+5.69%) than Null (+4.06%) (difference = +1.63%, d = 160.93, p_adj = 0.0000). Suggests connectome biological organization significantly shapes this secondary effect."
BANC,split_errors,0.075,7.5%,degree_distribution,in_degree_mean,secondary_emergent,5,5,25.21160480721841,25.21160480721841,23.889502349817903,24.25470129900836,-0.05244023407117554,6.743643947857503e-05,-0.037954882901229545,0.00010897335700627749,-0.014485351169945995,-159.85254414667867,welch_t_test,1.5587566671343516e-14,1.5113162468302626e-13,True,"At 7.5% error rate, the secondary change in in degree mean was significantly less in Real (-5.24%) than Null (-3.80%) (difference = -1.45%, d = -159.85, p_adj = 0.0000). Suggests connectome biological organization significantly shapes this secondary effect."
BANC,split_errors,0.075,7.5%,degree_distribution,in_degree_median,secondary_emergent,5,5,9.0,9.0,8.0,9.0,-0.11111111111111112,1.5515838457795457e-17,0.0,0.0,-0.11111111111111112,0.0,welch_t_test,9.126038082997564e-65,1.1100580868227947e-63,True,"At 7.5% error rate, the secondary change in in degree median was significantly less in Real (-11.11%) than Null (+0.00%) (difference = -11.11%, d = 0.00, p_adj = 0.0000). Suggests connectome biological organization significantly shapes this secondary effect."
BANC,split_errors,0.075,7.5%,degree_distribution,out_degree_mean,secondary_emergent,5,5,25.21160480721841,25.21160480721841,23.889502349817903,24.25470129900836,-0.05244023407117554,6.743643947857503e-05,-0.037954882901229545,0.00010897335700627749,-0.014485351169945995,-159.85254414667867,welch_t_test,1.5587566671343516e-14,1.5113162468302626e-13,True,"At 7.5% error rate, the secondary change in out degree mean was significantly less in Real (-5.24%) than Null (-3.80%) (difference = -1.45%, d = -159.85, p_adj = 0.0000). Suggests connectome biological organization significantly shapes this secondary effect."
BANC,split_errors,0.075,7.5%,degree_distribution,out_degree_median,secondary_emergent,5,5,11.0,11.0,10.0,11.0,-0.09090909090909091,0.0,0.0,0.0,-0.09090909090909091,0.0,welch_t_test,0.0,0.0,True,"At 7.5% error rate, the secondary change in out degree median was significantly less in Real (-9.09%) than Null (+0.00%) (difference = -9.09%, d = 0.00, p_adj = 0.0000). Suggests connectome biological organization significantly shapes this secondary effect."
BANC,split_errors,0.075,7.5%,degree_distribution,total_degree_median,secondary_emergent,5,5,21.0,21.0,20.0,20.0,-0.047619047619047616,0.0,-0.0476190476190476,0.0,-1.3877787807814457e-17,0.0,welch_t_test,0.0,0.0,True,"At 7.5% error rate, the secondary change in total degree median was significantly less in Real (-4.76%) than Null (-4.76%) (difference = -0.00%, d = 0.00, p_adj = 0.0000). Suggests connectome biological organization significantly shapes this secondary effect."
BANC,split_errors,0.1,10.0%,basic_structure,node_count,secondary_emergent,5,5,158262.0,158262.0,169920.2,166578.0,0.07366392437856215,0.00013429146003380394,0.05254577851916438,0.00017630014063137265,0.021118145859397766,134.7595559832263,welch_t_test,2.0594582333430238e-15,2.3352162001804795e-14,True,"At 10.0% error rate, the secondary change in node count was significantly greater in Real (+7.37%) than Null (+5.25%) (difference = +2.11%, d = 134.76, p_adj = 0.0000). Suggests connectome biological organization significantly shapes this secondary effect."
BANC,split_errors,0.1,10.0%,connected_components,scc_count,secondary_emergent,5,5,18345.0,16976.0,19628.4,17694.8,0.0699591169255928,0.000990687243228843,0.04234213006597544,0.0014140060264514489,0.02761698685961736,22.62139915369835,welch_t_test,2.4267507434193902e-09,1.2783435018484819e-08,True,"At 10.0% error rate, the secondary change in scc count was significantly greater in Real (+7.00%) than Null (+4.23%) (difference = +2.76%, d = 22.62, p_adj = 0.0000). Suggests connectome biological organization significantly shapes this secondary effect."
BANC,split_errors,0.1,10.0%,connected_components,scc_max_size,secondary_emergent,5,5,139405.0,141287.0,149767.4,148884.2,0.07433305835515225,0.0002808435118566426,0.053771401473596235,0.00022783455362318966,0.020561656881556013,80.40807766559097,welch_t_test,4.927047270815224e-14,4.642527639683641e-13,True,"At 10.0% error rate, the secondary change in scc max size was significantly greater in Real (+7.43%) than Null (+5.38%) (difference = +2.06%, d = 80.41, p_adj = 0.0000). Suggests connectome biological organization significantly shapes this secondary effect."
BANC,split_errors,0.1,10.0%,connected_components,wcc_max_size,secondary_emergent,5,5,153952.0,153958.0,165610.2,162274.0,0.07572620037414259,0.00013805104868965537,0.05401473129035188,0.00018122873028104456,0.021711469083790708,134.77594727408632,welch_t_test,2.056504779572021e-15,2.3352162001804795e-14,True,"At 10.0% error rate, the secondary change in wcc max size was significantly greater in Real (+7.57%) than Null (+5.40%) (difference = +2.17%, d = 134.78, p_adj = 0.0000). Suggests connectome biological organization significantly shapes this secondary effect."
BANC,split_errors,0.1,10.0%,degree_distribution,in_degree_mean,secondary_emergent,5,5,25.21160480721841,25.21160480721841,23.481840592992558,23.95297752132301,-0.06860984167618706,0.00011647720659250313,-0.04992253747905166,0.00015912227783442852,-0.018687304197135393,-134.01713588137105,welch_t_test,3.74784277197839e-15,3.979852086434195e-14,True,"At 10.0% error rate, the secondary change in in degree mean was significantly less in Real (-6.86%) than Null (-4.99%) (difference = -1.87%, d = -134.02, p_adj = 0.0000). Suggests connectome biological organization significantly shapes this secondary effect."
BANC,split_errors,0.1,10.0%,degree_distribution,out_degree_mean,secondary_emergent,5,5,25.21160480721841,25.21160480721841,23.481840592992558,23.95297752132301,-0.06860984167618706,0.00011647720659250313,-0.04992253747905166,0.00015912227783442852,-0.018687304197135393,-134.01713588137105,welch_t_test,3.74784277197839e-15,3.979852086434195e-14,True,"At 10.0% error rate, the secondary change in out degree mean was significantly less in Real (-6.86%) than Null (-4.99%) (difference = -1.87%, d = -134.02, p_adj = 0.0000). Suggests connectome biological organization significantly shapes this secondary effect."
BANC,split_errors,0.1,10.0%,degree_distribution,out_degree_median,secondary_emergent,5,5,11.0,11.0,10.0,11.0,-0.09090909090909091,0.0,0.0,0.0,-0.09090909090909091,0.0,welch_t_test,0.0,0.0,True,"At 10.0% error rate, the secondary change in out degree median was significantly less in Real (-9.09%) than Null (+0.00%) (difference = -9.09%, d = 0.00, p_adj = 0.0000). Suggests connectome biological organization significantly shapes this secondary effect."
BANC,split_errors,0.1,10.0%,degree_distribution,total_degree_median,secondary_emergent,5,5,21.0,21.0,19.0,20.0,-0.09523809523809523,0.0,-0.0476190476190476,0.0,-0.04761904761904763,0.0,welch_t_test,0.0,0.0,True,"At 10.0% error rate, the secondary change in total degree median was significantly less in Real (-9.52%) than Null (-4.76%) (difference = -4.76%, d = 0.00, p_adj = 0.0000). Suggests connectome biological organization significantly shapes this secondary effect."
BANC,split_errors,0.15,15.0%,basic_structure,node_count,secondary_emergent,5,5,158262.0,158262.0,175741.2,170720.6,0.11044470561474011,0.00017558533839192285,0.07872136078148888,0.0003378136973314158,0.03172334483325123,117.83855248253099,welch_t_test,1.5252684934975756e-12,1.3426376607235237e-11,True,"At 15.0% error rate, the secondary change in node count was significantly greater in Real (+11.04%) than Null (+7.87%) (difference = +3.17%, d = 117.84, p_adj = 0.0000). Suggests connectome biological organization significantly shapes this secondary effect."
BANC,split_errors,0.15,15.0%,connected_components,scc_count,secondary_emergent,5,5,18345.0,16976.0,20246.0,18056.8,0.10362496593077133,0.0012442313666408652,0.06366635249764367,0.0015072517747344314,0.03995861343312766,28.913342192444144,welch_t_test,1.112120991129885e-10,6.953354608092459e-10,True,"At 15.0% error rate, the secondary change in scc count was significantly greater in Real (+10.36%) than Null (+6.37%) (difference = +4.00%, d = 28.91, p_adj = 0.0000). Suggests connectome biological organization significantly shapes this secondary effect."
BANC,split_errors,0.15,15.0%,connected_components,scc_max_size,secondary_emergent,5,5,139405.0,141287.0,154968.0,152664.8,0.1116387504035006,0.0002393146202447866,0.08052970195417833,0.00022119657096946938,0.031109048449322274,135.00214601565585,welch_t_test,3.1422835842540945e-16,3.688048627835069e-15,True,"At 15.0% error rate, the secondary change in scc max size was significantly greater in Real (+11.16%) than Null (+8.05%) (difference = +3.11%, d = 135.00, p_adj = 0.0000). Suggests connectome biological organization significantly shapes this secondary effect."
BANC,split_errors,0.15,15.0%,connected_components,wcc_max_size,secondary_emergent,5,5,153952.0,153958.0,171431.2,166416.6,0.11353668675950945,0.00018050097968576174,0.0809220696553605,0.0003472575076778736,0.03261461710414895,117.85356444252453,welch_t_test,1.5232930482512974e-12,1.3426376607235237e-11,True,"At 15.0% error rate, the secondary change in wcc max size was significantly greater in Real (+11.35%) than Null (+8.09%) (difference = +3.26%, d = 117.85, p_adj = 0.0000). Suggests connectome biological organization significantly shapes this secondary effect."
BANC,split_errors,0.15,15.0%,degree_distribution,in_degree_mean,secondary_emergent,5,5,25.21160480721841,25.21160480721841,22.70406188078045,23.37175076135278,-0.09945986959624319,0.00014238417942924082,-0.07297647491836204,0.0002902950613970323,-0.026483394677881147,-115.83454657613666,welch_t_test,3.6167860041377162e-12,2.950768093619673e-11,True,"At 15.0% error rate, the secondary change in in degree mean was significantly less in Real (-9.95%) than Null (-7.30%) (difference = -2.65%, d = -115.83, p_adj = 0.0000). Suggests connectome biological organization significantly shapes this secondary effect."
BANC,split_errors,0.15,15.0%,degree_distribution,out_degree_mean,secondary_emergent,5,5,25.21160480721841,25.21160480721841,22.70406188078045,23.37175076135278,-0.09945986959624319,0.00014238417942924082,-0.07297647491836204,0.0002902950613970323,-0.026483394677881147,-115.83454657613666,welch_t_test,3.6167860041377162e-12,2.950768093619673e-11,True,"At 15.0% error rate, the secondary change in out degree mean was significantly less in Real (-9.95%) than Null (-7.30%) (difference = -2.65%, d = -115.83, p_adj = 0.0000). Suggests connectome biological organization significantly shapes this secondary effect."
BANC,split_errors,0.15,15.0%,degree_distribution,total_degree_median,secondary_emergent,5,5,21.0,21.0,19.0,20.0,-0.09523809523809523,0.0,-0.0476190476190476,0.0,-0.04761904761904763,0.0,welch_t_test,0.0,0.0,True,"At 15.0% error rate, the secondary change in total degree median was significantly less in Real (-9.52%) than Null (-4.76%) (difference = -4.76%, d = 0.00, p_adj = 0.0000). Suggests connectome biological organization significantly shapes this secondary effect."
BANC,split_errors,0.2,20.0%,basic_structure,node_count,secondary_emergent,5,5,158262.0,158262.0,181564.6,174865.8,0.14724065157776345,0.00016242705400471932,0.10491337149789584,0.0002589638907329485,0.04232728007986761,195.8202888042137,welch_t_test,3.1872285127840994e-15,3.4955014345123975e-14,True,"At 20.0% error rate, the secondary change in node count was significantly greater in Real (+14.72%) than Null (+10.49%) (difference = +4.23%, d = 195.82, p_adj = 0.0000). Suggests connectome biological organization significantly shapes this secondary effect."
BANC,split_errors,0.2,20.0%,connected_components,scc_count,secondary_emergent,5,5,18345.0,16976.0,20908.6,18426.0,0.13974379940038156,0.0015923302907444102,0.08541470311027326,0.001697596424480373,0.054329096290108306,33.01064851380909,welch_t_test,2.1811162719249788e-11,1.5523050914019263e-10,True,"At 20.0% error rate, the secondary change in scc count was significantly greater in Real (+13.97%) than Null (+8.54%) (difference = +5.43%, d = 33.01, p_adj = 0.0000). Suggests connectome biological organization significantly shapes this secondary effect."
BANC,split_errors,0.2,20.0%,connected_components,scc_max_size,secondary_emergent,5,5,139405.0,141287.0,160121.2,156440.8,0.1486044259531581,0.00030646217485314815,0.10725544459150518,0.0001618943393857558,0.04134898136165291,168.71596025677738,welch_t_test,1.3821119754296989e-13,1.2842123771700952e-12,True,"At 20.0% error rate, the secondary change in scc max size was significantly greater in Real (+14.86%) than Null (+10.73%) (difference = +4.13%, d = 168.72, p_adj = 0.0000). Suggests connectome biological organization significantly shapes this secondary effect."
BANC,split_errors,0.2,20.0%,connected_components,wcc_max_size,secondary_emergent,5,5,153952.0,153958.0,177254.6,170561.8,0.15136276241945543,0.0001669743194040739,0.10784629574299479,0.00026620340141580984,0.04351646667646064,195.84468176346547,welch_t_test,3.1824058019996657e-15,3.4955014345123975e-14,True,"At 20.0% error rate, the secondary change in wcc max size was significantly greater in Real (+15.14%) than Null (+10.78%) (difference = +4.35%, d = 195.84, p_adj = 0.0000). Suggests connectome biological organization significantly shapes this secondary effect."
BANC,split_errors,0.2,20.0%,degree_distribution,in_degree_mean,secondary_emergent,5,5,25.21160480721841,25.21160480721841,21.975864590207742,22.81772179207208,-0.1283432864251557,0.00012339182428235156,-0.09495163173670426,0.00021212642860718372,-0.03339165468845143,-192.4292796173556,welch_t_test,1.3010750000101946e-14,1.2991330970251048e-13,True,"At 20.0% error rate, the secondary change in in degree mean was significantly less in Real (-12.83%) than Null (-9.50%) (difference = -3.34%, d = -192.43, p_adj = 0.0000). Suggests connectome biological organization significantly shapes this secondary effect."
BANC,split_errors,0.2,20.0%,degree_distribution,out_degree_mean,secondary_emergent,5,5,25.21160480721841,25.21160480721841,21.975864590207742,22.81772179207208,-0.1283432864251557,0.00012339182428235156,-0.09495163173670426,0.00021212642860718372,-0.03339165468845143,-192.4292796173556,welch_t_test,1.3010750000101946e-14,1.2991330970251048e-13,True,"At 20.0% error rate, the secondary change in out degree mean was significantly less in Real (-12.83%) than Null (-9.50%) (difference = -3.34%, d = -192.43, p_adj = 0.0000). Suggests connectome biological organization significantly shapes this secondary effect."
BANC,split_errors,0.2,20.0%,degree_distribution,out_degree_median,secondary_emergent,5,5,11.0,11.0,9.0,10.0,-0.18181818181818182,0.0,-0.0909090909090909,0.0,-0.09090909090909093,0.0,welch_t_test,0.0,0.0,True,"At 20.0% error rate, the secondary change in out degree median was significantly less in Real (-18.18%) than Null (-9.09%) (difference = -9.09%, d = 0.00, p_adj = 0.0000). Suggests connectome biological organization significantly shapes this secondary effect."
BANC,split_errors,0.2,20.0%,degree_distribution,total_degree_median,secondary_emergent,5,5,21.0,21.0,18.0,20.0,-0.14285714285714285,0.0,-0.0476190476190476,0.0,-0.09523809523809525,0.0,welch_t_test,0.0,0.0,True,"At 20.0% error rate, the secondary change in total degree median was significantly less in Real (-14.29%) than Null (-4.76%) (difference = -9.52%, d = 0.00, p_adj = 0.0000). Suggests connectome biological organization significantly shapes this secondary effect."
