dataset,error_model,rate,analysis,metric,mean,std,n
BANC,false_synapses,0.0,basic_structure,metric_node_count,158262.0,0.0,5
BANC,false_synapses,0.0,basic_structure,metric_edge_count,3990039.0,0.0,5
BANC,false_synapses,0.0,basic_structure,metric_total_synapses,23556214.0,0.0,5
BANC,false_synapses,0.0,basic_structure,metric_weight_mean,5.903755326702321,0.0,5
BANC,false_synapses,0.0,basic_structure,metric_weight_variance,89.45748753848277,0.0,5
BANC,false_synapses,0.0,basic_structure,metric_weight_std,9.45819684392764,0.0,5
BANC,false_synapses,0.0,basic_structure,metric_weight_max,913.0,0.0,5
BANC,false_synapses,0.0,basic_structure,metric_density,0.0001593039650148,0.0,5
BANC,false_synapses,0.0,degree_distribution,metric_total_degree_mean,50.42320961443682,0.0,5
BANC,false_synapses,0.0,degree_distribution,metric_in_degree_mean,25.21160480721841,0.0,5
BANC,false_synapses,0.0,degree_distribution,metric_out_degree_mean,25.21160480721841,0.0,5
BANC,false_synapses,0.0,degree_distribution,metric_total_degree_std,111.71935962728317,1.4210854715202004e-14,5
BANC,false_synapses,0.0,degree_distribution,metric_in_degree_max,4707.0,0.0,5
BANC,false_synapses,0.0,degree_distribution,metric_out_degree_max,4782.0,0.0,5
BANC,false_synapses,0.0,assortativity,metric_degree_assortativity,-0.0464301869222043,0.0,5
BANC,false_synapses,0.0,connected_components,metric_wcc_count,4306.0,0.0,5
BANC,false_synapses,0.0,connected_components,metric_wcc_max_size,153952.0,0.0,5
BANC,false_synapses,0.0,connected_components,metric_scc_count,18345.0,0.0,5
BANC,false_synapses,0.0,connected_components,metric_scc_max_size,139405.0,0.0,5
BANC,false_synapses,0.0,reciprocity,metric_reciprocity,0.1299390807959521,0.0,5
BANC,false_synapses,0.25,basic_structure,metric_node_count,158262.0,0.0,5
BANC,false_synapses,0.25,basic_structure,metric_edge_count,4000014.0,0.0,5
BANC,false_synapses,0.25,basic_structure,metric_total_synapses,23585825.6,49.11048767829535,5
BANC,false_synapses,0.25,basic_structure,metric_weight_mean,5.896435762474832,1.227757894776797e-05,5
BANC,false_synapses,0.25,basic_structure,metric_weight_variance,89.25968180212934,6.741206639815081e-05,5
BANC,false_synapses,0.25,basic_structure,metric_weight_std,9.44773421525588,3.567631546436415e-06,5
BANC,false_synapses,0.25,basic_structure,metric_weight_max,913.0,0.0,5
BANC,false_synapses,0.25,basic_structure,metric_density,0.0001597022210346,0.0,5
BANC,false_synapses,0.25,degree_distribution,metric_total_degree_mean,50.54926640633886,0.0,5
BANC,false_synapses,0.25,degree_distribution,metric_in_degree_mean,25.27463320316943,0.0,5
BANC,false_synapses,0.25,degree_distribution,metric_out_degree_mean,25.27463320316943,0.0,5
BANC,false_synapses,0.25,degree_distribution,metric_total_degree_std,111.72401133029504,0.0003054416893329911,5
BANC,false_synapses,0.25,degree_distribution,metric_in_degree_max,4707.0,0.0,5
BANC,false_synapses,0.25,degree_distribution,metric_out_degree_max,4782.0,0.0,5
BANC,false_synapses,0.25,assortativity,metric_degree_assortativity,-0.046021278142801124,1.0559852015238523e-06,5
BANC,false_synapses,0.25,connected_components,metric_wcc_count,4306.0,0.0,5
BANC,false_synapses,0.25,connected_components,metric_wcc_max_size,153952.0,0.0,5
BANC,false_synapses,0.25,connected_components,metric_scc_count,18342.6,0.7999999999999999,5
BANC,false_synapses,0.25,connected_components,metric_scc_max_size,139406.4,0.8,5
BANC,false_synapses,0.25,reciprocity,metric_reciprocity,0.1296180463368378,5.477206404735635e-07,5
BANC,false_synapses,0.5,basic_structure,metric_node_count,158262.0,0.0,5
BANC,false_synapses,0.5,basic_structure,metric_edge_count,4009989.0,0.0,5
BANC,false_synapses,0.5,basic_structure,metric_total_synapses,23615281.0,146.45272274696705,5
BANC,false_synapses,0.5,basic_structure,metric_weight_mean,5.889113660910292,3.6521976181533555e-05,5
BANC,false_synapses,0.5,basic_structure,metric_weight_variance,89.06294312810233,0.00028215213492792195,5
BANC,false_synapses,0.5,basic_structure,metric_weight_std,9.43731652154779,1.4948744817984142e-05,5
BANC,false_synapses,0.5,basic_structure,metric_weight_max,913.0,0.0,5
BANC,false_synapses,0.5,basic_structure,metric_density,0.0001601004770544,0.0,5
BANC,false_synapses,0.5,degree_distribution,metric_total_degree_mean,50.67532319824089,0.0,5
BANC,false_synapses,0.5,degree_distribution,metric_in_degree_mean,25.337661599120445,0.0,5
BANC,false_synapses,0.5,degree_distribution,metric_out_degree_mean,25.337661599120445,0.0,5
BANC,false_synapses,0.5,degree_distribution,metric_total_degree_std,111.76806832942876,0.00036431301476137025,5
BANC,false_synapses,0.5,degree_distribution,metric_in_degree_max,4707.0,0.0,5
BANC,false_synapses,0.5,degree_distribution,metric_out_degree_max,4782.0,0.0,5
BANC,false_synapses,0.5,assortativity,metric_degree_assortativity,-0.0455991152981172,2.3264884302354725e-06,5
BANC,false_synapses,0.5,connected_components,metric_wcc_count,4306.0,0.0,5
BANC,false_synapses,0.5,connected_components,metric_wcc_max_size,153952.0,0.0,5
BANC,false_synapses,0.5,connected_components,metric_scc_count,18341.0,0.8944271909999159,5
BANC,false_synapses,0.5,connected_components,metric_scc_max_size,139408.0,0.8944271909999159,5
BANC,false_synapses,0.5,reciprocity,metric_reciprocity,0.1292951177671559,4.460995733308798e-07,5
BANC,false_synapses,0.75,basic_structure,metric_node_count,158262.0,0.0,5
BANC,false_synapses,0.75,basic_structure,metric_edge_count,4019964.0,0.0,5
BANC,false_synapses,0.75,basic_structure,metric_total_synapses,23644808.0,120.6764268612557,5
BANC,false_synapses,0.75,basic_structure,metric_weight_mean,5.881845708071017,3.0019280486427567e-05,5
BANC,false_synapses,0.75,basic_structure,metric_weight_variance,88.86705979043946,0.0002289212178121602,5
BANC,false_synapses,0.75,basic_structure,metric_weight_std,9.426932681964585,1.214186115110754e-05,5
BANC,false_synapses,0.75,basic_structure,metric_weight_max,913.0,0.0,5
BANC,false_synapses,0.75,basic_structure,metric_density,0.0001604987330742,0.0,5
BANC,false_synapses,0.75,degree_distribution,metric_total_degree_mean,50.80137999014293,0.0,5
BANC,false_synapses,0.75,degree_distribution,metric_in_degree_mean,25.400689995071463,0.0,5
BANC,false_synapses,0.75,degree_distribution,metric_out_degree_mean,25.400689995071463,0.0,5
BANC,false_synapses,0.75,degree_distribution,metric_total_degree_std,111.82646248264152,0.0006153692126419561,5
BANC,false_synapses,0.75,degree_distribution,metric_in_degree_max,4707.0,0.0,5
BANC,false_synapses,0.75,degree_distribution,metric_out_degree_max,4782.0,0.0,5
BANC,false_synapses,0.75,assortativity,metric_degree_assortativity,-0.04547921284906641,7.948264172872075e-06,5
BANC,false_synapses,0.75,connected_components,metric_wcc_count,4306.0,0.0,5
BANC,false_synapses,0.75,connected_components,metric_wcc_max_size,153952.0,0.0,5
BANC,false_synapses,0.75,connected_components,metric_scc_count,18341.8,1.1661903789690602,5
BANC,false_synapses,0.75,connected_components,metric_scc_max_size,139407.4,0.8,5
BANC,false_synapses,0.75,reciprocity,metric_reciprocity,0.12897478683888708,5.450024502522899e-07,5
BANC,false_synapses,1.0,basic_structure,metric_node_count,158262.0,0.0,5
BANC,false_synapses,1.0,basic_structure,metric_edge_count,4029939.0,0.0,5
BANC,false_synapses,1.0,basic_structure,metric_total_synapses,23674574.4,249.99807999262714,5
BANC,false_synapses,1.0,basic_structure,metric_weight_mean,5.874673140213785,6.203520201973667e-05,5
BANC,false_synapses,1.0,basic_structure,metric_weight_variance,88.67164323103114,0.000405663115331364,5
BANC,false_synapses,1.0,basic_structure,metric_weight_std,9.416562176854523,2.153986340543594e-05,5
BANC,false_synapses,1.0,basic_structure,metric_weight_max,913.0,0.0,5
BANC,false_synapses,1.0,basic_structure,metric_density,0.0001608969890941,0.0,5
BANC,false_synapses,1.0,degree_distribution,metric_total_degree_mean,50.92743678204496,0.0,5
BANC,false_synapses,1.0,degree_distribution,metric_in_degree_mean,25.46371839102248,0.0,5
BANC,false_synapses,1.0,degree_distribution,metric_out_degree_mean,25.46371839102248,0.0,5
BANC,false_synapses,1.0,degree_distribution,metric_total_degree_std,111.84895174439848,0.00041810599409327736,5
BANC,false_synapses,1.0,degree_distribution,metric_in_degree_max,4707.0,0.0,5
BANC,false_synapses,1.0,degree_distribution,metric_out_degree_max,4782.0,0.0,5
BANC,false_synapses,1.0,assortativity,metric_degree_assortativity,-0.04522175859433812,3.959682715261982e-06,5
BANC,false_synapses,1.0,connected_components,metric_wcc_count,4306.0,0.0,5
BANC,false_synapses,1.0,connected_components,metric_wcc_max_size,153952.0,0.0,5
BANC,false_synapses,1.0,connected_components,metric_scc_count,18341.6,1.3564659966250536,5
BANC,false_synapses,1.0,connected_components,metric_scc_max_size,139407.2,0.7483314773547883,5
BANC,false_synapses,1.0,reciprocity,metric_reciprocity,0.1288871121870579,5.0083044181427036e-06,5
BANC,false_synapses,2.0,basic_structure,metric_node_count,158262.0,0.0,5
BANC,false_synapses,2.0,basic_structure,metric_edge_count,4069840.0,0.0,5
BANC,false_synapses,2.0,basic_structure,metric_total_synapses,23792261.4,245.5977198591225,5
BANC,false_synapses,2.0,basic_structure,metric_weight_mean,5.845994289701807,6.034579242889514e-05,5
BANC,false_synapses,2.0,basic_structure,metric_weight_variance,87.90034564053784,0.00037584401630137585,5
BANC,false_synapses,2.0,basic_structure,metric_weight_std,9.375518419806772,2.0043926626834628e-05,5
BANC,false_synapses,2.0,basic_structure,metric_weight_max,913.0,0.0,5
BANC,false_synapses,2.0,basic_structure,metric_density,0.0001624900530987,0.0,5
BANC,false_synapses,2.0,degree_distribution,metric_total_degree_mean,51.431676586925484,7.105427357601002e-15,5
BANC,false_synapses,2.0,degree_distribution,metric_in_degree_mean,25.715838293462742,3.552713678800501e-15,5
BANC,false_synapses,2.0,degree_distribution,metric_out_degree_mean,25.715838293462742,3.552713678800501e-15,5
BANC,false_synapses,2.0,degree_distribution,metric_total_degree_std,112.05218554820628,0.0009114820822255525,5
BANC,false_synapses,2.0,degree_distribution,metric_in_degree_max,4707.0,0.0,5
BANC,false_synapses,2.0,degree_distribution,metric_out_degree_max,4782.0,0.0,5
BANC,false_synapses,2.0,assortativity,metric_degree_assortativity,-0.04416334375915716,8.274887889785347e-06,5
BANC,false_synapses,2.0,connected_components,metric_wcc_count,4306.0,0.0,5
BANC,false_synapses,2.0,connected_components,metric_wcc_max_size,153952.0,0.0,5
BANC,false_synapses,2.0,connected_components,metric_scc_count,18336.0,0.6324555320336759,5
BANC,false_synapses,2.0,connected_components,metric_scc_max_size,139412.4,1.019803902718557,5
BANC,false_synapses,2.0,reciprocity,metric_reciprocity,0.129412360191064,2.7870739252365776e-05,5
BANC,false_synapses,5.0,basic_structure,metric_node_count,158262.0,0.0,5
BANC,false_synapses,5.0,basic_structure,metric_edge_count,4189541.0,0.0,5
BANC,false_synapses,5.0,basic_structure,metric_total_synapses,24146488.6,297.43342112143347,5
BANC,false_synapses,5.0,basic_structure,metric_weight_mean,5.763516480683683,7.099427386487872e-05,5
BANC,false_synapses,5.0,basic_structure,metric_weight_variance,85.66422803408375,0.00045630825325315987,5
BANC,false_synapses,5.0,basic_structure,metric_weight_std,9.255497179162019,2.4650647014031768e-05,5
BANC,false_synapses,5.0,basic_structure,metric_weight_max,913.0,0.0,5
BANC,false_synapses,5.0,basic_structure,metric_density,0.0001672691652618,0.0,5
BANC,false_synapses,5.0,degree_distribution,metric_total_degree_mean,52.94437072702228,0.0,5
BANC,false_synapses,5.0,degree_distribution,metric_in_degree_mean,26.47218536351114,0.0,5
BANC,false_synapses,5.0,degree_distribution,metric_out_degree_mean,26.47218536351114,0.0,5
BANC,false_synapses,5.0,degree_distribution,metric_total_degree_std,112.74465235981779,0.0031345659475935095,5
BANC,false_synapses,5.0,degree_distribution,metric_in_degree_max,4707.0,0.0,5
BANC,false_synapses,5.0,degree_distribution,metric_out_degree_max,4782.0,0.0,5
BANC,false_synapses,5.0,assortativity,metric_degree_assortativity,-0.04097434270770214,7.347943129728307e-06,5
BANC,false_synapses,5.0,connected_components,metric_wcc_count,4306.0,0.0,5
BANC,false_synapses,5.0,connected_components,metric_wcc_max_size,153952.0,0.0,5
BANC,false_synapses,5.0,connected_components,metric_scc_count,18300.0,4.560701700396552,5
BANC,false_synapses,5.0,connected_components,metric_scc_max_size,139453.2,5.775811631277461,5
BANC,false_synapses,5.0,reciprocity,metric_reciprocity,0.13117857063578084,1.3930970646737542e-05,5
BANC,false_synapses,10.0,basic_structure,metric_node_count,158262.0,0.0,5
BANC,false_synapses,10.0,basic_structure,metric_edge_count,4389043.0,0.0,5
BANC,false_synapses,10.0,basic_structure,metric_total_synapses,24736087.2,462.8578183416588,5
BANC,false_synapses,10.0,basic_structure,metric_weight_mean,5.635872603663258,0.00010545757203588839,5
BANC,false_synapses,10.0,basic_structure,metric_weight_variance,82.1824461913184,0.0005104413790429091,5
BANC,false_synapses,10.0,basic_structure,metric_weight_std,9.065453446492667,2.8153082336585327e-05,5
BANC,false_synapses,10.0,basic_structure,metric_weight_max,913.0,0.0,5
BANC,false_synapses,10.0,basic_structure,metric_density,0.0001752343655088,0.0,5
BANC,false_synapses,10.0,degree_distribution,metric_total_degree_mean,55.46553183960774,0.0,5
BANC,false_synapses,10.0,degree_distribution,metric_in_degree_mean,27.73276591980387,0.0,5
BANC,false_synapses,10.0,degree_distribution,metric_out_degree_mean,27.73276591980387,0.0,5
BANC,false_synapses,10.0,degree_distribution,metric_total_degree_std,114.08721278467551,0.003397025208131014,5
BANC,false_synapses,10.0,degree_distribution,metric_in_degree_max,4707.0,0.0,5
BANC,false_synapses,10.0,degree_distribution,metric_out_degree_max,4782.0,0.0,5
BANC,false_synapses,10.0,assortativity,metric_degree_assortativity,-0.037024038333034796,1.1296955255890831e-05,5
BANC,false_synapses,10.0,connected_components,metric_wcc_count,4306.0,0.0,5
BANC,false_synapses,10.0,connected_components,metric_wcc_max_size,153952.0,0.0,5
BANC,false_synapses,10.0,connected_components,metric_scc_count,18206.8,5.114684741017769,5
BANC,false_synapses,10.0,connected_components,metric_scc_max_size,139579.8,7.934733769950949,5
BANC,false_synapses,10.0,reciprocity,metric_reciprocity,0.13402274709999418,4.108749897130928e-05,5
BANC,false_synapses,15.0,basic_structure,metric_node_count,158262.0,0.0,5
BANC,false_synapses,15.0,basic_structure,metric_edge_count,4588545.0,0.0,5
BANC,false_synapses,15.0,basic_structure,metric_total_synapses,25326858.6,768.6566463642918,5
BANC,false_synapses,15.0,basic_structure,metric_weight_mean,5.5195837896326605,0.0001675164232591592,5
BANC,false_synapses,15.0,basic_structure,metric_weight_variance,78.97380322092489,0.0008390264732395066,5
BANC,false_synapses,15.0,basic_structure,metric_weight_std,8.886720611040747,4.720671382954625e-05,5
BANC,false_synapses,15.0,basic_structure,metric_weight_max,913.0,0.0,5
BANC,false_synapses,15.0,basic_structure,metric_density,0.0001831995657559,0.0,5
BANC,false_synapses,15.0,degree_distribution,metric_total_degree_mean,57.986692952193195,7.105427357601002e-15,5
BANC,false_synapses,15.0,degree_distribution,metric_in_degree_mean,28.993346476096598,3.552713678800501e-15,5
BANC,false_synapses,15.0,degree_distribution,metric_out_degree_mean,28.993346476096598,3.552713678800501e-15,5
BANC,false_synapses,15.0,degree_distribution,metric_total_degree_std,115.96527859433088,0.007078889534523339,5
BANC,false_synapses,15.0,degree_distribution,metric_in_degree_max,4707.0,0.0,5
BANC,false_synapses,15.0,degree_distribution,metric_out_degree_max,4782.0,0.0,5
BANC,false_synapses,15.0,assortativity,metric_degree_assortativity,-0.034303026971815004,1.7903227014364726e-05,5
BANC,false_synapses,15.0,connected_components,metric_wcc_count,4306.0,0.0,5
BANC,false_synapses,15.0,connected_components,metric_wcc_max_size,153952.0,0.0,5
BANC,false_synapses,15.0,connected_components,metric_scc_count,18092.8,3.7629775444453557,5
BANC,false_synapses,15.0,connected_components,metric_scc_max_size,139744.2,7.547184905645283,5
BANC,false_synapses,15.0,reciprocity,metric_reciprocity,0.13661228123511915,5.100542333674456e-05,5
BANC,false_synapses,20.0,basic_structure,metric_node_count,158262.0,0.0,5
BANC,false_synapses,20.0,basic_structure,metric_edge_count,4788047.0,0.0,5
BANC,false_synapses,20.0,basic_structure,metric_total_synapses,25917579.0,1392.9796839868125,5
BANC,false_synapses,20.0,basic_structure,metric_weight_mean,5.412975060604042,0.00029092857358873454,5
BANC,false_synapses,20.0,basic_structure,metric_weight_variance,76.00872176829245,0.0014602104015823847,5
BANC,false_synapses,20.0,basic_structure,metric_weight_std,8.71829810004679,8.374369238007625e-05,5
BANC,false_synapses,20.0,basic_structure,metric_weight_max,913.0,0.0,5
BANC,false_synapses,20.0,basic_structure,metric_density,0.0001911647660029,0.0,5
BANC,false_synapses,20.0,degree_distribution,metric_total_degree_mean,60.507854064778655,0.0,5
BANC,false_synapses,20.0,degree_distribution,metric_in_degree_mean,30.253927032389328,0.0,5
BANC,false_synapses,20.0,degree_distribution,metric_out_degree_mean,30.253927032389328,0.0,5
BANC,false_synapses,20.0,degree_distribution,metric_total_degree_std,118.10941468975454,0.008711824893892542,5
BANC,false_synapses,20.0,degree_distribution,metric_in_degree_max,4707.0,0.0,5
BANC,false_synapses,20.0,degree_distribution,metric_out_degree_max,4782.0,0.0,5
BANC,false_synapses,20.0,assortativity,metric_degree_assortativity,-0.031543463118588,3.625291603957874e-05,5
BANC,false_synapses,20.0,connected_components,metric_wcc_count,4306.0,0.0,5
BANC,false_synapses,20.0,connected_components,metric_wcc_max_size,153952.0,0.0,5
BANC,false_synapses,20.0,connected_components,metric_scc_count,17946.2,6.881860213634102,5
BANC,false_synapses,20.0,connected_components,metric_scc_max_size,139956.8,8.47112743381895,5
BANC,false_synapses,20.0,reciprocity,metric_reciprocity,0.13914558482821907,0.00010788758903760082,5
BANC,merge_errors,0.0,basic_structure,metric_node_count,158262.0,0.0,5
BANC,merge_errors,0.0,basic_structure,metric_edge_count,3990039.0,0.0,5
BANC,merge_errors,0.0,basic_structure,metric_total_synapses,23556214.0,0.0,5
BANC,merge_errors,0.0,basic_structure,metric_weight_mean,5.903755326702321,0.0,5
BANC,merge_errors,0.0,basic_structure,metric_weight_variance,89.45748753848277,0.0,5
BANC,merge_errors,0.0,basic_structure,metric_weight_std,9.45819684392764,0.0,5
BANC,merge_errors,0.0,basic_structure,metric_weight_max,913.0,0.0,5
BANC,merge_errors,0.0,basic_structure,metric_density,0.0001593039650148,0.0,5
BANC,merge_errors,0.0,degree_distribution,metric_total_degree_mean,50.42320961443682,0.0,5
BANC,merge_errors,0.0,degree_distribution,metric_in_degree_mean,25.21160480721841,0.0,5
BANC,merge_errors,0.0,degree_distribution,metric_out_degree_mean,25.21160480721841,0.0,5
BANC,merge_errors,0.0,degree_distribution,metric_total_degree_std,111.71935962728317,1.4210854715202004e-14,5
BANC,merge_errors,0.0,degree_distribution,metric_in_degree_max,4707.0,0.0,5
BANC,merge_errors,0.0,degree_distribution,metric_out_degree_max,4782.0,0.0,5
BANC,merge_errors,0.0,assortativity,metric_degree_assortativity,-0.0464301869222043,0.0,5
BANC,merge_errors,0.0,connected_components,metric_wcc_count,4306.0,0.0,5
BANC,merge_errors,0.0,connected_components,metric_wcc_max_size,153952.0,0.0,5
BANC,merge_errors,0.0,connected_components,metric_scc_count,18345.0,0.0,5
BANC,merge_errors,0.0,connected_components,metric_scc_max_size,139405.0,0.0,5
BANC,merge_errors,0.0,reciprocity,metric_reciprocity,0.1299390807959521,0.0,5
BANC,merge_errors,0.5,basic_structure,metric_node_count,157968.0,0.0,5
BANC,merge_errors,0.5,basic_structure,metric_edge_count,3980860.0,1053.0658099093332,5
BANC,merge_errors,0.5,basic_structure,metric_total_synapses,23555557.0,327.1409482165142,5
BANC,merge_errors,0.5,basic_structure,metric_weight_mean,5.917203473645284,0.0015403926256043054,5
BANC,merge_errors,0.5,basic_structure,metric_weight_variance,90.05438199345588,0.12006824123890895,5
BANC,merge_errors,0.5,basic_structure,metric_weight_std,9.489696621293305,0.0063268689178142675,5
BANC,merge_errors,0.5,basic_structure,metric_weight_max,913.0,0.0,5
BANC,merge_errors,0.5,basic_structure,metric_density,0.00015952965073902,4.2200735743555154e-08,5
BANC,merge_errors,0.5,degree_distribution,metric_total_degree_mean,50.40084067659273,0.013332647243861972,5
BANC,merge_errors,0.5,degree_distribution,metric_in_degree_mean,25.200420338296365,0.006666323621929648,5
BANC,merge_errors,0.5,degree_distribution,metric_out_degree_mean,25.200420338296365,0.006666323621929648,5
BANC,merge_errors,0.5,degree_distribution,metric_total_degree_std,111.56482692291891,0.034573701171800045,5
BANC,merge_errors,0.5,degree_distribution,metric_in_degree_max,4688.2,10.361467077590895,5
BANC,merge_errors,0.5,degree_distribution,metric_out_degree_max,4763.6,10.49952379872535,5
BANC,merge_errors,0.5,assortativity,metric_degree_assortativity,-0.046321358589552455,3.710040912229771e-05,5
BANC,merge_errors,0.5,connected_components,metric_wcc_count,4306.0,0.0,5
BANC,merge_errors,0.5,connected_components,metric_wcc_max_size,153658.0,0.0,5
BANC,merge_errors,0.5,connected_components,metric_scc_count,18342.2,1.16619037896906,5
BANC,merge_errors,0.5,connected_components,metric_scc_max_size,139114.0,1.4142135623730951,5
BANC,merge_errors,0.5,reciprocity,metric_reciprocity,0.13008676980238104,3.483890352449952e-05,5
BANC,merge_errors,1.0,basic_structure,metric_node_count,157674.0,0.0,5
BANC,merge_errors,1.0,basic_structure,metric_edge_count,3972162.2,1778.1647167796352,5
BANC,merge_errors,1.0,basic_structure,metric_total_synapses,23554939.8,446.81692000191754,5
BANC,merge_errors,1.0,basic_structure,metric_weight_mean,5.930005698247625,0.002634392961783576,5
BANC,merge_errors,1.0,basic_structure,metric_weight_variance,90.6993551688059,0.13365163952296988,5
BANC,merge_errors,1.0,basic_structure,metric_weight_std,9.52361832166473,0.007016555975816092,5
BANC,merge_errors,1.0,basic_structure,metric_weight_max,913.0,0.0,5
BANC,merge_errors,1.0,basic_structure,metric_density,0.00015977526923826002,7.152445749758437e-08,5
BANC,merge_errors,1.0,degree_distribution,metric_total_degree_mean,50.384492053223745,0.02255495156816681,5
BANC,merge_errors,1.0,degree_distribution,metric_in_degree_mean,25.192246026611873,0.011277475784084362,5
BANC,merge_errors,1.0,degree_distribution,metric_out_degree_mean,25.192246026611873,0.011277475784084362,5
BANC,merge_errors,1.0,degree_distribution,metric_total_degree_std,111.41592606971747,0.06607708071635288,5
BANC,merge_errors,1.0,degree_distribution,metric_in_degree_max,4675.6,11.253443917308159,5
BANC,merge_errors,1.0,degree_distribution,metric_out_degree_max,4749.4,12.626955294131678,5
BANC,merge_errors,1.0,assortativity,metric_degree_assortativity,-0.046146326524109126,0.00012005868002120133,5
BANC,merge_errors,1.0,connected_components,metric_wcc_count,4306.0,0.0,5
BANC,merge_errors,1.0,connected_components,metric_wcc_max_size,153364.0,0.0,5
BANC,merge_errors,1.0,connected_components,metric_scc_count,18338.6,1.4966629547095764,5
BANC,merge_errors,1.0,connected_components,metric_scc_max_size,138824.0,1.8973665961010275,5
BANC,merge_errors,1.0,reciprocity,metric_reciprocity,0.13020819646956752,8.890570541855361e-05,5
BANC,merge_errors,2.0,basic_structure,metric_node_count,157086.0,0.0,5
BANC,merge_errors,2.0,basic_structure,metric_edge_count,3954669.6,2654.093035294731,5
BANC,merge_errors,2.0,basic_structure,metric_total_synapses,23554107.4,394.78632195150834,5
BANC,merge_errors,2.0,basic_structure,metric_weight_mean,5.956026775878354,0.004005349386544671,5
BANC,merge_errors,2.0,basic_structure,metric_weight_variance,91.85265362293967,0.07505008744382559,5
BANC,merge_errors,2.0,basic_structure,metric_weight_std,9.583978208296598,0.003914822551004925,5
BANC,merge_errors,2.0,basic_structure,metric_weight_max,913.0,0.0,5
BANC,merge_errors,2.0,basic_structure,metric_density,0.00016026474910724,1.0755830383716805e-07,5
BANC,merge_errors,2.0,degree_distribution,metric_total_degree_mean,50.35037622703487,0.0337915923162449,5
BANC,merge_errors,2.0,degree_distribution,metric_in_degree_mean,25.175188113517436,0.016895796158122253,5
BANC,merge_errors,2.0,degree_distribution,metric_out_degree_mean,25.175188113517436,0.016895796158122253,5
BANC,merge_errors,2.0,degree_distribution,metric_total_degree_std,111.13868759067084,0.09924600623376018,5
BANC,merge_errors,2.0,degree_distribution,metric_in_degree_max,4651.2,14.496896219536099,5
BANC,merge_errors,2.0,degree_distribution,metric_out_degree_max,4721.2,10.533755265810953,5
BANC,merge_errors,2.0,assortativity,metric_degree_assortativity,-0.04589301797952482,0.00015195909130594768,5
BANC,merge_errors,2.0,connected_components,metric_wcc_count,4306.0,0.0,5
BANC,merge_errors,2.0,connected_components,metric_wcc_max_size,152776.0,0.0,5
BANC,merge_errors,2.0,connected_components,metric_scc_count,18331.2,2.2271057451320084,5
BANC,merge_errors,2.0,connected_components,metric_scc_max_size,138243.8,2.9257477676655586,5
BANC,merge_errors,2.0,reciprocity,metric_reciprocity,0.13049689468483003,9.703546377908222e-05,5
BANC,merge_errors,3.0,basic_structure,metric_node_count,156498.0,0.0,5
BANC,merge_errors,3.0,basic_structure,metric_edge_count,3935522.8,3702.11125710722,5
BANC,merge_errors,3.0,basic_structure,metric_total_synapses,23552105.2,622.2360966707091,5
BANC,merge_errors,3.0,basic_structure,metric_weight_mean,5.984497357882816,0.005565741982106835,5
BANC,merge_errors,3.0,basic_structure,metric_weight_variance,93.83820390346668,0.3315623085541723,5
BANC,merge_errors,3.0,basic_structure,metric_weight_std,9.686997020185926,0.01710655943354929,5
BANC,merge_errors,3.0,basic_structure,metric_weight_max,913.0,0.0,5
BANC,merge_errors,3.0,basic_structure,metric_density,0.00016068954622807999,1.51159225370643e-07,5
BANC,merge_errors,3.0,degree_distribution,metric_total_degree_mean,50.29486383212564,0.04731193059473393,5
BANC,merge_errors,3.0,degree_distribution,metric_in_degree_mean,25.14743191606282,0.023655965297367482,5
BANC,merge_errors,3.0,degree_distribution,metric_out_degree_mean,25.14743191606282,0.023655965297367482,5
BANC,merge_errors,3.0,degree_distribution,metric_total_degree_std,110.80119985258636,0.10491025635184063,5
BANC,merge_errors,3.0,degree_distribution,metric_in_degree_max,4615.6,27.48526878165829,5
BANC,merge_errors,3.0,degree_distribution,metric_out_degree_max,4685.0,26.578186544608343,5
BANC,merge_errors,3.0,assortativity,metric_degree_assortativity,-0.04560239595484921,0.00020039111781464992,5
BANC,merge_errors,3.0,connected_components,metric_wcc_count,4306.0,0.0,5
BANC,merge_errors,3.0,connected_components,metric_wcc_max_size,152188.0,0.0,5
BANC,merge_errors,3.0,connected_components,metric_scc_count,18323.8,3.1874754901018454,5
BANC,merge_errors,3.0,connected_components,metric_scc_max_size,137663.4,4.079215610874228,5
BANC,merge_errors,3.0,reciprocity,metric_reciprocity,0.13043867937230144,8.098427756090081e-05,5
BANC,merge_errors,5.0,basic_structure,metric_node_count,155322.0,0.0,5
BANC,merge_errors,5.0,basic_structure,metric_edge_count,3891822.8,4328.008197774122,5
BANC,merge_errors,5.0,basic_structure,metric_total_synapses,23548416.8,680.2712400212139,5
BANC,merge_errors,5.0,basic_structure,metric_weight_mean,6.0507497868082165,0.006743669707690077,5
BANC,merge_errors,5.0,basic_structure,metric_weight_variance,98.73981523100159,0.36604431939716087,5
BANC,merge_errors,5.0,basic_structure,metric_weight_std,9.936773954393525,0.018401366473733468,5
BANC,merge_errors,5.0,basic_structure,metric_weight_max,914.0,2.0,5
BANC,merge_errors,5.0,basic_structure,metric_density,0.00016132062872484,1.7940102605357652e-07,5
BANC,merge_errors,5.0,degree_distribution,metric_total_degree_mean,50.11296274835503,0.05572949353953933,5
BANC,merge_errors,5.0,degree_distribution,metric_in_degree_mean,25.056481374177515,0.027864746769769664,5
BANC,merge_errors,5.0,degree_distribution,metric_out_degree_mean,25.056481374177515,0.027864746769769664,5
BANC,merge_errors,5.0,degree_distribution,metric_total_degree_std,110.02511330428815,0.10840665286781608,5
BANC,merge_errors,5.0,degree_distribution,metric_in_degree_max,4555.2,29.2123261655076,5
BANC,merge_errors,5.0,degree_distribution,metric_out_degree_max,4624.4,30.467031361785153,5
BANC,merge_errors,5.0,assortativity,metric_degree_assortativity,-0.044694748689255735,0.0004077867432213108,5
BANC,merge_errors,5.0,connected_components,metric_wcc_count,4306.0,0.0,5
BANC,merge_errors,5.0,connected_components,metric_wcc_max_size,151012.0,0.0,5
BANC,merge_errors,5.0,connected_components,metric_scc_count,18310.4,5.083306010855534,5
BANC,merge_errors,5.0,connected_components,metric_scc_max_size,136501.0,6.0,5
BANC,merge_errors,5.0,reciprocity,metric_reciprocity,0.1302528388424457,0.00014388865304011176,5
BANC,merge_errors,7.5,basic_structure,metric_node_count,153851.0,0.0,5
BANC,merge_errors,7.5,basic_structure,metric_edge_count,3832715.2,3583.680309402612,5
BANC,merge_errors,7.5,basic_structure,metric_total_synapses,23545149.8,639.6381477054039,5
BANC,merge_errors,7.5,basic_structure,metric_weight_mean,6.143208994369712,0.005775557334405241,5
BANC,merge_errors,7.5,basic_structure,metric_weight_variance,104.29162198249466,0.14747975753527648,5
BANC,merge_errors,7.5,basic_structure,metric_weight_std,10.212324411607767,0.007217657149883852,5
BANC,merge_errors,7.5,basic_structure,metric_weight_max,914.6,2.0591260281974,5
BANC,merge_errors,7.5,basic_structure,metric_density,0.00016192306841908001,1.5140193875945475e-07,5
BANC,merge_errors,7.5,degree_distribution,metric_total_degree_mean,49.82372815256319,0.0465863765513715,5
BANC,merge_errors,7.5,degree_distribution,metric_in_degree_mean,24.911864076281596,0.023293188275686643,5
BANC,merge_errors,7.5,degree_distribution,metric_out_degree_mean,24.911864076281596,0.023293188275686643,5
BANC,merge_errors,7.5,degree_distribution,metric_total_degree_std,109.02232354186972,0.08137450479456802,5
BANC,merge_errors,7.5,degree_distribution,metric_in_degree_max,4469.8,48.544412654805086,5
BANC,merge_errors,7.5,degree_distribution,metric_out_degree_max,4528.4,48.701540016718155,5
BANC,merge_errors,7.5,assortativity,metric_degree_assortativity,-0.04384633167760104,0.00042650079338191546,5
BANC,merge_errors,7.5,connected_components,metric_wcc_count,4306.0,0.0,5
BANC,merge_errors,7.5,connected_components,metric_wcc_max_size,149541.0,0.0,5
BANC,merge_errors,7.5,connected_components,metric_scc_count,18288.4,5.2,5
BANC,merge_errors,7.5,connected_components,metric_scc_max_size,135053.0,6.387487769068525,5
BANC,merge_errors,7.5,reciprocity,metric_reciprocity,0.13017071285262988,4.4468595708351105e-05,5
BANC,merge_errors,10.0,basic_structure,metric_node_count,152381.0,0.0,5
BANC,merge_errors,10.0,basic_structure,metric_edge_count,3764995.8,3689.0879848547934,5
BANC,merge_errors,10.0,basic_structure,metric_total_synapses,23541898.6,953.1089339629547,5
BANC,merge_errors,10.0,basic_structure,metric_weight_mean,6.252841312101628,0.00615254718924892,5
BANC,merge_errors,10.0,basic_structure,metric_weight_variance,113.50951978722898,0.9371690721549433,5
BANC,merge_errors,10.0,basic_structure,metric_weight_std,10.653993835178005,0.04399030822854419,5
BANC,merge_errors,10.0,basic_structure,metric_weight_max,1024.0,39.191835884530846,5
BANC,merge_errors,10.0,basic_structure,metric_density,0.0001621458013933,1.5887670519137528e-07,5
BANC,merge_errors,10.0,degree_distribution,metric_total_degree_mean,49.41555443263924,0.048419264670199934,5
BANC,merge_errors,10.0,degree_distribution,metric_in_degree_mean,24.70777721631962,0.024209632335099967,5
BANC,merge_errors,10.0,degree_distribution,metric_out_degree_mean,24.70777721631962,0.024209632335099967,5
BANC,merge_errors,10.0,degree_distribution,metric_total_degree_std,107.75906230922574,0.10073765189993387,5
BANC,merge_errors,10.0,degree_distribution,metric_in_degree_max,4382.4,44.03907355973784,5
BANC,merge_errors,10.0,degree_distribution,metric_out_degree_max,4436.4,48.18547498987636,5
BANC,merge_errors,10.0,assortativity,metric_degree_assortativity,-0.04353732106290438,0.0004997146166083347,5
BANC,merge_errors,10.0,connected_components,metric_wcc_count,4306.0,0.0,5
BANC,merge_errors,10.0,connected_components,metric_wcc_max_size,148071.0,0.0,5
BANC,merge_errors,10.0,connected_components,metric_scc_count,18266.6,5.817215828899594,5
BANC,merge_errors,10.0,connected_components,metric_scc_max_size,133608.0,7.238784428341543,5
BANC,merge_errors,10.0,reciprocity,metric_reciprocity,0.13031026679731622,0.0002293910872955502,5
BANC,merge_errors,15.0,basic_structure,metric_node_count,149441.0,0.0,5
BANC,merge_errors,15.0,basic_structure,metric_edge_count,3633321.6,3549.064586619973,5
BANC,merge_errors,15.0,basic_structure,metric_total_synapses,23535295.6,1389.2431896539929,5
BANC,merge_errors,15.0,basic_structure,metric_weight_mean,6.4776311931816695,0.006131769172109748,5
BANC,merge_errors,15.0,basic_structure,metric_weight_variance,128.3791890694996,1.1655863902616348,5
BANC,merge_errors,15.0,basic_structure,metric_weight_std,11.330337779318661,0.05133104366669747,5
BANC,merge_errors,15.0,basic_structure,metric_weight_max,1159.6,1.2,5
BANC,merge_errors,15.0,basic_structure,metric_density,0.000162692381646,1.589195325259869e-07,5
BANC,merge_errors,15.0,degree_distribution,metric_total_degree_mean,48.62549902637161,0.04749786988336364,5
BANC,merge_errors,15.0,degree_distribution,metric_in_degree_mean,24.312749513185803,0.02374893494168036,5
BANC,merge_errors,15.0,degree_distribution,metric_out_degree_mean,24.312749513185803,0.02374893494168036,5
BANC,merge_errors,15.0,degree_distribution,metric_total_degree_std,105.22446984425478,0.16021102924720593,5
BANC,merge_errors,15.0,degree_distribution,metric_in_degree_max,4185.6,42.63144379445763,5
BANC,merge_errors,15.0,degree_distribution,metric_out_degree_max,4225.4,52.96262833357121,5
BANC,merge_errors,15.0,assortativity,metric_degree_assortativity,-0.0448204921439288,0.0007135016814114732,5
BANC,merge_errors,15.0,connected_components,metric_wcc_count,4306.0,0.0,5
BANC,merge_errors,15.0,connected_components,metric_wcc_max_size,145131.0,0.0,5
BANC,merge_errors,15.0,connected_components,metric_scc_count,18220.8,4.166533331199932,5
BANC,merge_errors,15.0,connected_components,metric_scc_max_size,130715.8,5.1536394906900505,5
BANC,merge_errors,15.0,reciprocity,metric_reciprocity,0.13153018433758928,0.00016153605989260373,5
BANC,merge_errors,20.0,basic_structure,metric_node_count,146501.0,0.0,5
BANC,merge_errors,20.0,basic_structure,metric_edge_count,3504141.6,5340.406486401574,5
BANC,merge_errors,20.0,basic_structure,metric_total_synapses,23530251.2,1119.4061639994663,5
BANC,merge_errors,20.0,basic_structure,metric_weight_mean,6.7149985782261385,0.0102407611086381,5
BANC,merge_errors,20.0,basic_structure,metric_weight_variance,143.01274905868473,1.087472467089343,5
BANC,merge_errors,20.0,basic_structure,metric_weight_std,11.958707160567979,0.04552039614182705,5
BANC,merge_errors,20.0,basic_structure,metric_weight_max,1955.8,50.45948870133347,5
BANC,merge_errors,20.0,basic_structure,metric_density,0.00016326888751678,2.488261963801417e-07,5
BANC,merge_errors,20.0,degree_distribution,metric_total_degree_mean,47.837784042429746,0.07290607554080067,5
BANC,merge_errors,20.0,degree_distribution,metric_in_degree_mean,23.918892021214873,0.03645303777039916,5
BANC,merge_errors,20.0,degree_distribution,metric_out_degree_mean,23.918892021214873,0.03645303777039916,5
BANC,merge_errors,20.0,degree_distribution,metric_total_degree_std,103.04656202485482,0.1832487108421102,5
BANC,merge_errors,20.0,degree_distribution,metric_in_degree_max,4011.8,42.26298616993361,5
BANC,merge_errors,20.0,degree_distribution,metric_out_degree_max,4030.0,52.18045611145997,5
BANC,merge_errors,20.0,assortativity,metric_degree_assortativity,-0.044937493211950716,0.00023172915446542314,5
BANC,merge_errors,20.0,connected_components,metric_wcc_count,4306.0,0.0,5
BANC,merge_errors,20.0,connected_components,metric_wcc_max_size,142191.0,0.0,5
BANC,merge_errors,20.0,connected_components,metric_scc_count,18169.6,3.0724582991474434,5
BANC,merge_errors,20.0,connected_components,metric_scc_max_size,127828.8,3.1874754901018454,5
BANC,merge_errors,20.0,reciprocity,metric_reciprocity,0.13350490910294538,0.00016382653056739712,5
BANC,missed_synapses,0.0,basic_structure,metric_node_count,158262.0,0.0,5
BANC,missed_synapses,0.0,basic_structure,metric_edge_count,3990039.0,0.0,5
BANC,missed_synapses,0.0,basic_structure,metric_total_synapses,23556214.0,0.0,5
BANC,missed_synapses,0.0,basic_structure,metric_weight_mean,5.903755326702321,0.0,5
BANC,missed_synapses,0.0,basic_structure,metric_weight_variance,89.45748753848277,0.0,5
BANC,missed_synapses,0.0,basic_structure,metric_weight_std,9.45819684392764,0.0,5
BANC,missed_synapses,0.0,basic_structure,metric_weight_max,913.0,0.0,5
BANC,missed_synapses,0.0,basic_structure,metric_density,0.0001593039650148,0.0,5
BANC,missed_synapses,0.0,degree_distribution,metric_total_degree_mean,50.42320961443682,0.0,5
BANC,missed_synapses,0.0,degree_distribution,metric_in_degree_mean,25.21160480721841,0.0,5
BANC,missed_synapses,0.0,degree_distribution,metric_out_degree_mean,25.21160480721841,0.0,5
BANC,missed_synapses,0.0,degree_distribution,metric_total_degree_std,111.71935962728317,1.4210854715202004e-14,5
BANC,missed_synapses,0.0,degree_distribution,metric_in_degree_max,4707.0,0.0,5
BANC,missed_synapses,0.0,degree_distribution,metric_out_degree_max,4782.0,0.0,5
BANC,missed_synapses,0.0,assortativity,metric_degree_assortativity,-0.0464301869222043,0.0,5
BANC,missed_synapses,0.0,connected_components,metric_wcc_count,4306.0,0.0,5
BANC,missed_synapses,0.0,connected_components,metric_wcc_max_size,153952.0,0.0,5
BANC,missed_synapses,0.0,connected_components,metric_scc_count,18345.0,0.0,5
BANC,missed_synapses,0.0,connected_components,metric_scc_max_size,139405.0,0.0,5
BANC,missed_synapses,0.0,reciprocity,metric_reciprocity,0.1299390807959521,0.0,5
BANC,missed_synapses,0.25,basic_structure,metric_node_count,158262.0,0.0,5
BANC,missed_synapses,0.25,basic_structure,metric_edge_count,3988758.8,23.566077314648698,5
BANC,missed_synapses,0.25,basic_structure,metric_total_synapses,23497396.0,160.62751943549398,5
BANC,missed_synapses,0.25,basic_structure,metric_weight_mean,5.890904208178071,3.710995940656403e-05,5
BANC,missed_synapses,0.25,basic_structure,metric_weight_variance,89.07658486693808,0.005000366484908054,5
BANC,missed_synapses,0.25,basic_structure,metric_weight_std,9.438039245349787,0.00026490625424522906,5
BANC,missed_synapses,0.25,basic_structure,metric_weight_max,912.8,0.4,5
BANC,missed_synapses,0.25,basic_structure,metric_density,0.00015925285249787999,9.408854286544654e-10,5
BANC,missed_synapses,0.25,degree_distribution,metric_total_degree_mean,50.4070313783473,0.0002978109377471464,5
BANC,missed_synapses,0.25,degree_distribution,metric_in_degree_mean,25.20351568917365,0.00014890546887417021,5
BANC,missed_synapses,0.25,degree_distribution,metric_out_degree_mean,25.20351568917365,0.00014890546887417021,5
BANC,missed_synapses,0.25,degree_distribution,metric_total_degree_std,111.6706438010053,0.0030810604471215226,5
BANC,missed_synapses,0.25,degree_distribution,metric_in_degree_max,4702.6,2.4979991993593593,5
BANC,missed_synapses,0.25,degree_distribution,metric_out_degree_max,4779.8,0.9797958971132712,5
BANC,missed_synapses,0.25,assortativity,metric_degree_assortativity,-0.04646484203012246,6.46277868348931e-06,5
BANC,missed_synapses,0.25,connected_components,metric_wcc_count,4306.0,0.0,5
BANC,missed_synapses,0.25,connected_components,metric_wcc_max_size,153952.0,0.0,5
BANC,missed_synapses,0.25,connected_components,metric_scc_count,18345.0,0.0,5
BANC,missed_synapses,0.25,connected_components,metric_scc_max_size,139405.0,0.0,5
BANC,missed_synapses,0.25,reciprocity,metric_reciprocity,0.12992653252461622,3.5498708492118393e-06,5
BANC,missed_synapses,0.5,basic_structure,metric_node_count,158262.0,0.0,5
BANC,missed_synapses,0.5,basic_structure,metric_edge_count,3987468.2,36.793477682872,5
BANC,missed_synapses,0.5,basic_structure,metric_total_synapses,23438424.0,84.86224130907692,5
BANC,missed_synapses,0.5,basic_structure,metric_weight_mean,5.878021547921659,3.46915184320768e-05,5
BANC,missed_synapses,0.5,basic_structure,metric_weight_variance,88.69538515673462,0.004707350476132194,5
BANC,missed_synapses,0.5,basic_structure,metric_weight_std,9.417822736401222,0.000249917667085545,5
BANC,missed_synapses,0.5,basic_structure,metric_weight_max,911.8,0.4,5
BANC,missed_synapses,0.5,basic_structure,metric_density,0.00015920132475662,1.46899487735219e-09,5
BANC,missed_synapses,0.5,degree_distribution,metric_total_degree_mean,50.390721714625116,0.00046496919896032475,5
BANC,missed_synapses,0.5,degree_distribution,metric_in_degree_mean,25.195360857312558,0.00023248459948136356,5
BANC,missed_synapses,0.5,degree_distribution,metric_out_degree_mean,25.195360857312558,0.00023248459948136356,5
BANC,missed_synapses,0.5,degree_distribution,metric_total_degree_std,111.62084308547551,0.005078454592935061,5
BANC,missed_synapses,0.5,degree_distribution,metric_in_degree_max,4700.4,2.5768197453450252,5
BANC,missed_synapses,0.5,degree_distribution,metric_out_degree_max,4776.0,1.2649110640673518,5
BANC,missed_synapses,0.5,assortativity,metric_degree_assortativity,-0.04650020311527806,1.0675557548517966e-05,5
BANC,missed_synapses,0.5,connected_components,metric_wcc_count,4306.0,0.0,5
BANC,missed_synapses,0.5,connected_components,metric_wcc_max_size,153952.0,0.0,5
BANC,missed_synapses,0.5,connected_components,metric_scc_count,18345.0,0.0,5
BANC,missed_synapses,0.5,connected_components,metric_scc_max_size,139405.0,0.0,5
BANC,missed_synapses,0.5,reciprocity,metric_reciprocity,0.12991541848084937,4.335137722980425e-06,5
BANC,missed_synapses,0.75,basic_structure,metric_node_count,158262.0,0.0,5
BANC,missed_synapses,0.75,basic_structure,metric_edge_count,3986168.4,53.72746039038138,5
BANC,missed_synapses,0.75,basic_structure,metric_total_synapses,23379414.6,213.815434428855,5
BANC,missed_synapses,0.75,basic_structure,metric_weight_mean,5.865134699831841,5.6040833124028674e-05,5
BANC,missed_synapses,0.75,basic_structure,metric_weight_variance,88.31724139866037,0.006890441165729688,5
BANC,missed_synapses,0.75,basic_structure,metric_weight_std,9.397725323941874,0.0003666087311632749,5
BANC,missed_synapses,0.75,basic_structure,metric_weight_max,911.0,1.0954451150103321,5
BANC,missed_synapses,0.75,basic_structure,metric_density,0.0001591494297015,2.145091192145207e-09,5
BANC,missed_synapses,0.75,degree_distribution,metric_total_degree_mean,50.37429578799713,0.0006789685507644257,5
BANC,missed_synapses,0.75,degree_distribution,metric_in_degree_mean,25.187147893998564,0.00033948427538221283,5
BANC,missed_synapses,0.75,degree_distribution,metric_out_degree_mean,25.187147893998564,0.00033948427538221283,5
BANC,missed_synapses,0.75,degree_distribution,metric_total_degree_std,111.56947807859623,0.004519025413497091,5
BANC,missed_synapses,0.75,degree_distribution,metric_in_degree_max,4696.6,3.3823069050575527,5
BANC,missed_synapses,0.75,degree_distribution,metric_out_degree_max,4773.2,1.8330302779823362,5
BANC,missed_synapses,0.75,assortativity,metric_degree_assortativity,-0.046537551968684546,1.237888350714128e-05,5
BANC,missed_synapses,0.75,connected_components,metric_wcc_count,4306.0,0.0,5
BANC,missed_synapses,0.75,connected_components,metric_wcc_max_size,153952.0,0.0,5
BANC,missed_synapses,0.75,connected_components,metric_scc_count,18345.0,0.0,5
BANC,missed_synapses,0.75,connected_components,metric_scc_max_size,139405.0,0.0,5
BANC,missed_synapses,0.75,reciprocity,metric_reciprocity,0.1299048980132358,1.1707549671374416e-05,5
BANC,missed_synapses,1.0,basic_structure,metric_node_count,158262.0,0.0,5
BANC,missed_synapses,1.0,basic_structure,metric_edge_count,3984875.0,60.58052492344384,5
BANC,missed_synapses,1.0,basic_structure,metric_total_synapses,23320620.6,261.18391987256797,5
BANC,missed_synapses,1.0,basic_structure,metric_weight_mean,5.852284099808566,5.398827212177801e-05,5
BANC,missed_synapses,1.0,basic_structure,metric_weight_variance,87.93641547326175,0.00760258642759298,5
BANC,missed_synapses,1.0,basic_structure,metric_weight_std,9.37744183180769,0.00040537015873556663,5
BANC,missed_synapses,1.0,basic_structure,metric_weight_max,910.2,1.16619037896906,5
BANC,missed_synapses,1.0,basic_structure,metric_density,0.00015909779016906,2.4187026118618956e-09,5
BANC,missed_synapses,1.0,degree_distribution,metric_total_degree_mean,50.357950739912305,0.0007655725938459923,5
BANC,missed_synapses,1.0,degree_distribution,metric_in_degree_mean,25.178975369956145,0.0003827862969216004,5
BANC,missed_synapses,1.0,degree_distribution,metric_out_degree_mean,25.178975369956145,0.0003827862969216004,5
BANC,missed_synapses,1.0,degree_distribution,metric_total_degree_std,111.51848226715428,0.004490009097602565,5
BANC,missed_synapses,1.0,degree_distribution,metric_in_degree_max,4693.0,4.47213595499958,5
BANC,missed_synapses,1.0,degree_distribution,metric_out_degree_max,4768.6,4.029888335921977,5
BANC,missed_synapses,1.0,assortativity,metric_degree_assortativity,-0.04656883068679176,1.2909327953517712e-05,5
BANC,missed_synapses,1.0,connected_components,metric_wcc_count,4306.0,0.0,5
BANC,missed_synapses,1.0,connected_components,metric_wcc_max_size,153952.0,0.0,5
BANC,missed_synapses,1.0,connected_components,metric_scc_count,18345.2,0.39999999999999997,5
BANC,missed_synapses,1.0,connected_components,metric_scc_max_size,139404.8,0.4,5
BANC,missed_synapses,1.0,reciprocity,metric_reciprocity,0.12989566780184428,1.4818416836025799e-05,5
BANC,missed_synapses,2.0,basic_structure,metric_node_count,158262.0,0.0,5
BANC,missed_synapses,2.0,basic_structure,metric_edge_count,3979654.2,48.14311996536992,5
BANC,missed_synapses,2.0,basic_structure,metric_total_synapses,23084875.6,297.8735302103898,5
BANC,missed_synapses,2.0,basic_structure,metric_weight_mean,5.8007239929912355,7.599312766672263e-05,5
BANC,missed_synapses,2.0,basic_structure,metric_weight_variance,86.43231258082989,0.012214327889618137,5
BANC,missed_synapses,2.0,basic_structure,metric_weight_std,9.296897985312146,0.0006569085574863919,5
BANC,missed_synapses,2.0,basic_structure,metric_weight_max,906.8,1.469693845669907,5
BANC,missed_synapses,2.0,basic_structure,metric_density,0.00015888934755974,1.9221340714634608e-09,5
BANC,missed_synapses,2.0,degree_distribution,metric_total_degree_mean,50.291974068317096,0.0006083977197969663,5
BANC,missed_synapses,2.0,degree_distribution,metric_in_degree_mean,25.145987034158548,0.00030419885989985276,5
BANC,missed_synapses,2.0,degree_distribution,metric_out_degree_mean,25.145987034158548,0.00030419885989985276,5
BANC,missed_synapses,2.0,degree_distribution,metric_total_degree_std,111.3187699494791,0.006614549077482934,5
BANC,missed_synapses,2.0,degree_distribution,metric_in_degree_max,4679.2,5.192301994298868,5
BANC,missed_synapses,2.0,degree_distribution,metric_out_degree_max,4757.6,4.223742416388576,5
BANC,missed_synapses,2.0,assortativity,metric_degree_assortativity,-0.04670394112065118,1.3946855389650723e-05,5
BANC,missed_synapses,2.0,connected_components,metric_wcc_count,4306.0,0.0,5
BANC,missed_synapses,2.0,connected_components,metric_wcc_max_size,153952.0,0.0,5
BANC,missed_synapses,2.0,connected_components,metric_scc_count,18345.2,0.39999999999999997,5
BANC,missed_synapses,2.0,connected_components,metric_scc_max_size,139404.8,0.4,5
BANC,missed_synapses,2.0,reciprocity,metric_reciprocity,0.1298620366532739,1.0441771816842712e-05,5
BANC,missed_synapses,5.0,basic_structure,metric_node_count,158262.0,0.0,5
BANC,missed_synapses,5.0,basic_structure,metric_edge_count,3963463.6,145.109062432365,5
BANC,missed_synapses,5.0,basic_structure,metric_total_synapses,22377830.2,656.926906131877,5
BANC,missed_synapses,5.0,basic_structure,metric_weight_mean,5.646028946056293,0.0001400563143541606,5
BANC,missed_synapses,5.0,basic_structure,metric_weight_variance,81.99833670793771,0.021682470885726023,5
BANC,missed_synapses,5.0,basic_structure,metric_weight_std,9.05529321857757,0.0011972972901964725,5
BANC,missed_synapses,5.0,basic_structure,metric_weight_max,896.2,2.2271057451320084,5
BANC,missed_synapses,5.0,basic_structure,metric_density,0.0001582429311272,5.793539605781093e-09,5
BANC,missed_synapses,5.0,degree_distribution,metric_total_degree_mean,50.08736904626506,0.0018337827454794242,5
BANC,missed_synapses,5.0,degree_distribution,metric_in_degree_mean,25.04368452313253,0.000916891372740762,5
BANC,missed_synapses,5.0,degree_distribution,metric_out_degree_mean,25.04368452313253,0.000916891372740762,5
BANC,missed_synapses,5.0,degree_distribution,metric_total_degree_std,110.68786890919455,0.009905213481021106,5
BANC,missed_synapses,5.0,degree_distribution,metric_in_degree_max,4631.0,4.69041575982343,5
BANC,missed_synapses,5.0,degree_distribution,metric_out_degree_max,4712.6,5.425863986500215,5
BANC,missed_synapses,5.0,assortativity,metric_degree_assortativity,-0.04714665406244744,3.532639484999975e-06,5
BANC,missed_synapses,5.0,connected_components,metric_wcc_count,4306.2,0.39999999999999997,5
BANC,missed_synapses,5.0,connected_components,metric_wcc_max_size,153951.8,0.4,5
BANC,missed_synapses,5.0,connected_components,metric_scc_count,18345.6,0.4898979485566356,5
BANC,missed_synapses,5.0,connected_components,metric_scc_max_size,139404.4,0.4898979485566356,5
BANC,missed_synapses,5.0,reciprocity,metric_reciprocity,0.12975792162135585,1.3134351062729896e-05,5
BANC,missed_synapses,10.0,basic_structure,metric_node_count,158262.0,0.0,5
BANC,missed_synapses,10.0,basic_structure,metric_edge_count,3933917.0,129.20216716448684,5
BANC,missed_synapses,10.0,basic_structure,metric_total_synapses,21199575.0,1152.3289460913493,5
BANC,missed_synapses,10.0,basic_structure,metric_weight_mean,5.388922805242,0.00038857877492365063,5
BANC,missed_synapses,10.0,basic_structure,metric_weight_variance,74.87527056748831,0.020243837700457495,5
BANC,missed_synapses,10.0,basic_structure,metric_weight_std,8.653049705121362,0.0011696954447420907,5
BANC,missed_synapses,10.0,basic_structure,metric_weight_max,874.6,9.090654541890808,5
BANC,missed_synapses,10.0,basic_structure,metric_density,0.00015706327084499998,5.1584502167968116e-09,5
BANC,missed_synapses,10.0,degree_distribution,metric_total_degree_mean,49.71398061442418,0.001632762977397571,5
BANC,missed_synapses,10.0,degree_distribution,metric_in_degree_mean,24.85699030721209,0.0008163814886995224,5
BANC,missed_synapses,10.0,degree_distribution,metric_out_degree_mean,24.85699030721209,0.0008163814886995224,5
BANC,missed_synapses,10.0,degree_distribution,metric_total_degree_std,109.57668704686157,0.012069953168948964,5
BANC,missed_synapses,10.0,degree_distribution,metric_in_degree_max,4555.6,12.90891165048394,5
BANC,missed_synapses,10.0,degree_distribution,metric_out_degree_max,4646.2,5.30659966456864,5
BANC,missed_synapses,10.0,assortativity,metric_degree_assortativity,-0.047950227575855445,3.6540086893530246e-05,5
BANC,missed_synapses,10.0,connected_components,metric_wcc_count,4308.2,1.32664991614216,5
BANC,missed_synapses,10.0,connected_components,metric_wcc_max_size,153949.8,1.32664991614216,5
BANC,missed_synapses,10.0,connected_components,metric_scc_count,18353.8,4.069397989875161,5
BANC,missed_synapses,10.0,connected_components,metric_scc_max_size,139396.6,3.7202150475476548,5
BANC,missed_synapses,10.0,reciprocity,metric_reciprocity,0.12960466668493745,1.7671514810243833e-05,5
BANC,missed_synapses,15.0,basic_structure,metric_node_count,158262.0,0.0,5
BANC,missed_synapses,15.0,basic_structure,metric_edge_count,3900681.6,186.55680100173242,5
BANC,missed_synapses,15.0,basic_structure,metric_total_synapses,20022159.6,971.7624401056053,5
BANC,missed_synapses,15.0,basic_structure,metric_weight_mean,5.1329900003480855,0.00035552427891074223,5
BANC,missed_synapses,15.0,basic_structure,metric_weight_variance,68.13106285900417,0.02201673371078225,5
BANC,missed_synapses,15.0,basic_structure,metric_weight_std,8.254154171098236,0.0013336962755443917,5
BANC,missed_synapses,15.0,basic_structure,metric_weight_max,858.2,9.703607576566563,5
BANC,missed_synapses,15.0,basic_structure,metric_density,0.00015573633369005997,7.448357791417557e-09,5
BANC,missed_synapses,15.0,degree_distribution,metric_total_degree_mean,49.29397581226068,0.002357569106949955,5
BANC,missed_synapses,15.0,degree_distribution,metric_in_degree_mean,24.64698790613034,0.0011787845534738607,5
BANC,missed_synapses,15.0,degree_distribution,metric_out_degree_mean,24.64698790613034,0.0011787845534738607,5
BANC,missed_synapses,15.0,degree_distribution,metric_total_degree_std,108.35101464799739,0.01645363019867874,5
BANC,missed_synapses,15.0,degree_distribution,metric_in_degree_max,4473.0,16.0,5
BANC,missed_synapses,15.0,degree_distribution,metric_out_degree_max,4567.8,16.15425640504694,5
BANC,missed_synapses,15.0,assortativity,metric_degree_assortativity,-0.048813738724705964,3.331135041866467e-05,5
BANC,missed_synapses,15.0,connected_components,metric_wcc_count,4309.8,2.039607805437114,5
BANC,missed_synapses,15.0,connected_components,metric_wcc_max_size,153948.2,2.039607805437114,5
BANC,missed_synapses,15.0,connected_components,metric_scc_count,18372.8,4.445222154178573,5
BANC,missed_synapses,15.0,connected_components,metric_scc_max_size,139377.2,4.578209256903839,5
BANC,missed_synapses,15.0,reciprocity,metric_reciprocity,0.12941850998612153,2.7416848149162396e-05,5
BANC,missed_synapses,20.0,basic_structure,metric_node_count,158262.0,0.0,5
BANC,missed_synapses,20.0,basic_structure,metric_edge_count,3862712.4,177.52250561548527,5
BANC,missed_synapses,20.0,basic_structure,metric_total_synapses,18843553.8,1699.0652018095125,5
BANC,missed_synapses,20.0,basic_structure,metric_weight_mean,4.87832173785565,0.0005612355917041531,5
BANC,missed_synapses,20.0,basic_structure,metric_weight_variance,61.67907527133199,0.0268835727091878,5
BANC,missed_synapses,20.0,basic_structure,metric_weight_std,7.853602507236215,0.0017116264258393245,5
BANC,missed_synapses,20.0,basic_structure,metric_weight_max,841.0,3.9496835316262997,5
BANC,missed_synapses,20.0,basic_structure,metric_density,0.00015422039760312002,7.0876597969855366e-09,5
BANC,missed_synapses,20.0,degree_distribution,metric_total_degree_mean,48.81414869014672,0.0022434002554677017,5
BANC,missed_synapses,20.0,degree_distribution,metric_in_degree_mean,24.407074345073358,0.0011217001277355673,5
BANC,missed_synapses,20.0,degree_distribution,metric_out_degree_mean,24.407074345073358,0.0011217001277355673,5
BANC,missed_synapses,20.0,degree_distribution,metric_total_degree_std,107.04174374493039,0.021820211949563764,5
BANC,missed_synapses,20.0,degree_distribution,metric_in_degree_max,4384.2,9.019977827023745,5
BANC,missed_synapses,20.0,degree_distribution,metric_out_degree_max,4503.8,20.063897926375123,5
BANC,missed_synapses,20.0,assortativity,metric_degree_assortativity,-0.04973870659849621,4.839666558044705e-05,5
BANC,missed_synapses,20.0,connected_components,metric_wcc_count,4315.6,2.65329983228432,5
BANC,missed_synapses,20.0,connected_components,metric_wcc_max_size,153942.4,2.6532998322843198,5
BANC,missed_synapses,20.0,connected_components,metric_scc_count,18409.8,14.675149062275315,5
BANC,missed_synapses,20.0,connected_components,metric_scc_max_size,139341.8,13.287588193498472,5
BANC,missed_synapses,20.0,reciprocity,metric_reciprocity,0.12915608229859918,4.223305891019319e-05,5
BANC,split_errors,0.0,basic_structure,metric_node_count,158262.0,0.0,5
BANC,split_errors,0.0,basic_structure,metric_edge_count,3990039.0,0.0,5
BANC,split_errors,0.0,basic_structure,metric_total_synapses,23556214.0,0.0,5
BANC,split_errors,0.0,basic_structure,metric_weight_mean,5.903755326702321,0.0,5
BANC,split_errors,0.0,basic_structure,metric_weight_variance,89.45748753848277,0.0,5
BANC,split_errors,0.0,basic_structure,metric_weight_std,9.45819684392764,0.0,5
BANC,split_errors,0.0,basic_structure,metric_weight_max,913.0,0.0,5
BANC,split_errors,0.0,basic_structure,metric_density,0.0001593039650148,0.0,5
BANC,split_errors,0.0,degree_distribution,metric_total_degree_mean,50.42320961443682,0.0,5
BANC,split_errors,0.0,degree_distribution,metric_in_degree_mean,25.21160480721841,0.0,5
BANC,split_errors,0.0,degree_distribution,metric_out_degree_mean,25.21160480721841,0.0,5
BANC,split_errors,0.0,degree_distribution,metric_total_degree_std,111.71935962728317,1.4210854715202004e-14,5
BANC,split_errors,0.0,degree_distribution,metric_in_degree_max,4707.0,0.0,5
BANC,split_errors,0.0,degree_distribution,metric_out_degree_max,4782.0,0.0,5
BANC,split_errors,0.0,assortativity,metric_degree_assortativity,-0.0464301869222043,0.0,5
BANC,split_errors,0.0,connected_components,metric_wcc_count,4306.0,0.0,5
BANC,split_errors,0.0,connected_components,metric_wcc_max_size,153952.0,0.0,5
BANC,split_errors,0.0,connected_components,metric_scc_count,18345.0,0.0,5
BANC,split_errors,0.0,connected_components,metric_scc_max_size,139405.0,0.0,5
BANC,split_errors,0.0,reciprocity,metric_reciprocity,0.1299390807959521,0.0,5
BANC,split_errors,0.5,basic_structure,metric_node_count,158857.8,5.635601121442148,5
BANC,split_errors,0.5,basic_structure,metric_edge_count,3990039.0,0.0,5
BANC,split_errors,0.5,basic_structure,metric_total_synapses,23556214.0,0.0,5
BANC,split_errors,0.5,basic_structure,metric_weight_mean,5.903755326702321,0.0,5
BANC,split_errors,0.5,basic_structure,metric_weight_variance,89.45748753848277,0.0,5
BANC,split_errors,0.5,basic_structure,metric_weight_std,9.45819684392764,0.0,5
BANC,split_errors,0.5,basic_structure,metric_weight_max,913.0,0.0,5
BANC,split_errors,0.5,basic_structure,metric_density,0.00015811125599776,1.1218338325162007e-08,5
BANC,split_errors,0.5,degree_distribution,metric_total_degree_mean,50.234096217140134,0.001782100048523732,5
BANC,split_errors,0.5,degree_distribution,metric_in_degree_mean,25.117048108570067,0.0008910500242607565,5
BANC,split_errors,0.5,degree_distribution,metric_out_degree_mean,25.117048108570067,0.0008910500242607565,5
BANC,split_errors,0.5,degree_distribution,metric_total_degree_std,111.42319056949377,0.027102253080019355,5
BANC,split_errors,0.5,degree_distribution,metric_in_degree_max,4707.0,0.0,5
BANC,split_errors,0.5,degree_distribution,metric_out_degree_max,4782.0,0.0,5
BANC,split_errors,0.5,assortativity,metric_degree_assortativity,-0.04642788106434756,0.00011207699007435802,5
BANC,split_errors,0.5,connected_components,metric_wcc_count,4306.0,0.0,5
BANC,split_errors,0.5,connected_components,metric_wcc_max_size,154547.8,5.635601121442148,5
BANC,split_errors,0.5,connected_components,metric_scc_count,18412.2,5.344155686354955,5
BANC,split_errors,0.5,connected_components,metric_scc_max_size,139929.4,8.16333265278342,5
BANC,split_errors,0.5,reciprocity,metric_reciprocity,0.1299390807959521,0.0,5
BANC,split_errors,1.0,basic_structure,metric_node_count,159442.6,4.223742416388575,5
BANC,split_errors,1.0,basic_structure,metric_edge_count,3990039.0,0.0,5
BANC,split_errors,1.0,basic_structure,metric_total_synapses,23556214.0,0.0,5
BANC,split_errors,1.0,basic_structure,metric_weight_mean,5.903755326702321,0.0,5
BANC,split_errors,1.0,basic_structure,metric_weight_variance,89.45748753848277,0.0,5
BANC,split_errors,1.0,basic_structure,metric_weight_std,9.45819684392764,0.0,5
BANC,split_errors,1.0,basic_structure,metric_weight_max,913.0,0.0,5
BANC,split_errors,1.0,basic_structure,metric_density,0.00015695354526554,8.315597655518046e-09,5
BANC,split_errors,1.0,degree_distribution,metric_total_degree_mean,50.04984869539289,0.0013258501475575672,5
BANC,split_errors,1.0,degree_distribution,metric_in_degree_mean,25.02492434769644,0.0006629250737796921,5
BANC,split_errors,1.0,degree_distribution,metric_out_degree_mean,25.02492434769644,0.0006629250737796921,5
BANC,split_errors,1.0,degree_distribution,metric_total_degree_std,111.09957296903865,0.0421864632547983,5
BANC,split_errors,1.0,degree_distribution,metric_in_degree_max,4707.0,0.0,5
BANC,split_errors,1.0,degree_distribution,metric_out_degree_max,4782.0,0.0,5
BANC,split_errors,1.0,assortativity,metric_degree_assortativity,-0.04617968377968954,0.00016196591936024822,5
BANC,split_errors,1.0,connected_components,metric_wcc_count,4306.0,0.0,5
BANC,split_errors,1.0,connected_components,metric_wcc_max_size,155132.6,4.223742416388575,5
BANC,split_errors,1.0,connected_components,metric_scc_count,18476.2,8.611620056644394,5
BANC,split_errors,1.0,connected_components,metric_scc_max_size,140453.8,8.588364221433556,5
BANC,split_errors,1.0,reciprocity,metric_reciprocity,0.1299390807959521,0.0,5
BANC,split_errors,2.0,basic_structure,metric_node_count,160606.4,8.357032966310472,5
BANC,split_errors,2.0,basic_structure,metric_edge_count,3990039.0,0.0,5
BANC,split_errors,2.0,basic_structure,metric_total_synapses,23556214.0,0.0,5
BANC,split_errors,2.0,basic_structure,metric_weight_mean,5.903755326702321,0.0,5
BANC,split_errors,2.0,basic_structure,metric_weight_variance,89.45748753848277,0.0,5
BANC,split_errors,2.0,basic_structure,metric_weight_std,9.45819684392764,0.0,5
BANC,split_errors,2.0,basic_structure,metric_weight_max,913.0,0.0,5
BANC,split_errors,2.0,basic_structure,metric_density,0.00015468711985238,1.6098143115217838e-08,5
BANC,split_errors,2.0,degree_distribution,metric_total_degree_mean,49.68717324842968,0.002585438638889243,5
BANC,split_errors,2.0,degree_distribution,metric_in_degree_mean,24.84358662421484,0.0012927193194454888,5
BANC,split_errors,2.0,degree_distribution,metric_out_degree_mean,24.84358662421484,0.0012927193194454888,5
BANC,split_errors,2.0,degree_distribution,metric_total_degree_std,110.24870025728276,0.5496877790518387,5
BANC,split_errors,2.0,degree_distribution,metric_in_degree_max,4553.4,307.2,5
BANC,split_errors,2.0,degree_distribution,metric_out_degree_max,4678.8,206.4,5
BANC,split_errors,2.0,assortativity,metric_degree_assortativity,-0.046538950236161856,0.00024232704476677403,5
BANC,split_errors,2.0,connected_components,metric_wcc_count,4306.0,0.0,5
BANC,split_errors,2.0,connected_components,metric_wcc_max_size,156296.4,8.357032966310472,5
BANC,split_errors,2.0,connected_components,metric_scc_count,18609.8,12.351518125315609,5
BANC,split_errors,2.0,connected_components,metric_scc_max_size,141482.2,12.765578717786358,5
BANC,split_errors,2.0,reciprocity,metric_reciprocity,0.1299390807959521,0.0,5
BANC,split_errors,3.0,basic_structure,metric_node_count,161770.6,8.685620300243386,5
BANC,split_errors,3.0,basic_structure,metric_edge_count,3990039.0,0.0,5
BANC,split_errors,3.0,basic_structure,metric_total_synapses,23556214.0,0.0,5
BANC,split_errors,3.0,basic_structure,metric_weight_mean,5.903755326702321,0.0,5
BANC,split_errors,3.0,basic_structure,metric_weight_variance,89.45748753848277,0.0,5
BANC,split_errors,3.0,basic_structure,metric_weight_std,9.45819684392764,0.0,5
BANC,split_errors,3.0,basic_structure,metric_weight_max,913.0,0.0,5
BANC,split_errors,3.0,basic_structure,metric_density,0.00015246867862782,1.6372188591544646e-08,5
BANC,split_errors,3.0,degree_distribution,metric_total_degree_mean,49.32959402390856,0.002648527374542419,5
BANC,split_errors,3.0,degree_distribution,metric_in_degree_mean,24.66479701195428,0.0013242636872712096,5
BANC,split_errors,3.0,degree_distribution,metric_out_degree_mean,24.66479701195428,0.0013242636872712096,5
BANC,split_errors,3.0,degree_distribution,metric_total_degree_std,109.34034782940174,0.6865633893177837,5
BANC,split_errors,3.0,degree_distribution,metric_in_degree_max,4399.8,376.2416244914961,5
BANC,split_errors,3.0,degree_distribution,metric_out_degree_max,4575.6,252.78734145522395,5
BANC,split_errors,3.0,assortativity,metric_degree_assortativity,-0.046531220472425,0.00036435406102985516,5
BANC,split_errors,3.0,connected_components,metric_wcc_count,4306.0,0.0,5
BANC,split_errors,3.0,connected_components,metric_wcc_max_size,157460.6,8.685620300243386,5
BANC,split_errors,3.0,connected_components,metric_scc_count,18737.6,7.337574531137657,5
BANC,split_errors,3.0,connected_components,metric_scc_max_size,142518.6,7.391887445030531,5
BANC,split_errors,3.0,reciprocity,metric_reciprocity,0.1299390807959521,0.0,5
BANC,split_errors,5.0,basic_structure,metric_node_count,164105.6,11.092339699089637,5
BANC,split_errors,5.0,basic_structure,metric_edge_count,3990039.0,0.0,5
BANC,split_errors,5.0,basic_structure,metric_total_synapses,23556214.0,0.0,5
BANC,split_errors,5.0,basic_structure,metric_weight_mean,5.903755326702321,0.0,5
BANC,split_errors,5.0,basic_structure,metric_weight_variance,89.45748753848277,0.0,5
BANC,split_errors,5.0,basic_structure,metric_weight_std,9.45819684392764,0.0,5
BANC,split_errors,5.0,basic_structure,metric_weight_max,913.0,0.0,5
BANC,split_errors,5.0,basic_structure,metric_density,0.00014816068948278,2.0031289851071867e-08,5
BANC,split_errors,5.0,degree_distribution,metric_total_degree_mean,48.62770092222124,0.003287103617806635,5
BANC,split_errors,5.0,degree_distribution,metric_in_degree_mean,24.31385046111062,0.0016435518089033174,5
BANC,split_errors,5.0,degree_distribution,metric_out_degree_mean,24.31385046111062,0.0016435518089033174,5
BANC,split_errors,5.0,degree_distribution,metric_total_degree_std,107.99420374457536,0.7660038923210312,5
BANC,split_errors,5.0,degree_distribution,metric_in_degree_max,4399.8,376.2416244914961,5
BANC,split_errors,5.0,degree_distribution,metric_out_degree_max,4575.6,252.78734145522395,5
BANC,split_errors,5.0,assortativity,metric_degree_assortativity,-0.0458785189730823,0.0005326248875252794,5
BANC,split_errors,5.0,connected_components,metric_wcc_count,4306.0,0.0,5
BANC,split_errors,5.0,connected_components,metric_wcc_max_size,159795.6,11.092339699089637,5
BANC,split_errors,5.0,connected_components,metric_scc_count,19001.0,20.33715811021786,5
BANC,split_errors,5.0,connected_components,metric_scc_max_size,144588.0,26.465071320516028,5
BANC,split_errors,5.0,reciprocity,metric_reciprocity,0.1299390807959521,0.0,5
BANC,split_errors,7.5,basic_structure,metric_node_count,167020.6,10.63202708800161,5
BANC,split_errors,7.5,basic_structure,metric_edge_count,3990039.0,0.0,5
BANC,split_errors,7.5,basic_structure,metric_total_synapses,23556214.0,0.0,5
BANC,split_errors,7.5,basic_structure,metric_weight_mean,5.903755326702321,0.0,5
BANC,split_errors,7.5,basic_structure,metric_weight_variance,89.45748753848277,0.0,5
BANC,split_errors,7.5,basic_structure,metric_weight_std,9.45819684392764,0.0,5
BANC,split_errors,7.5,basic_structure,metric_weight_max,913.0,0.0,5
BANC,split_errors,7.5,basic_structure,metric_density,0.00014303412619484,1.820947668860208e-08,5
BANC,split_errors,7.5,degree_distribution,metric_total_degree_mean,47.7790046996358,0.003041375984716152,5
BANC,split_errors,7.5,degree_distribution,metric_in_degree_mean,23.8895023498179,0.0015206879923576886,5
BANC,split_errors,7.5,degree_distribution,metric_out_degree_mean,23.8895023498179,0.0015206879923576886,5
BANC,split_errors,7.5,degree_distribution,metric_total_degree_std,106.52378934801516,0.846888659469279,5
BANC,split_errors,7.5,degree_distribution,metric_in_degree_max,4399.8,376.2416244914961,5
BANC,split_errors,7.5,degree_distribution,metric_out_degree_max,4575.6,252.78734145522395,5
BANC,split_errors,7.5,assortativity,metric_degree_assortativity,-0.045440641322049335,0.0004557844519834269,5
BANC,split_errors,7.5,connected_components,metric_wcc_count,4306.0,0.0,5
BANC,split_errors,7.5,connected_components,metric_wcc_max_size,162710.6,10.63202708800161,5
BANC,split_errors,7.5,connected_components,metric_scc_count,19317.0,18.984203960134856,5
BANC,split_errors,7.5,connected_components,metric_scc_max_size,147182.6,26.552589327596657,5
BANC,split_errors,7.5,reciprocity,metric_reciprocity,0.1299390807959521,0.0,5
BANC,split_errors,10.0,basic_structure,metric_node_count,169920.2,19.009471323527123,5
BANC,split_errors,10.0,basic_structure,metric_edge_count,3990039.0,0.0,5
BANC,split_errors,10.0,basic_structure,metric_total_synapses,23556214.0,0.0,5
BANC,split_errors,10.0,basic_structure,metric_weight_mean,5.903755326702321,0.0,5
BANC,split_errors,10.0,basic_structure,metric_weight_variance,89.45748753848277,0.0,5
BANC,split_errors,10.0,basic_structure,metric_weight_std,9.45819684392764,0.0,5
BANC,split_errors,10.0,basic_structure,metric_weight_max,913.0,0.0,5
BANC,split_errors,10.0,basic_structure,metric_density,0.00013819416040460002,3.0912910083851945e-08,5
BANC,split_errors,10.0,degree_distribution,metric_total_degree_mean,46.96368118598512,0.0052531091741544085,5
BANC,split_errors,10.0,degree_distribution,metric_in_degree_mean,23.481840592992558,0.0026265545870769354,5
BANC,split_errors,10.0,degree_distribution,metric_out_degree_mean,23.481840592992558,0.0026265545870769354,5
BANC,split_errors,10.0,degree_distribution,metric_total_degree_std,105.04685076374236,0.8486818583901347,5
BANC,split_errors,10.0,degree_distribution,metric_in_degree_max,4399.8,376.2416244914961,5
BANC,split_errors,10.0,degree_distribution,metric_out_degree_max,4575.6,252.78734145522395,5
BANC,split_errors,10.0,assortativity,metric_degree_assortativity,-0.04537212263968094,0.000329216917353437,5
BANC,split_errors,10.0,connected_components,metric_wcc_count,4306.0,0.0,5
BANC,split_errors,10.0,connected_components,metric_wcc_max_size,165610.2,19.009471323527123,5
BANC,split_errors,10.0,connected_components,metric_scc_count,19628.4,16.255460620972883,5
BANC,split_errors,10.0,connected_components,metric_scc_max_size,149767.4,35.01770980518286,5
BANC,split_errors,10.0,reciprocity,metric_reciprocity,0.1299390807959521,0.0,5
BANC,split_errors,15.0,basic_structure,metric_node_count,175741.2,24.854778212649574,5
BANC,split_errors,15.0,basic_structure,metric_edge_count,3990039.0,0.0,5
BANC,split_errors,15.0,basic_structure,metric_total_synapses,23556214.0,0.0,5
BANC,split_errors,15.0,basic_structure,metric_weight_mean,5.903755326702321,0.0,5
BANC,split_errors,15.0,basic_structure,metric_weight_variance,89.45748753848277,0.0,5
BANC,split_errors,15.0,basic_structure,metric_weight_std,9.45819684392764,0.0,5
BANC,split_errors,15.0,basic_structure,metric_weight_max,913.0,0.0,5
BANC,split_errors,15.0,basic_structure,metric_density,0.00012919106037736,3.653852598147307e-08,5
BANC,split_errors,15.0,degree_distribution,metric_total_degree_mean,45.408123761560894,0.006421510792500773,5
BANC,split_errors,15.0,degree_distribution,metric_in_degree_mean,22.704061880780447,0.0032107553962503867,5
BANC,split_errors,15.0,degree_distribution,metric_out_degree_mean,22.704061880780447,0.0032107553962503867,5
BANC,split_errors,15.0,degree_distribution,metric_total_degree_std,102.00641657210222,0.6959975404093027,5
BANC,split_errors,15.0,degree_distribution,metric_in_degree_max,4399.8,376.2416244914961,5
BANC,split_errors,15.0,degree_distribution,metric_out_degree_max,4575.6,252.78734145522395,5
BANC,split_errors,15.0,assortativity,metric_degree_assortativity,-0.044808488993592244,0.0005042373991131561,5
BANC,split_errors,15.0,connected_components,metric_wcc_count,4306.0,0.0,5
BANC,split_errors,15.0,connected_components,metric_wcc_max_size,171431.2,24.854778212649574,5
BANC,split_errors,15.0,connected_components,metric_scc_count,20246.0,20.415680248279752,5
BANC,split_errors,15.0,connected_components,metric_scc_max_size,154968.0,29.839571042493223,5
BANC,split_errors,15.0,reciprocity,metric_reciprocity,0.1299390807959521,0.0,5
BANC,split_errors,20.0,basic_structure,metric_node_count,181564.6,22.992172581119863,5
BANC,split_errors,20.0,basic_structure,metric_edge_count,3990039.0,0.0,5
BANC,split_errors,20.0,basic_structure,metric_total_synapses,23556214.0,0.0,5
BANC,split_errors,20.0,basic_structure,metric_weight_mean,5.903755326702321,0.0,5
BANC,split_errors,20.0,basic_structure,metric_weight_variance,89.45748753848277,0.0,5
BANC,split_errors,20.0,basic_structure,metric_weight_std,9.45819684392764,0.0,5
BANC,split_errors,20.0,basic_structure,metric_weight_max,913.0,0.0,5
BANC,split_errors,20.0,basic_structure,metric_density,0.00012103673475778001,3.06480479656106e-08,5
BANC,split_errors,20.0,degree_distribution,metric_total_degree_mean,43.951729180415484,0.005564957669536948,5
BANC,split_errors,20.0,degree_distribution,metric_in_degree_mean,21.975864590207742,0.002782478834768474,5
BANC,split_errors,20.0,degree_distribution,metric_out_degree_mean,21.975864590207742,0.002782478834768474,5
BANC,split_errors,20.0,degree_distribution,metric_total_degree_std,98.879463654095,0.8124604207017383,5
BANC,split_errors,20.0,degree_distribution,metric_in_degree_max,4246.2,376.2416244914961,5
BANC,split_errors,20.0,degree_distribution,metric_out_degree_max,4472.4,252.78734145522395,5
BANC,split_errors,20.0,assortativity,metric_degree_assortativity,-0.04427900916696696,0.0009050307630295598,5
BANC,split_errors,20.0,connected_components,metric_wcc_count,4306.0,0.0,5
BANC,split_errors,20.0,connected_components,metric_wcc_max_size,177254.6,22.992172581119863,5
BANC,split_errors,20.0,connected_components,metric_scc_count,20908.6,26.12738027434056,5
BANC,split_errors,20.0,connected_components,metric_scc_max_size,160121.2,38.212039987417576,5
BANC,split_errors,20.0,reciprocity,metric_reciprocity,0.1299390807959521,0.0,5
BANC,synapse_count_measurement,0.0,basic_structure,metric_node_count,158262.0,0.0,5
BANC,synapse_count_measurement,0.0,basic_structure,metric_edge_count,3990039.0,0.0,5
BANC,synapse_count_measurement,0.0,basic_structure,metric_total_synapses,23556214.0,0.0,5
BANC,synapse_count_measurement,0.0,basic_structure,metric_weight_mean,5.903755326702321,0.0,5
BANC,synapse_count_measurement,0.0,basic_structure,metric_weight_variance,89.45748753848277,0.0,5
BANC,synapse_count_measurement,0.0,basic_structure,metric_weight_std,9.45819684392764,0.0,5
BANC,synapse_count_measurement,0.0,basic_structure,metric_weight_max,913.0,0.0,5
BANC,synapse_count_measurement,0.0,basic_structure,metric_density,0.0001593039650148,0.0,5
BANC,synapse_count_measurement,0.0,degree_distribution,metric_total_degree_mean,50.42320961443682,0.0,5
BANC,synapse_count_measurement,0.0,degree_distribution,metric_in_degree_mean,25.21160480721841,0.0,5
BANC,synapse_count_measurement,0.0,degree_distribution,metric_out_degree_mean,25.21160480721841,0.0,5
BANC,synapse_count_measurement,0.0,degree_distribution,metric_total_degree_std,111.71935962728317,1.4210854715202004e-14,5
BANC,synapse_count_measurement,0.0,degree_distribution,metric_in_degree_max,4707.0,0.0,5
BANC,synapse_count_measurement,0.0,degree_distribution,metric_out_degree_max,4782.0,0.0,5
BANC,synapse_count_measurement,0.0,assortativity,metric_degree_assortativity,-0.0464301869222043,0.0,5
BANC,synapse_count_measurement,0.0,connected_components,metric_wcc_count,4306.0,0.0,5
BANC,synapse_count_measurement,0.0,connected_components,metric_wcc_max_size,153952.0,0.0,5
BANC,synapse_count_measurement,0.0,connected_components,metric_scc_count,18345.0,0.0,5
BANC,synapse_count_measurement,0.0,connected_components,metric_scc_max_size,139405.0,0.0,5
BANC,synapse_count_measurement,0.0,reciprocity,metric_reciprocity,0.1299390807959521,0.0,5
BANC,synapse_count_measurement,0.5,basic_structure,metric_node_count,158262.0,0.0,5
BANC,synapse_count_measurement,0.5,basic_structure,metric_edge_count,3990039.0,0.0,5
BANC,synapse_count_measurement,0.5,basic_structure,metric_total_synapses,23556217.6,83.91805526821985,5
BANC,synapse_count_measurement,0.5,basic_structure,metric_weight_mean,5.903756228949141,2.103188847743599e-05,5
BANC,synapse_count_measurement,0.5,basic_structure,metric_weight_variance,89.4623351831282,0.008535771404642484,5
BANC,synapse_count_measurement,0.5,basic_structure,metric_weight_std,9.45845309654381,0.00045123053200098065,5
BANC,synapse_count_measurement,0.5,basic_structure,metric_weight_max,914.6,3.7202150475476548,5
BANC,synapse_count_measurement,0.5,basic_structure,metric_density,0.0001593039650148,0.0,5
BANC,synapse_count_measurement,0.5,degree_distribution,metric_total_degree_mean,50.42320961443682,0.0,5
BANC,synapse_count_measurement,0.5,degree_distribution,metric_in_degree_mean,25.21160480721841,0.0,5
BANC,synapse_count_measurement,0.5,degree_distribution,metric_out_degree_mean,25.21160480721841,0.0,5
BANC,synapse_count_measurement,0.5,degree_distribution,metric_total_degree_std,111.71935962728317,1.4210854715202004e-14,5
BANC,synapse_count_measurement,0.5,degree_distribution,metric_in_degree_max,4707.0,0.0,5
BANC,synapse_count_measurement,0.5,degree_distribution,metric_out_degree_max,4782.0,0.0,5
BANC,synapse_count_measurement,0.5,assortativity,metric_degree_assortativity,-0.0464301869222043,0.0,5
BANC,synapse_count_measurement,0.5,connected_components,metric_wcc_count,4306.0,0.0,5
BANC,synapse_count_measurement,0.5,connected_components,metric_wcc_max_size,153952.0,0.0,5
BANC,synapse_count_measurement,0.5,connected_components,metric_scc_count,18345.0,0.0,5
BANC,synapse_count_measurement,0.5,connected_components,metric_scc_max_size,139405.0,0.0,5
BANC,synapse_count_measurement,0.5,reciprocity,metric_reciprocity,0.1299390807959521,0.0,5
BANC,synapse_count_measurement,1.0,basic_structure,metric_node_count,158262.0,0.0,5
BANC,synapse_count_measurement,1.0,basic_structure,metric_edge_count,3990039.0,0.0,5
BANC,synapse_count_measurement,1.0,basic_structure,metric_total_synapses,23556175.0,127.53509320967308,5
BANC,synapse_count_measurement,1.0,basic_structure,metric_weight_mean,5.9037455523617695,3.196337008467454e-05,5
BANC,synapse_count_measurement,1.0,basic_structure,metric_weight_variance,89.47002032035728,0.018513100348941075,5
BANC,synapse_count_measurement,1.0,basic_structure,metric_weight_std,9.458859305572366,0.0009786441323813542,5
BANC,synapse_count_measurement,1.0,basic_structure,metric_weight_max,916.4,7.2,5
BANC,synapse_count_measurement,1.0,basic_structure,metric_density,0.0001593039650148,0.0,5
BANC,synapse_count_measurement,1.0,degree_distribution,metric_total_degree_mean,50.42320961443682,0.0,5
BANC,synapse_count_measurement,1.0,degree_distribution,metric_in_degree_mean,25.21160480721841,0.0,5
BANC,synapse_count_measurement,1.0,degree_distribution,metric_out_degree_mean,25.21160480721841,0.0,5
BANC,synapse_count_measurement,1.0,degree_distribution,metric_total_degree_std,111.71935962728317,1.4210854715202004e-14,5
BANC,synapse_count_measurement,1.0,degree_distribution,metric_in_degree_max,4707.0,0.0,5
BANC,synapse_count_measurement,1.0,degree_distribution,metric_out_degree_max,4782.0,0.0,5
BANC,synapse_count_measurement,1.0,assortativity,metric_degree_assortativity,-0.0464301869222043,0.0,5
BANC,synapse_count_measurement,1.0,connected_components,metric_wcc_count,4306.0,0.0,5
BANC,synapse_count_measurement,1.0,connected_components,metric_wcc_max_size,153952.0,0.0,5
BANC,synapse_count_measurement,1.0,connected_components,metric_scc_count,18345.0,0.0,5
BANC,synapse_count_measurement,1.0,connected_components,metric_scc_max_size,139405.0,0.0,5
BANC,synapse_count_measurement,1.0,reciprocity,metric_reciprocity,0.1299390807959521,0.0,5
BANC,synapse_count_measurement,2.0,basic_structure,metric_node_count,158262.0,0.0,5
BANC,synapse_count_measurement,2.0,basic_structure,metric_edge_count,3990039.0,0.0,5
BANC,synapse_count_measurement,2.0,basic_structure,metric_total_synapses,23556329.6,500.3912868945661,5
BANC,synapse_count_measurement,2.0,basic_structure,metric_weight_mean,5.903784298850212,0.00012541012428549884,5
BANC,synapse_count_measurement,2.0,basic_structure,metric_weight_variance,89.51382327496682,0.036602252375889176,5
BANC,synapse_count_measurement,2.0,basic_structure,metric_weight_std,9.461174321027409,0.001934450409635608,5
BANC,synapse_count_measurement,2.0,basic_structure,metric_weight_max,919.8,14.524462124292244,5
BANC,synapse_count_measurement,2.0,basic_structure,metric_density,0.0001593039650148,0.0,5
BANC,synapse_count_measurement,2.0,degree_distribution,metric_total_degree_mean,50.42320961443682,0.0,5
BANC,synapse_count_measurement,2.0,degree_distribution,metric_in_degree_mean,25.21160480721841,0.0,5
BANC,synapse_count_measurement,2.0,degree_distribution,metric_out_degree_mean,25.21160480721841,0.0,5
BANC,synapse_count_measurement,2.0,degree_distribution,metric_total_degree_std,111.71935962728317,1.4210854715202004e-14,5
BANC,synapse_count_measurement,2.0,degree_distribution,metric_in_degree_max,4707.0,0.0,5
BANC,synapse_count_measurement,2.0,degree_distribution,metric_out_degree_max,4782.0,0.0,5
BANC,synapse_count_measurement,2.0,assortativity,metric_degree_assortativity,-0.0464301869222043,0.0,5
BANC,synapse_count_measurement,2.0,connected_components,metric_wcc_count,4306.0,0.0,5
BANC,synapse_count_measurement,2.0,connected_components,metric_wcc_max_size,153952.0,0.0,5
BANC,synapse_count_measurement,2.0,connected_components,metric_scc_count,18345.0,0.0,5
BANC,synapse_count_measurement,2.0,connected_components,metric_scc_max_size,139405.0,0.0,5
BANC,synapse_count_measurement,2.0,reciprocity,metric_reciprocity,0.1299390807959521,0.0,5
BANC,synapse_count_measurement,3.0,basic_structure,metric_node_count,158262.0,0.0,5
BANC,synapse_count_measurement,3.0,basic_structure,metric_edge_count,3990039.0,0.0,5
BANC,synapse_count_measurement,3.0,basic_structure,metric_total_synapses,23556271.0,391.7764668787547,5
BANC,synapse_count_measurement,3.0,basic_structure,metric_weight_mean,5.903769612276973,9.818863095773195e-05,5
BANC,synapse_count_measurement,3.0,basic_structure,metric_weight_variance,89.57940262066879,0.05397509826276936,5
BANC,synapse_count_measurement,3.0,basic_structure,metric_weight_std,9.464639163155677,0.0028516536594116646,5
BANC,synapse_count_measurement,3.0,basic_structure,metric_weight_max,922.8,21.637005338077632,5
BANC,synapse_count_measurement,3.0,basic_structure,metric_density,0.0001593039650148,0.0,5
BANC,synapse_count_measurement,3.0,degree_distribution,metric_total_degree_mean,50.42320961443682,0.0,5
BANC,synapse_count_measurement,3.0,degree_distribution,metric_in_degree_mean,25.21160480721841,0.0,5
BANC,synapse_count_measurement,3.0,degree_distribution,metric_out_degree_mean,25.21160480721841,0.0,5
BANC,synapse_count_measurement,3.0,degree_distribution,metric_total_degree_std,111.71935962728317,1.4210854715202004e-14,5
BANC,synapse_count_measurement,3.0,degree_distribution,metric_in_degree_max,4707.0,0.0,5
BANC,synapse_count_measurement,3.0,degree_distribution,metric_out_degree_max,4782.0,0.0,5
BANC,synapse_count_measurement,3.0,assortativity,metric_degree_assortativity,-0.0464301869222043,0.0,5
BANC,synapse_count_measurement,3.0,connected_components,metric_wcc_count,4306.0,0.0,5
BANC,synapse_count_measurement,3.0,connected_components,metric_wcc_max_size,153952.0,0.0,5
BANC,synapse_count_measurement,3.0,connected_components,metric_scc_count,18345.0,0.0,5
BANC,synapse_count_measurement,3.0,connected_components,metric_scc_max_size,139405.0,0.0,5
BANC,synapse_count_measurement,3.0,reciprocity,metric_reciprocity,0.1299390807959521,0.0,5
BANC,synapse_count_measurement,5.0,basic_structure,metric_node_count,158262.0,0.0,5
BANC,synapse_count_measurement,5.0,basic_structure,metric_edge_count,3990039.0,0.0,5
BANC,synapse_count_measurement,5.0,basic_structure,metric_total_synapses,23556290.2,1071.1760639596089,5
BANC,synapse_count_measurement,5.0,basic_structure,metric_weight_mean,5.903774424260013,0.00026846255486716314,5
BANC,synapse_count_measurement,5.0,basic_structure,metric_weight_variance,89.79354765685812,0.08825623892982867,5
BANC,synapse_count_measurement,5.0,basic_structure,metric_weight_std,9.475944594742751,0.004657705848076492,5
BANC,synapse_count_measurement,5.0,basic_structure,metric_weight_max,929.4,36.019994447528724,5
BANC,synapse_count_measurement,5.0,basic_structure,metric_density,0.0001593039650148,0.0,5
BANC,synapse_count_measurement,5.0,degree_distribution,metric_total_degree_mean,50.42320961443682,0.0,5
BANC,synapse_count_measurement,5.0,degree_distribution,metric_in_degree_mean,25.21160480721841,0.0,5
BANC,synapse_count_measurement,5.0,degree_distribution,metric_out_degree_mean,25.21160480721841,0.0,5
BANC,synapse_count_measurement,5.0,degree_distribution,metric_total_degree_std,111.71935962728317,1.4210854715202004e-14,5
BANC,synapse_count_measurement,5.0,degree_distribution,metric_in_degree_max,4707.0,0.0,5
BANC,synapse_count_measurement,5.0,degree_distribution,metric_out_degree_max,4782.0,0.0,5
BANC,synapse_count_measurement,5.0,assortativity,metric_degree_assortativity,-0.0464301869222043,0.0,5
BANC,synapse_count_measurement,5.0,connected_components,metric_wcc_count,4306.0,0.0,5
BANC,synapse_count_measurement,5.0,connected_components,metric_wcc_max_size,153952.0,0.0,5
BANC,synapse_count_measurement,5.0,connected_components,metric_scc_count,18345.0,0.0,5
BANC,synapse_count_measurement,5.0,connected_components,metric_scc_max_size,139405.0,0.0,5
BANC,synapse_count_measurement,5.0,reciprocity,metric_reciprocity,0.1299390807959521,0.0,5
BANC,synapse_count_measurement,7.5,basic_structure,metric_node_count,158262.0,0.0,5
BANC,synapse_count_measurement,7.5,basic_structure,metric_edge_count,3990039.0,0.0,5
BANC,synapse_count_measurement,7.5,basic_structure,metric_total_synapses,23556356.2,1666.1759090804308,5
BANC,synapse_count_measurement,7.5,basic_structure,metric_weight_mean,5.903790965451717,0.0004175838654909442,5
BANC,synapse_count_measurement,7.5,basic_structure,metric_weight_variance,90.20591352408067,0.1314166442843409,5
BANC,synapse_count_measurement,7.5,basic_structure,metric_weight_std,9.497676854610829,0.0069202218479844325,5
BANC,synapse_count_measurement,7.5,basic_structure,metric_weight_max,951.0,42.42640687119285,5
BANC,synapse_count_measurement,7.5,basic_structure,metric_density,0.0001593039650148,0.0,5
BANC,synapse_count_measurement,7.5,degree_distribution,metric_total_degree_mean,50.42320961443682,0.0,5
BANC,synapse_count_measurement,7.5,degree_distribution,metric_in_degree_mean,25.21160480721841,0.0,5
BANC,synapse_count_measurement,7.5,degree_distribution,metric_out_degree_mean,25.21160480721841,0.0,5
BANC,synapse_count_measurement,7.5,degree_distribution,metric_total_degree_std,111.71935962728317,1.4210854715202004e-14,5
BANC,synapse_count_measurement,7.5,degree_distribution,metric_in_degree_max,4707.0,0.0,5
BANC,synapse_count_measurement,7.5,degree_distribution,metric_out_degree_max,4782.0,0.0,5
BANC,synapse_count_measurement,7.5,assortativity,metric_degree_assortativity,-0.0464301869222043,0.0,5
BANC,synapse_count_measurement,7.5,connected_components,metric_wcc_count,4306.0,0.0,5
BANC,synapse_count_measurement,7.5,connected_components,metric_wcc_max_size,153952.0,0.0,5
BANC,synapse_count_measurement,7.5,connected_components,metric_scc_count,18345.0,0.0,5
BANC,synapse_count_measurement,7.5,connected_components,metric_scc_max_size,139405.0,0.0,5
BANC,synapse_count_measurement,7.5,reciprocity,metric_reciprocity,0.1299390807959521,0.0,5
BANC,synapse_count_measurement,10.0,basic_structure,metric_node_count,158262.0,0.0,5
BANC,synapse_count_measurement,10.0,basic_structure,metric_edge_count,3990039.0,0.0,5
BANC,synapse_count_measurement,10.0,basic_structure,metric_total_synapses,23556146.4,1781.0234810355535,5
BANC,synapse_count_measurement,10.0,basic_structure,metric_weight_mean,5.903738384512031,0.0004463674367681813,5
BANC,synapse_count_measurement,10.0,basic_structure,metric_weight_variance,90.77620572434111,0.1733996999400504,5
BANC,synapse_count_measurement,10.0,basic_structure,metric_weight_std,9.52765043721254,0.009103330422941026,5
BANC,synapse_count_measurement,10.0,basic_structure,metric_weight_max,978.6,44.02544718682594,5
BANC,synapse_count_measurement,10.0,basic_structure,metric_density,0.0001593039650148,0.0,5
BANC,synapse_count_measurement,10.0,degree_distribution,metric_total_degree_mean,50.42320961443682,0.0,5
BANC,synapse_count_measurement,10.0,degree_distribution,metric_in_degree_mean,25.21160480721841,0.0,5
BANC,synapse_count_measurement,10.0,degree_distribution,metric_out_degree_mean,25.21160480721841,0.0,5
BANC,synapse_count_measurement,10.0,degree_distribution,metric_total_degree_std,111.71935962728317,1.4210854715202004e-14,5
BANC,synapse_count_measurement,10.0,degree_distribution,metric_in_degree_max,4707.0,0.0,5
BANC,synapse_count_measurement,10.0,degree_distribution,metric_out_degree_max,4782.0,0.0,5
BANC,synapse_count_measurement,10.0,assortativity,metric_degree_assortativity,-0.0464301869222043,0.0,5
BANC,synapse_count_measurement,10.0,connected_components,metric_wcc_count,4306.0,0.0,5
BANC,synapse_count_measurement,10.0,connected_components,metric_wcc_max_size,153952.0,0.0,5
BANC,synapse_count_measurement,10.0,connected_components,metric_scc_count,18345.0,0.0,5
BANC,synapse_count_measurement,10.0,connected_components,metric_scc_max_size,139405.0,0.0,5
BANC,synapse_count_measurement,10.0,reciprocity,metric_reciprocity,0.1299390807959521,0.0,5
BANC,synapse_count_measurement,15.0,basic_structure,metric_node_count,158262.0,0.0,5
BANC,synapse_count_measurement,15.0,basic_structure,metric_edge_count,3990039.0,0.0,5
BANC,synapse_count_measurement,15.0,basic_structure,metric_total_synapses,23556735.4,2710.1479369215253,5
BANC,synapse_count_measurement,15.0,basic_structure,metric_weight_mean,5.903886002116772,0.0006792284328353954,5
BANC,synapse_count_measurement,15.0,basic_structure,metric_weight_variance,92.36473928589717,0.26188631431492876,5
BANC,synapse_count_measurement,15.0,basic_structure,metric_weight_std,9.610647918839671,0.01363326812920923,5
BANC,synapse_count_measurement,15.0,basic_structure,metric_weight_max,1040.8,47.41898354035017,5
BANC,synapse_count_measurement,15.0,basic_structure,metric_density,0.0001593039650148,0.0,5
BANC,synapse_count_measurement,15.0,degree_distribution,metric_total_degree_mean,50.42320961443682,0.0,5
BANC,synapse_count_measurement,15.0,degree_distribution,metric_in_degree_mean,25.21160480721841,0.0,5
BANC,synapse_count_measurement,15.0,degree_distribution,metric_out_degree_mean,25.21160480721841,0.0,5
BANC,synapse_count_measurement,15.0,degree_distribution,metric_total_degree_std,111.71935962728317,1.4210854715202004e-14,5
BANC,synapse_count_measurement,15.0,degree_distribution,metric_in_degree_max,4707.0,0.0,5
BANC,synapse_count_measurement,15.0,degree_distribution,metric_out_degree_max,4782.0,0.0,5
BANC,synapse_count_measurement,15.0,assortativity,metric_degree_assortativity,-0.0464301869222043,0.0,5
BANC,synapse_count_measurement,15.0,connected_components,metric_wcc_count,4306.0,0.0,5
BANC,synapse_count_measurement,15.0,connected_components,metric_wcc_max_size,153952.0,0.0,5
BANC,synapse_count_measurement,15.0,connected_components,metric_scc_count,18345.0,0.0,5
BANC,synapse_count_measurement,15.0,connected_components,metric_scc_max_size,139405.0,0.0,5
BANC,synapse_count_measurement,15.0,reciprocity,metric_reciprocity,0.1299390807959521,0.0,5
BANC,synapse_count_measurement,20.0,basic_structure,metric_node_count,158262.0,0.0,5
BANC,synapse_count_measurement,20.0,basic_structure,metric_edge_count,3990039.0,0.0,5
BANC,synapse_count_measurement,20.0,basic_structure,metric_total_synapses,23560649.8,3507.701435413225,5
BANC,synapse_count_measurement,20.0,basic_structure,metric_weight_mean,5.904867045159207,0.0008791145739210186,5
BANC,synapse_count_measurement,20.0,basic_structure,metric_weight_variance,94.5468033143966,0.3509091445809338,5
BANC,synapse_count_measurement,20.0,basic_structure,metric_weight_std,9.723501280722669,0.018059849977701797,5
BANC,synapse_count_measurement,20.0,basic_structure,metric_weight_max,1109.0,50.73854550536505,5
BANC,synapse_count_measurement,20.0,basic_structure,metric_density,0.0001593039650148,0.0,5
BANC,synapse_count_measurement,20.0,degree_distribution,metric_total_degree_mean,50.42320961443682,0.0,5
BANC,synapse_count_measurement,20.0,degree_distribution,metric_in_degree_mean,25.21160480721841,0.0,5
BANC,synapse_count_measurement,20.0,degree_distribution,metric_out_degree_mean,25.21160480721841,0.0,5
BANC,synapse_count_measurement,20.0,degree_distribution,metric_total_degree_std,111.71935962728317,1.4210854715202004e-14,5
BANC,synapse_count_measurement,20.0,degree_distribution,metric_in_degree_max,4707.0,0.0,5
BANC,synapse_count_measurement,20.0,degree_distribution,metric_out_degree_max,4782.0,0.0,5
BANC,synapse_count_measurement,20.0,assortativity,metric_degree_assortativity,-0.0464301869222043,0.0,5
BANC,synapse_count_measurement,20.0,connected_components,metric_wcc_count,4306.0,0.0,5
BANC,synapse_count_measurement,20.0,connected_components,metric_wcc_max_size,153952.0,0.0,5
BANC,synapse_count_measurement,20.0,connected_components,metric_scc_count,18345.0,0.0,5
BANC,synapse_count_measurement,20.0,connected_components,metric_scc_max_size,139405.0,0.0,5
BANC,synapse_count_measurement,20.0,reciprocity,metric_reciprocity,0.1299390807959521,0.0,5
FAFB,false_synapses,0.0,basic_structure,metric_node_count,139255.0,0.0,5
FAFB,false_synapses,0.0,basic_structure,metric_edge_count,5342446.0,0.0,5
FAFB,false_synapses,0.0,basic_structure,metric_total_synapses,50666648.0,0.0,5
FAFB,false_synapses,0.0,basic_structure,metric_weight_mean,9.48379225545752,0.0,5
FAFB,false_synapses,0.0,basic_structure,metric_weight_variance,218.34257980101398,2.842170943040401e-14,5
FAFB,false_synapses,0.0,basic_structure,metric_weight_std,14.776419722010266,0.0,5
FAFB,false_synapses,0.0,basic_structure,metric_weight_max,2633.0,0.0,5
FAFB,false_synapses,0.0,basic_structure,metric_density,0.0002755000389527,0.0,5
FAFB,false_synapses,0.0,degree_distribution,metric_total_degree_mean,76.72896484865893,0.0,5
FAFB,false_synapses,0.0,degree_distribution,metric_in_degree_mean,38.364482424329466,0.0,5
FAFB,false_synapses,0.0,degree_distribution,metric_out_degree_mean,38.364482424329466,0.0,5
FAFB,false_synapses,0.0,degree_distribution,metric_total_degree_std,199.8282025654068,0.0,5
FAFB,false_synapses,0.0,degree_distribution,metric_in_degree_max,14786.0,0.0,5
FAFB,false_synapses,0.0,degree_distribution,metric_out_degree_max,14000.0,0.0,5
FAFB,false_synapses,0.0,assortativity,metric_degree_assortativity,-0.0358426018002618,0.0,5
FAFB,false_synapses,0.0,connected_components,metric_wcc_count,875.0,0.0,5
FAFB,false_synapses,0.0,connected_components,metric_wcc_max_size,136997.0,0.0,5
FAFB,false_synapses,0.0,connected_components,metric_scc_count,11120.0,0.0,5
FAFB,false_synapses,0.0,connected_components,metric_scc_max_size,127536.0,0.0,5
FAFB,false_synapses,0.0,reciprocity,metric_reciprocity,0.1647380244929008,0.0,5
FAFB,false_synapses,0.25,basic_structure,metric_node_count,139255.0,0.0,5
FAFB,false_synapses,0.25,basic_structure,metric_edge_count,5355802.0,0.0,5
FAFB,false_synapses,0.25,basic_structure,metric_total_synapses,50708414.0,167.77008076531405,5
FAFB,false_synapses,0.25,basic_structure,metric_weight_mean,9.467940375689766,3.132492216066812e-05,5
FAFB,false_synapses,0.25,basic_structure,metric_weight_variance,217.9049832120292,0.00038903535365851873,5
FAFB,false_synapses,0.25,basic_structure,metric_weight_std,14.761605035085296,1.3177265081813751e-05,5
FAFB,false_synapses,0.25,basic_structure,metric_weight_max,2633.0,0.0,5
FAFB,false_synapses,0.25,basic_structure,metric_density,0.0002761887831198,0.0,5
FAFB,false_synapses,0.25,degree_distribution,metric_total_degree_mean,76.92078560913433,0.0,5
FAFB,false_synapses,0.25,degree_distribution,metric_in_degree_mean,38.46039280456717,0.0,5
FAFB,false_synapses,0.25,degree_distribution,metric_out_degree_mean,38.46039280456717,0.0,5
FAFB,false_synapses,0.25,degree_distribution,metric_total_degree_std,199.79535094982052,0.00023888332007253562,5
FAFB,false_synapses,0.25,degree_distribution,metric_in_degree_max,14786.0,0.0,5
FAFB,false_synapses,0.25,degree_distribution,metric_out_degree_max,14000.0,0.0,5
FAFB,false_synapses,0.25,assortativity,metric_degree_assortativity,-0.03569331938618042,1.976169520722443e-07,5
FAFB,false_synapses,0.25,connected_components,metric_wcc_count,875.0,0.0,5
FAFB,false_synapses,0.25,connected_components,metric_wcc_max_size,136997.0,0.0,5
FAFB,false_synapses,0.25,connected_components,metric_scc_count,10645.4,13.2,5
FAFB,false_synapses,0.25,connected_components,metric_scc_max_size,127831.2,11.01635148313633,5
FAFB,false_synapses,0.25,reciprocity,metric_reciprocity,0.16470377358983768,4.128688838311362e-06,5
FAFB,false_synapses,0.5,basic_structure,metric_node_count,139255.0,0.0,5
FAFB,false_synapses,0.5,basic_structure,metric_edge_count,5369158.0,0.0,5
FAFB,false_synapses,0.5,basic_structure,metric_total_synapses,50749980.0,279.30485137211633,5
FAFB,false_synapses,0.5,basic_structure,metric_weight_mean,9.452130110531296,5.2020233223196994e-05,5
FAFB,false_synapses,0.5,basic_structure,metric_weight_variance,217.46951978664242,0.0006923112830991034,5
FAFB,false_synapses,0.5,basic_structure,metric_weight_std,14.746847791514345,2.3473215261411896e-05,5
FAFB,false_synapses,0.5,basic_structure,metric_weight_max,2633.0,0.0,5
FAFB,false_synapses,0.5,basic_structure,metric_density,0.0002768775272868,0.0,5
FAFB,false_synapses,0.5,degree_distribution,metric_total_degree_mean,77.11260636960971,0.0,5
FAFB,false_synapses,0.5,degree_distribution,metric_in_degree_mean,38.55630318480485,0.0,5
FAFB,false_synapses,0.5,degree_distribution,metric_out_degree_mean,38.55630318480485,0.0,5
FAFB,false_synapses,0.5,degree_distribution,metric_total_degree_std,199.79619855691018,0.0005501899219957316,5
FAFB,false_synapses,0.5,degree_distribution,metric_in_degree_max,14786.0,0.0,5
FAFB,false_synapses,0.5,degree_distribution,metric_out_degree_max,14000.0,0.0,5
FAFB,false_synapses,0.5,assortativity,metric_degree_assortativity,-0.03557492382444159,2.569316858974604e-07,5
FAFB,false_synapses,0.5,connected_components,metric_wcc_count,875.0,0.0,5
FAFB,false_synapses,0.5,connected_components,metric_wcc_max_size,136997.0,0.0,5
FAFB,false_synapses,0.5,connected_components,metric_scc_count,10476.4,15.869467539901898,5
FAFB,false_synapses,0.5,connected_components,metric_scc_max_size,127971.8,8.009993757800315,5
FAFB,false_synapses,0.5,reciprocity,metric_reciprocity,0.16479515037553372,8.032837219791531e-06,5
FAFB,false_synapses,0.75,basic_structure,metric_node_count,139255.0,0.0,5
FAFB,false_synapses,0.75,basic_structure,metric_edge_count,5382514.0,0.0,5
FAFB,false_synapses,0.75,basic_structure,metric_total_synapses,50791391.2,243.09784038530663,5
FAFB,false_synapses,0.75,basic_structure,metric_weight_mean,9.43636954776151,4.5164367502942415e-05,5
FAFB,false_synapses,0.75,basic_structure,metric_weight_variance,217.03604909915674,0.0005597257867598466,5
FAFB,false_synapses,0.75,basic_structure,metric_weight_std,14.732143397985094,1.8996746517190365e-05,5
FAFB,false_synapses,0.75,basic_structure,metric_weight_max,2633.0,0.0,5
FAFB,false_synapses,0.75,basic_structure,metric_density,0.0002775662714539,0.0,5
FAFB,false_synapses,0.75,degree_distribution,metric_total_degree_mean,77.3044271300851,0.0,5
FAFB,false_synapses,0.75,degree_distribution,metric_in_degree_mean,38.65221356504255,0.0,5
FAFB,false_synapses,0.75,degree_distribution,metric_out_degree_mean,38.65221356504255,0.0,5
FAFB,false_synapses,0.75,degree_distribution,metric_total_degree_std,199.82445798220678,0.0010480710222915152,5
FAFB,false_synapses,0.75,degree_distribution,metric_in_degree_max,14786.0,0.0,5
FAFB,false_synapses,0.75,degree_distribution,metric_out_degree_max,14000.0,0.0,5
FAFB,false_synapses,0.75,assortativity,metric_degree_assortativity,-0.03547783601513172,7.842062772467985e-07,5
FAFB,false_synapses,0.75,connected_components,metric_wcc_count,875.0,0.0,5
FAFB,false_synapses,0.75,connected_components,metric_wcc_max_size,136997.0,0.0,5
FAFB,false_synapses,0.75,connected_components,metric_scc_count,10413.0,14.7648230602334,5
FAFB,false_synapses,0.75,connected_components,metric_scc_max_size,128026.8,12.936769303036982,5
FAFB,false_synapses,0.75,reciprocity,metric_reciprocity,0.16497852118916922,9.518667943678502e-06,5
FAFB,false_synapses,1.0,basic_structure,metric_node_count,139255.0,0.0,5
FAFB,false_synapses,1.0,basic_structure,metric_edge_count,5395870.0,0.0,5
FAFB,false_synapses,1.0,basic_structure,metric_total_synapses,50833299.2,190.75995386873,5
FAFB,false_synapses,1.0,basic_structure,metric_weight_mean,9.420779077331366,3.535295584780102e-05,5
FAFB,false_synapses,1.0,basic_structure,metric_weight_variance,216.60310861050593,0.0004270694410575083,5
FAFB,false_synapses,1.0,basic_structure,metric_weight_std,14.717442325699647,1.4508956752231606e-05,5
FAFB,false_synapses,1.0,basic_structure,metric_weight_max,2633.0,0.0,5
FAFB,false_synapses,1.0,basic_structure,metric_density,0.0002782550156209,0.0,5
FAFB,false_synapses,1.0,degree_distribution,metric_total_degree_mean,77.49624789056048,0.0,5
FAFB,false_synapses,1.0,degree_distribution,metric_in_degree_mean,38.74812394528024,0.0,5
FAFB,false_synapses,1.0,degree_distribution,metric_out_degree_mean,38.74812394528024,0.0,5
FAFB,false_synapses,1.0,degree_distribution,metric_total_degree_std,199.85746168892396,0.0015289970368048348,5
FAFB,false_synapses,1.0,degree_distribution,metric_in_degree_max,14786.0,0.0,5
FAFB,false_synapses,1.0,degree_distribution,metric_out_degree_max,14000.0,0.0,5
FAFB,false_synapses,1.0,assortativity,metric_degree_assortativity,-0.03538264406822735,9.033842836791584e-07,5
FAFB,false_synapses,1.0,connected_components,metric_wcc_count,875.0,0.0,5
FAFB,false_synapses,1.0,connected_components,metric_wcc_max_size,136997.0,0.0,5
FAFB,false_synapses,1.0,connected_components,metric_scc_count,10361.6,8.73155198117723,5
FAFB,false_synapses,1.0,connected_components,metric_scc_max_size,128072.0,11.29601699715435,5
FAFB,false_synapses,1.0,reciprocity,metric_reciprocity,0.16510479311028617,1.4024240881811766e-05,5
FAFB,false_synapses,2.0,basic_structure,metric_node_count,139255.0,0.0,5
FAFB,false_synapses,2.0,basic_structure,metric_edge_count,5449295.0,0.0,5
FAFB,false_synapses,2.0,basic_structure,metric_total_synapses,50999979.4,213.09584697971005,5
FAFB,false_synapses,2.0,basic_structure,metric_weight_mean,9.359005045606818,3.910521397350565e-05,5
FAFB,false_synapses,2.0,basic_structure,metric_weight_variance,214.88989802556534,0.0004812106156794602,5
FAFB,false_synapses,2.0,basic_structure,metric_weight_std,14.659123371651386,1.6413349073012138e-05,5
FAFB,false_synapses,2.0,basic_structure,metric_weight_max,2633.0,0.0,5
FAFB,false_synapses,2.0,basic_structure,metric_density,0.0002810100438572,0.0,5
FAFB,false_synapses,2.0,degree_distribution,metric_total_degree_mean,78.26354529460343,0.0,5
FAFB,false_synapses,2.0,degree_distribution,metric_in_degree_mean,39.13177264730172,0.0,5
FAFB,false_synapses,2.0,degree_distribution,metric_out_degree_mean,39.13177264730172,0.0,5
FAFB,false_synapses,2.0,degree_distribution,metric_total_degree_std,200.0291795163542,0.002241828796013825,5
FAFB,false_synapses,2.0,degree_distribution,metric_in_degree_max,14786.0,0.0,5
FAFB,false_synapses,2.0,degree_distribution,metric_out_degree_max,14000.0,0.0,5
FAFB,false_synapses,2.0,assortativity,metric_degree_assortativity,-0.0350312203570338,5.415023952126892e-07,5
FAFB,false_synapses,2.0,connected_components,metric_wcc_count,875.0,0.0,5
FAFB,false_synapses,2.0,connected_components,metric_wcc_max_size,136997.0,0.0,5
FAFB,false_synapses,2.0,connected_components,metric_scc_count,9987.8,11.232096865679178,5
FAFB,false_synapses,2.0,connected_components,metric_scc_max_size,128189.8,8.51821577561874,5
FAFB,false_synapses,2.0,reciprocity,metric_reciprocity,0.1656027064051404,1.619385868798783e-05,5
FAFB,false_synapses,5.0,basic_structure,metric_node_count,139255.0,0.0,5
FAFB,false_synapses,5.0,basic_structure,metric_edge_count,5609568.0,0.0,5
FAFB,false_synapses,5.0,basic_structure,metric_total_synapses,51499584.6,922.2708062169157,5
FAFB,false_synapses,5.0,basic_structure,metric_weight_mean,9.180668564852052,0.0001644103086396556,5
FAFB,false_synapses,5.0,basic_structure,metric_weight_variance,209.90445813442503,0.0019872763036313744,5
FAFB,false_synapses,5.0,basic_structure,metric_weight_std,14.488079863450551,6.858314985687205e-05,5
FAFB,false_synapses,5.0,basic_structure,metric_weight_max,2633.0,0.0,5
FAFB,false_synapses,5.0,basic_structure,metric_density,0.0002892750254299,0.0,5
FAFB,false_synapses,5.0,degree_distribution,metric_total_degree_mean,80.56540878244947,0.0,5
FAFB,false_synapses,5.0,degree_distribution,metric_in_degree_mean,40.28270439122473,0.0,5
FAFB,false_synapses,5.0,degree_distribution,metric_out_degree_mean,40.28270439122473,0.0,5
FAFB,false_synapses,5.0,degree_distribution,metric_total_degree_std,200.89326015639264,0.004845428565190321,5
FAFB,false_synapses,5.0,degree_distribution,metric_in_degree_max,14786.0,0.0,5
FAFB,false_synapses,5.0,degree_distribution,metric_out_degree_max,14000.0,0.0,5
FAFB,false_synapses,5.0,assortativity,metric_degree_assortativity,-0.033909366807802,3.558131979045473e-06,5
FAFB,false_synapses,5.0,connected_components,metric_wcc_count,875.0,0.0,5
FAFB,false_synapses,5.0,connected_components,metric_wcc_max_size,136997.0,0.0,5
FAFB,false_synapses,5.0,connected_components,metric_scc_count,9731.2,7.02566722810012,5
FAFB,false_synapses,5.0,connected_components,metric_scc_max_size,128403.6,5.4626001134990645,5
FAFB,false_synapses,5.0,reciprocity,metric_reciprocity,0.16710513180337588,2.491698667591873e-05,5
FAFB,false_synapses,10.0,basic_structure,metric_node_count,139255.0,0.0,5
FAFB,false_synapses,10.0,basic_structure,metric_edge_count,5876691.0,0.0,5
FAFB,false_synapses,10.0,basic_structure,metric_total_synapses,52332945.6,954.7369480647537,5
FAFB,false_synapses,10.0,basic_structure,metric_weight_mean,8.905172247443332,0.00016246165538854598,5
FAFB,false_synapses,10.0,basic_structure,metric_weight_variance,202.07316917986842,0.00175007142688082,5
FAFB,false_synapses,10.0,basic_structure,metric_weight_std,14.21524425312767,6.155611549934192e-05,5
FAFB,false_synapses,10.0,basic_structure,metric_weight_max,2633.0,0.0,5
FAFB,false_synapses,10.0,basic_structure,metric_density,0.0003030500634753,0.0,5
FAFB,false_synapses,10.0,degree_distribution,metric_total_degree_mean,84.40186707838139,0.0,5
FAFB,false_synapses,10.0,degree_distribution,metric_in_degree_mean,42.20093353919069,0.0,5
FAFB,false_synapses,10.0,degree_distribution,metric_out_degree_mean,42.20093353919069,0.0,5
FAFB,false_synapses,10.0,degree_distribution,metric_total_degree_std,202.11939010416603,0.010139287898630164,5
FAFB,false_synapses,10.0,degree_distribution,metric_in_degree_max,14786.0,0.0,5
FAFB,false_synapses,10.0,degree_distribution,metric_out_degree_max,14000.0,0.0,5
FAFB,false_synapses,10.0,assortativity,metric_degree_assortativity,-0.03244128732830094,1.1847365548766941e-05,5
FAFB,false_synapses,10.0,connected_components,metric_wcc_count,875.0,0.0,5
FAFB,false_synapses,10.0,connected_components,metric_wcc_max_size,136997.0,0.0,5
FAFB,false_synapses,10.0,connected_components,metric_scc_count,9411.2,15.131424255502191,5
FAFB,false_synapses,10.0,connected_components,metric_scc_max_size,128670.2,14.2884568795934,5
FAFB,false_synapses,10.0,reciprocity,metric_reciprocity,0.1711538006677567,4.091411261955671e-05,5
FAFB,false_synapses,15.0,basic_structure,metric_node_count,139255.0,0.0,5
FAFB,false_synapses,15.0,basic_structure,metric_edge_count,6143813.0,0.0,5
FAFB,false_synapses,15.0,basic_structure,metric_total_synapses,53166065.2,1200.1767203208035,5
FAFB,false_synapses,15.0,basic_structure,metric_weight_mean,8.653594306988186,0.00019534720869920772,5
FAFB,false_synapses,15.0,basic_structure,metric_weight_variance,194.7905845158155,0.002166807389824709,5
FAFB,false_synapses,15.0,basic_structure,metric_weight_std,13.956739752169549,7.762586109262902e-05,5
FAFB,false_synapses,15.0,basic_structure,metric_weight_max,2633.0,0.0,5
FAFB,false_synapses,15.0,basic_structure,metric_density,0.0003168250499525,0.0,5
FAFB,false_synapses,15.0,degree_distribution,metric_total_degree_mean,88.23831101217192,0.0,5
FAFB,false_synapses,15.0,degree_distribution,metric_in_degree_mean,44.11915550608596,0.0,5
FAFB,false_synapses,15.0,degree_distribution,metric_out_degree_mean,44.11915550608596,0.0,5
FAFB,false_synapses,15.0,degree_distribution,metric_total_degree_std,203.51576453968283,0.008978876916953338,5
FAFB,false_synapses,15.0,degree_distribution,metric_in_degree_max,14786.0,0.0,5
FAFB,false_synapses,15.0,degree_distribution,metric_out_degree_max,14000.0,0.0,5
FAFB,false_synapses,15.0,assortativity,metric_degree_assortativity,-0.031120289691581142,8.066825995224787e-06,5
FAFB,false_synapses,15.0,connected_components,metric_wcc_count,875.0,0.0,5
FAFB,false_synapses,15.0,connected_components,metric_wcc_max_size,136997.0,0.0,5
FAFB,false_synapses,15.0,connected_components,metric_scc_count,9225.2,16.60602300371766,5
FAFB,false_synapses,15.0,connected_components,metric_scc_max_size,128865.0,17.652195330892983,5
FAFB,false_synapses,15.0,reciprocity,metric_reciprocity,0.17499516993762662,2.241808049013353e-05,5
FAFB,false_synapses,20.0,basic_structure,metric_node_count,139255.0,0.0,5
FAFB,false_synapses,20.0,basic_structure,metric_edge_count,6410935.0,0.0,5
FAFB,false_synapses,20.0,basic_structure,metric_total_synapses,53999477.2,2079.0597297817108,5
FAFB,false_synapses,20.0,basic_structure,metric_weight_mean,8.423026781584902,0.00032429898755531486,5
FAFB,false_synapses,20.0,basic_structure,metric_weight_variance,188.00294282793067,0.003403859063846486,5
FAFB,false_synapses,20.0,basic_structure,metric_weight_std,13.711416513713072,0.00012412518838228904,5
FAFB,false_synapses,20.0,basic_structure,metric_weight_max,2633.0,0.0,5
FAFB,false_synapses,20.0,basic_structure,metric_density,0.0003306000364296,0.0,5
FAFB,false_synapses,20.0,degree_distribution,metric_total_degree_mean,92.07475494596244,0.0,5
FAFB,false_synapses,20.0,degree_distribution,metric_in_degree_mean,46.03737747298122,0.0,5
FAFB,false_synapses,20.0,degree_distribution,metric_out_degree_mean,46.03737747298122,0.0,5
FAFB,false_synapses,20.0,degree_distribution,metric_total_degree_std,204.90311431240434,0.005853779028177487,5
FAFB,false_synapses,20.0,degree_distribution,metric_in_degree_max,14786.0,0.0,5
FAFB,false_synapses,20.0,degree_distribution,metric_out_degree_max,14000.0,0.0,5
FAFB,false_synapses,20.0,assortativity,metric_degree_assortativity,-0.030074841865342216,2.0319483575648793e-05,5
FAFB,false_synapses,20.0,connected_components,metric_wcc_count,875.0,0.0,5
FAFB,false_synapses,20.0,connected_components,metric_wcc_max_size,136997.0,0.0,5
FAFB,false_synapses,20.0,connected_components,metric_scc_count,9071.2,8.207313811473277,5
FAFB,false_synapses,20.0,connected_components,metric_scc_max_size,129090.2,13.818827736099758,5
FAFB,false_synapses,20.0,reciprocity,metric_reciprocity,0.17784812979697967,5.178486405198836e-05,5
FAFB,merge_errors,0.0,basic_structure,metric_node_count,139255.0,0.0,2
FAFB,merge_errors,0.0,basic_structure,metric_edge_count,5342446.0,0.0,2
FAFB,merge_errors,0.0,basic_structure,metric_total_synapses,50666648.0,0.0,2
FAFB,merge_errors,0.0,basic_structure,metric_weight_mean,9.48379225545752,0.0,2
FAFB,merge_errors,0.0,basic_structure,metric_weight_variance,218.34257980101395,0.0,2
FAFB,merge_errors,0.0,basic_structure,metric_weight_std,14.776419722010266,0.0,2
FAFB,merge_errors,0.0,basic_structure,metric_weight_max,2633.0,0.0,2
FAFB,merge_errors,0.0,basic_structure,metric_density,0.0002755000389527,0.0,2
FAFB,merge_errors,0.0,degree_distribution,metric_total_degree_mean,76.72896484865893,0.0,2
FAFB,merge_errors,0.0,degree_distribution,metric_in_degree_mean,38.364482424329466,0.0,2
FAFB,merge_errors,0.0,degree_distribution,metric_out_degree_mean,38.364482424329466,0.0,2
FAFB,merge_errors,0.0,degree_distribution,metric_total_degree_std,199.8282025654068,0.0,2
FAFB,merge_errors,0.0,degree_distribution,metric_in_degree_max,14786.0,0.0,2
FAFB,merge_errors,0.0,degree_distribution,metric_out_degree_max,14000.0,0.0,2
FAFB,merge_errors,0.0,assortativity,metric_degree_assortativity,-0.0358426018002618,0.0,2
FAFB,merge_errors,0.0,connected_components,metric_wcc_count,875.0,0.0,2
FAFB,merge_errors,0.0,connected_components,metric_wcc_max_size,136997.0,0.0,2
FAFB,merge_errors,0.0,connected_components,metric_scc_count,11120.0,0.0,2
FAFB,merge_errors,0.0,connected_components,metric_scc_max_size,127536.0,0.0,2
FAFB,merge_errors,0.0,reciprocity,metric_reciprocity,0.1647380244929008,0.0,2
FAFB,merge_errors,0.5,basic_structure,metric_node_count,138951.0,0.0,2
FAFB,merge_errors,0.5,basic_structure,metric_edge_count,5327119.0,14.0,2
FAFB,merge_errors,0.5,basic_structure,metric_total_synapses,50665550.0,304.0,2
FAFB,merge_errors,0.5,basic_structure,metric_weight_mean,9.510872575053957,8.20616577268396e-05,2
FAFB,merge_errors,0.5,basic_structure,metric_weight_variance,219.94275037867985,0.1767496078498425,2
FAFB,merge_errors,0.5,basic_structure,metric_weight_std,14.830465767094164,0.00595900393910842,2
FAFB,merge_errors,0.5,basic_structure,metric_weight_max,2633.0,0.0,2
FAFB,merge_errors,0.5,basic_structure,metric_density,0.00027591300465134997,7.251165500021025e-10,2
FAFB,merge_errors,0.5,degree_distribution,metric_total_degree_mean,76.6762239926305,0.00020150988477496412,2
FAFB,merge_errors,0.5,degree_distribution,metric_in_degree_mean,38.33811199631525,0.00010075494239103477,2
FAFB,merge_errors,0.5,degree_distribution,metric_out_degree_mean,38.33811199631525,0.00010075494239103477,2
FAFB,merge_errors,0.5,degree_distribution,metric_total_degree_std,198.77578941399463,0.1650884792881726,2
FAFB,merge_errors,0.5,degree_distribution,metric_in_degree_max,14625.5,42.5,2
FAFB,merge_errors,0.5,degree_distribution,metric_out_degree_max,13848.0,40.0,2
FAFB,merge_errors,0.5,assortativity,metric_degree_assortativity,-0.035987297622634556,4.61457538270503e-05,2
FAFB,merge_errors,0.5,connected_components,metric_wcc_count,875.0,0.0,2
FAFB,merge_errors,0.5,connected_components,metric_wcc_max_size,136693.0,0.0,2
FAFB,merge_errors,0.5,connected_components,metric_scc_count,11115.5,0.5,2
FAFB,merge_errors,0.5,connected_components,metric_scc_max_size,127236.5,0.5,2
FAFB,merge_errors,0.5,reciprocity,metric_reciprocity,0.1647092922549396,1.7702989193901786e-05,2
FAFB,merge_errors,1.0,basic_structure,metric_node_count,138647.0,0.0,2
FAFB,merge_errors,1.0,basic_structure,metric_edge_count,5312816.0,947.0,2
FAFB,merge_errors,1.0,basic_structure,metric_total_synapses,50664740.5,391.5,2
FAFB,merge_errors,1.0,basic_structure,metric_weight_mean,9.536325376214364,0.001626143297881022,2
FAFB,merge_errors,1.0,basic_structure,metric_weight_variance,221.31919677320008,0.32196764907233444,2
FAFB,merge_errors,1.0,basic_structure,metric_weight_std,14.87679668733288,0.010821134947232025,2
FAFB,merge_errors,1.0,basic_structure,metric_weight_max,2633.0,0.0,2
FAFB,merge_errors,1.0,basic_structure,metric_density,0.000276380217176,4.926428199999696e-08,2
FAFB,merge_errors,1.0,degree_distribution,metric_total_degree_mean,76.63802318117233,0.013660591285784562,2
FAFB,merge_errors,1.0,degree_distribution,metric_in_degree_mean,38.319011590586165,0.006830295642892281,2
FAFB,merge_errors,1.0,degree_distribution,metric_out_degree_mean,38.319011590586165,0.006830295642892281,2
FAFB,merge_errors,1.0,degree_distribution,metric_total_degree_std,197.9248190396388,0.3620544631544078,2
FAFB,merge_errors,1.0,degree_distribution,metric_in_degree_max,14474.5,65.5,2
FAFB,merge_errors,1.0,degree_distribution,metric_out_degree_max,13703.5,60.5,2
FAFB,merge_errors,1.0,assortativity,metric_degree_assortativity,-0.0360672210729307,7.479415864230024e-05,2
FAFB,merge_errors,1.0,connected_components,metric_wcc_count,875.0,0.0,2
FAFB,merge_errors,1.0,connected_components,metric_wcc_max_size,136389.0,0.0,2
FAFB,merge_errors,1.0,connected_components,metric_scc_count,11112.5,2.5,2
FAFB,merge_errors,1.0,connected_components,metric_scc_max_size,126935.5,2.5,2
FAFB,merge_errors,1.0,reciprocity,metric_reciprocity,0.1647066163928809,5.609507919640544e-05,2
FAFB,merge_errors,2.0,basic_structure,metric_node_count,138039.0,0.0,2
FAFB,merge_errors,2.0,basic_structure,metric_edge_count,5245872.5,1929.5,2
FAFB,merge_errors,2.0,basic_structure,metric_total_synapses,50658729.5,614.5,2
FAFB,merge_errors,2.0,basic_structure,metric_weight_mean,9.656875301383822,0.003669063800925798,2
FAFB,merge_errors,2.0,basic_structure,metric_weight_variance,227.36208523953354,0.4933731010404472,2
FAFB,merge_errors,2.0,basic_structure,metric_weight_std,15.078521730784306,0.016360128328533285,2
FAFB,merge_errors,2.0,basic_structure,metric_weight_max,2633.0,0.0,2
FAFB,merge_errors,2.0,basic_structure,metric_density,0.00027530700901685,1.0126149155000258e-07,2
FAFB,merge_errors,2.0,degree_distribution,metric_total_degree_mean,76.00565782134035,0.027955867544676494,2
FAFB,merge_errors,2.0,degree_distribution,metric_in_degree_mean,38.002828910670175,0.013977933772338247,2
FAFB,merge_errors,2.0,degree_distribution,metric_out_degree_mean,38.002828910670175,0.013977933772338247,2
FAFB,merge_errors,2.0,degree_distribution,metric_total_degree_std,177.73233663308235,0.09645315658251263,2
FAFB,merge_errors,2.0,degree_distribution,metric_in_degree_max,14016.5,3.5,2
FAFB,merge_errors,2.0,degree_distribution,metric_out_degree_max,13151.5,10.5,2
FAFB,merge_errors,2.0,assortativity,metric_degree_assortativity,-0.03423569353774405,3.843620910354978e-05,2
FAFB,merge_errors,2.0,connected_components,metric_wcc_count,875.0,0.0,2
FAFB,merge_errors,2.0,connected_components,metric_wcc_max_size,135781.0,0.0,2
FAFB,merge_errors,2.0,connected_components,metric_scc_count,11102.5,1.5,2
FAFB,merge_errors,2.0,connected_components,metric_scc_max_size,126338.5,2.5,2
FAFB,merge_errors,2.0,reciprocity,metric_reciprocity,0.15996100054780737,7.17607043575208e-06,2
FAFB,merge_errors,3.0,basic_structure,metric_node_count,137431.0,0.0,2
FAFB,merge_errors,3.0,basic_structure,metric_edge_count,5214693.5,5717.5,2
FAFB,merge_errors,3.0,basic_structure,metric_total_synapses,50655291.0,15.0,2
FAFB,merge_errors,3.0,basic_structure,metric_weight_mean,9.713965332447565,0.010647720098654112,2
FAFB,merge_errors,3.0,basic_structure,metric_weight_variance,233.02613466797902,2.240892446384507,2
FAFB,merge_errors,3.0,basic_structure,metric_weight_std,15.26501710336379,0.07339960483538199,2
FAFB,merge_errors,3.0,basic_structure,metric_weight_max,2633.0,0.0,2
FAFB,merge_errors,3.0,basic_structure,metric_density,0.00027609753814985,3.027191673500053e-07,2
FAFB,merge_errors,3.0,degree_distribution,metric_total_degree_mean,75.88816933588492,0.083205390341341,2
FAFB,merge_errors,3.0,degree_distribution,metric_in_degree_mean,37.94408466794246,0.0416026951706705,2
FAFB,merge_errors,3.0,degree_distribution,metric_out_degree_mean,37.94408466794246,0.0416026951706705,2
FAFB,merge_errors,3.0,degree_distribution,metric_total_degree_std,176.4594912631979,0.1779045198492355,2
FAFB,merge_errors,3.0,degree_distribution,metric_in_degree_max,13715.5,23.5,2
FAFB,merge_errors,3.0,degree_distribution,metric_out_degree_max,12874.5,32.5,2
FAFB,merge_errors,3.0,assortativity,metric_degree_assortativity,-0.03449210868263815,1.1022854273949612e-05,2
FAFB,merge_errors,3.0,connected_components,metric_wcc_count,875.0,0.0,2
FAFB,merge_errors,3.0,connected_components,metric_wcc_max_size,135173.0,0.0,2
FAFB,merge_errors,3.0,connected_components,metric_scc_count,11081.0,2.0,2
FAFB,merge_errors,3.0,connected_components,metric_scc_max_size,125752.0,1.0,2
FAFB,merge_errors,3.0,reciprocity,metric_reciprocity,0.1598015806556469,0.00012873900692370044,2
FAFB,merge_errors,5.0,basic_structure,metric_node_count,136216.0,0.0,2
FAFB,merge_errors,5.0,basic_structure,metric_edge_count,5147422.0,2848.0,2
FAFB,merge_errors,5.0,basic_structure,metric_total_synapses,50648500.0,395.0,2
FAFB,merge_errors,5.0,basic_structure,metric_weight_mean,9.839588773444854,0.005520850792253285,2
FAFB,merge_errors,5.0,basic_structure,metric_weight_variance,246.52574614332335,1.3038753916230519,2
FAFB,merge_errors,5.0,basic_structure,metric_weight_std,15.701083468381322,0.041521828549246464,2
FAFB,merge_errors,5.0,basic_structure,metric_weight_max,2636.5,3.5,2
FAFB,merge_errors,5.0,basic_structure,metric_density,0.00027741932878835,1.534924178500088e-07,2
FAFB,merge_errors,5.0,degree_distribution,metric_total_degree_mean,75.57734774182181,0.04181593939037498,2
FAFB,merge_errors,5.0,degree_distribution,metric_in_degree_mean,37.788673870910905,0.02090796969518749,2
FAFB,merge_errors,5.0,degree_distribution,metric_out_degree_mean,37.788673870910905,0.02090796969518749,2
FAFB,merge_errors,5.0,degree_distribution,metric_total_degree_std,174.29073719341665,0.1732749048012039,2
FAFB,merge_errors,5.0,degree_distribution,metric_in_degree_max,13211.5,16.5,2
FAFB,merge_errors,5.0,degree_distribution,metric_out_degree_max,12398.5,2.5,2
FAFB,merge_errors,5.0,assortativity,metric_degree_assortativity,-0.03477892691107695,2.378244053875128e-05,2
FAFB,merge_errors,5.0,connected_components,metric_wcc_count,875.0,0.0,2
FAFB,merge_errors,5.0,connected_components,metric_wcc_max_size,133958.0,0.0,2
FAFB,merge_errors,5.0,connected_components,metric_scc_count,11048.5,3.5,2
FAFB,merge_errors,5.0,connected_components,metric_scc_max_size,124572.0,2.0,2
FAFB,merge_errors,5.0,reciprocity,metric_reciprocity,0.15934899734072785,0.00016341657155244382,2
FAFB,merge_errors,7.5,basic_structure,metric_node_count,134696.0,0.0,2
FAFB,merge_errors,7.5,basic_structure,metric_edge_count,5041628.5,1205.5,2
FAFB,merge_errors,7.5,basic_structure,metric_total_synapses,50640376.0,591.0,2
FAFB,merge_errors,7.5,basic_structure,metric_weight_mean,10.04444874043927,0.0025189446141453686,2
FAFB,merge_errors,7.5,basic_structure,metric_weight_variance,265.773517323628,1.0642068140372771,2
FAFB,merge_errors,7.5,basic_structure,metric_weight_std,16.30252900621969,0.03263931668611875,2
FAFB,merge_errors,7.5,basic_structure,metric_weight_max,2636.5,3.5,2
FAFB,merge_errors,7.5,basic_structure,metric_density,0.0002778847202636,6.644480650001882e-08,2
FAFB,merge_errors,7.5,degree_distribution,metric_total_degree_mean,74.85936479182752,0.017899566431076153,2
FAFB,merge_errors,7.5,degree_distribution,metric_in_degree_mean,37.42968239591376,0.008949783215538076,2
FAFB,merge_errors,7.5,degree_distribution,metric_out_degree_mean,37.42968239591376,0.008949783215538076,2
FAFB,merge_errors,7.5,degree_distribution,metric_total_degree_std,170.756309173497,0.046818649901723575,2
FAFB,merge_errors,7.5,degree_distribution,metric_in_degree_max,12612.0,30.0,2
FAFB,merge_errors,7.5,degree_distribution,metric_out_degree_max,11837.0,9.0,2
FAFB,merge_errors,7.5,assortativity,metric_degree_assortativity,-0.03523347906567455,0.0002280103138993482,2
FAFB,merge_errors,7.5,connected_components,metric_wcc_count,875.0,0.0,2
FAFB,merge_errors,7.5,connected_components,metric_wcc_max_size,132438.0,0.0,2
FAFB,merge_errors,7.5,connected_components,metric_scc_count,11014.0,0.0,2
FAFB,merge_errors,7.5,connected_components,metric_scc_max_size,123086.5,1.5,2
FAFB,merge_errors,7.5,reciprocity,metric_reciprocity,0.1593612181709507,4.921226316159655e-05,2
FAFB,merge_errors,10.0,basic_structure,metric_node_count,133176.0,0.0,2
FAFB,merge_errors,10.0,basic_structure,metric_edge_count,4930120.0,2823.0,2
FAFB,merge_errors,10.0,basic_structure,metric_total_synapses,50633194.5,124.5,2
FAFB,merge_errors,10.0,basic_structure,metric_weight_mean,10.270178216760776,0.005855478792792468,2
FAFB,merge_errors,10.0,basic_structure,metric_weight_variance,286.63788396097596,1.1280352784524155,2
FAFB,merge_errors,10.0,basic_structure,metric_weight_std,16.930350679729855,0.03331399626007148,2
FAFB,merge_errors,10.0,basic_structure,metric_weight_max,2945.5,312.5,2
FAFB,merge_errors,10.0,basic_structure,metric_density,0.0002779769709635,1.5917036279999462e-07,2
FAFB,merge_errors,10.0,degree_distribution,metric_total_degree_mean,74.03916621613504,0.04239502613083346,2
FAFB,merge_errors,10.0,degree_distribution,metric_in_degree_mean,37.01958310806752,0.02119751306541673,2
FAFB,merge_errors,10.0,degree_distribution,metric_out_degree_mean,37.01958310806752,0.02119751306541673,2
FAFB,merge_errors,10.0,degree_distribution,metric_total_degree_std,167.76455754096816,0.34388211523737766,2
FAFB,merge_errors,10.0,degree_distribution,metric_in_degree_max,12152.0,6.0,2
FAFB,merge_errors,10.0,degree_distribution,metric_out_degree_max,11395.5,29.5,2
FAFB,merge_errors,10.0,assortativity,metric_degree_assortativity,-0.035617540665561,0.00011384219834240095,2
FAFB,merge_errors,10.0,connected_components,metric_wcc_count,875.0,0.0,2
FAFB,merge_errors,10.0,connected_components,metric_wcc_max_size,130919.0,0.0,2
FAFB,merge_errors,10.0,connected_components,metric_scc_count,10989.5,0.5,2
FAFB,merge_errors,10.0,connected_components,metric_scc_max_size,121592.5,1.5,2
FAFB,merge_errors,10.0,reciprocity,metric_reciprocity,0.15937542125825355,1.7054997806950634e-05,2
FAFB,merge_errors,15.0,basic_structure,metric_node_count,130137.0,0.0,2
FAFB,merge_errors,15.0,basic_structure,metric_edge_count,4701443.0,6380.0,2
FAFB,merge_errors,15.0,basic_structure,metric_total_synapses,50618223.5,925.5,2
FAFB,merge_errors,15.0,basic_structure,metric_weight_mean,10.766549327754769,0.014807386734473127,2
FAFB,merge_errors,15.0,basic_structure,metric_weight_variance,324.81909534092813,2.025463517412817,2
FAFB,merge_errors,15.0,basic_structure,metric_weight_std,18.02265068688665,0.05619216486525325,2
FAFB,merge_errors,15.0,basic_structure,metric_weight_max,2945.5,312.5,2
FAFB,merge_errors,15.0,basic_structure,metric_density,0.00027760860935205,3.767232587499939e-07,2
FAFB,merge_errors,15.0,degree_distribution,metric_total_degree_mean,72.25374797328968,0.09805051599467873,2
FAFB,merge_errors,15.0,degree_distribution,metric_in_degree_mean,36.12687398664484,0.049025257997339367,2
FAFB,merge_errors,15.0,degree_distribution,metric_out_degree_mean,36.12687398664484,0.049025257997339367,2
FAFB,merge_errors,15.0,degree_distribution,metric_total_degree_std,162.0428133535771,0.4957709305707283,2
FAFB,merge_errors,15.0,degree_distribution,metric_in_degree_max,11397.5,26.5,2
FAFB,merge_errors,15.0,degree_distribution,metric_out_degree_max,10688.0,40.0,2
FAFB,merge_errors,15.0,assortativity,metric_degree_assortativity,-0.03615856324855165,0.00017784198369574789,2
FAFB,merge_errors,15.0,connected_components,metric_wcc_count,875.0,0.0,2
FAFB,merge_errors,15.0,connected_components,metric_wcc_max_size,127881.0,0.0,2
FAFB,merge_errors,15.0,connected_components,metric_scc_count,10925.0,1.0,2
FAFB,merge_errors,15.0,connected_components,metric_scc_max_size,118620.5,1.5,2
FAFB,merge_errors,15.0,reciprocity,metric_reciprocity,0.16105083790526326,5.2431635528843445e-05,2
FAFB,merge_errors,20.0,basic_structure,metric_node_count,127098.0,0.0,2
FAFB,merge_errors,20.0,basic_structure,metric_edge_count,4482658.0,5784.0,2
FAFB,merge_errors,20.0,basic_structure,metric_total_synapses,50605071.0,1389.0,2
FAFB,merge_errors,20.0,basic_structure,metric_weight_mean,11.289096122037027,0.014876247969366041,2
FAFB,merge_errors,20.0,basic_structure,metric_weight_variance,360.22666666446645,1.2120645609748522,2
FAFB,merge_errors,20.0,basic_structure,metric_weight_std,18.97961135257647,0.031930700225068165,2
FAFB,merge_errors,20.0,basic_structure,metric_weight_max,2945.5,312.5,2
FAFB,merge_errors,20.0,basic_structure,metric_density,0.0002774991069941,3.580587309999885e-07,2
FAFB,merge_errors,20.0,degree_distribution,metric_total_degree_mean,70.53860800327307,0.09101638106028531,2
FAFB,merge_errors,20.0,degree_distribution,metric_in_degree_mean,35.269304001636534,0.045508190530142656,2
FAFB,merge_errors,20.0,degree_distribution,metric_out_degree_mean,35.269304001636534,0.045508190530142656,2
FAFB,merge_errors,20.0,degree_distribution,metric_total_degree_std,156.17617499421533,0.5799449753713617,2
FAFB,merge_errors,20.0,degree_distribution,metric_in_degree_max,10644.0,11.0,2
FAFB,merge_errors,20.0,degree_distribution,metric_out_degree_max,9981.0,25.0,2
FAFB,merge_errors,20.0,assortativity,metric_degree_assortativity,-0.037313839705427246,0.00010788611746674961,2
FAFB,merge_errors,20.0,connected_components,metric_wcc_count,875.0,0.0,2
FAFB,merge_errors,20.0,connected_components,metric_wcc_max_size,124842.0,0.0,2
FAFB,merge_errors,20.0,connected_components,metric_scc_count,10877.0,7.0,2
FAFB,merge_errors,20.0,connected_components,metric_scc_max_size,115631.5,8.5,2
FAFB,merge_errors,20.0,reciprocity,metric_reciprocity,0.1631252942303579,1.6392796008901644e-05,2
FAFB,missed_synapses,0.0,basic_structure,metric_node_count,139255.0,0.0,5
FAFB,missed_synapses,0.0,basic_structure,metric_edge_count,5342446.0,0.0,5
FAFB,missed_synapses,0.0,basic_structure,metric_total_synapses,50666648.0,0.0,5
FAFB,missed_synapses,0.0,basic_structure,metric_weight_mean,9.48379225545752,0.0,5
FAFB,missed_synapses,0.0,basic_structure,metric_weight_variance,218.34257980101398,2.842170943040401e-14,5
FAFB,missed_synapses,0.0,basic_structure,metric_weight_std,14.776419722010266,0.0,5
FAFB,missed_synapses,0.0,basic_structure,metric_weight_max,2633.0,0.0,5
FAFB,missed_synapses,0.0,basic_structure,metric_density,0.0002755000389527,0.0,5
FAFB,missed_synapses,0.0,degree_distribution,metric_total_degree_mean,76.72896484865893,0.0,5
FAFB,missed_synapses,0.0,degree_distribution,metric_in_degree_mean,38.364482424329466,0.0,5
FAFB,missed_synapses,0.0,degree_distribution,metric_out_degree_mean,38.364482424329466,0.0,5
FAFB,missed_synapses,0.0,degree_distribution,metric_total_degree_std,199.8282025654068,0.0,5
FAFB,missed_synapses,0.0,degree_distribution,metric_in_degree_max,14786.0,0.0,5
FAFB,missed_synapses,0.0,degree_distribution,metric_out_degree_max,14000.0,0.0,5
FAFB,missed_synapses,0.0,assortativity,metric_degree_assortativity,-0.0358426018002618,0.0,5
FAFB,missed_synapses,0.0,connected_components,metric_wcc_count,875.0,0.0,5
FAFB,missed_synapses,0.0,connected_components,metric_wcc_max_size,136997.0,0.0,5
FAFB,missed_synapses,0.0,connected_components,metric_scc_count,11120.0,0.0,5
FAFB,missed_synapses,0.0,connected_components,metric_scc_max_size,127536.0,0.0,5
FAFB,missed_synapses,0.0,reciprocity,metric_reciprocity,0.1647380244929008,0.0,5
FAFB,missed_synapses,0.25,basic_structure,metric_node_count,139255.0,0.0,5
FAFB,missed_synapses,0.25,basic_structure,metric_edge_count,5341070.6,37.11926723414674,5
FAFB,missed_synapses,0.25,basic_structure,metric_total_synapses,50540204.0,411.0800408679555,5
FAFB,missed_synapses,0.25,basic_structure,metric_weight_mean,9.462560558958995,9.647436128509715e-05,5
FAFB,missed_synapses,0.25,basic_structure,metric_weight_variance,217.36756539296007,0.00824125950757097,5
FAFB,missed_synapses,0.25,basic_structure,metric_weight_std,14.743390563735522,0.00027948960310330873,5
FAFB,missed_synapses,0.25,basic_structure,metric_weight_max,2630.0,2.0976176963403033,5
FAFB,missed_synapses,0.25,basic_structure,metric_density,0.0002754291121238,1.9141718254196424e-09,5
FAFB,missed_synapses,0.25,degree_distribution,metric_total_degree_mean,76.70921115938387,0.0005331121645058113,5
FAFB,missed_synapses,0.25,degree_distribution,metric_in_degree_mean,38.354605579691935,0.00026655608225123646,5
FAFB,missed_synapses,0.25,degree_distribution,metric_out_degree_mean,38.354605579691935,0.00026655608225123646,5
FAFB,missed_synapses,0.25,degree_distribution,metric_total_degree_std,199.75762313520744,0.0037782363124525026,5
FAFB,missed_synapses,0.25,degree_distribution,metric_in_degree_max,14780.0,2.1908902300206643,5
FAFB,missed_synapses,0.25,degree_distribution,metric_out_degree_max,13994.6,1.8547236990991407,5
FAFB,missed_synapses,0.25,assortativity,metric_degree_assortativity,-0.03584897384852028,1.9666320820469287e-06,5
FAFB,missed_synapses,0.25,connected_components,metric_wcc_count,875.0,0.0,5
FAFB,missed_synapses,0.25,connected_components,metric_wcc_max_size,136997.0,0.0,5
FAFB,missed_synapses,0.25,connected_components,metric_scc_count,11120.0,0.0,5
FAFB,missed_synapses,0.25,connected_components,metric_scc_max_size,127536.0,0.0,5
FAFB,missed_synapses,0.25,reciprocity,metric_reciprocity,0.16472173201309995,2.8995426955064744e-06,5
FAFB,missed_synapses,0.5,basic_structure,metric_node_count,139255.0,0.0,5
FAFB,missed_synapses,0.5,basic_structure,metric_edge_count,5339648.2,71.93997497914494,5
FAFB,missed_synapses,0.5,basic_structure,metric_total_synapses,50413544.4,493.8492077547558,5
FAFB,missed_synapses,0.5,basic_structure,metric_weight_mean,9.441360650861018,9.887087224240215e-05,5
FAFB,missed_synapses,0.5,basic_structure,metric_weight_variance,216.3925204843285,0.015996287653543675,5
FAFB,missed_synapses,0.5,basic_structure,metric_weight_std,14.71028620349399,0.0005437120923693925,5
FAFB,missed_synapses,0.5,basic_structure,metric_weight_max,2627.2,2.7129319932501077,5
FAFB,missed_synapses,0.5,basic_structure,metric_density,0.00027535576159198004,3.7098111885703545e-09,5
FAFB,missed_synapses,0.5,degree_distribution,metric_total_degree_mean,76.68878244946322,0.001033212092622138,5
FAFB,missed_synapses,0.5,degree_distribution,metric_in_degree_mean,38.3443912247316,0.000516606046313637,5
FAFB,missed_synapses,0.5,degree_distribution,metric_out_degree_mean,38.3443912247316,0.000516606046313637,5
FAFB,missed_synapses,0.5,degree_distribution,metric_total_degree_std,199.68348517764247,0.005722443548590513,5
FAFB,missed_synapses,0.5,degree_distribution,metric_in_degree_max,14773.4,3.8781438859330635,5
FAFB,missed_synapses,0.5,degree_distribution,metric_out_degree_max,13989.8,2.481934729198171,5
FAFB,missed_synapses,0.5,assortativity,metric_degree_assortativity,-0.03585481135350634,3.146282556438335e-06,5
FAFB,missed_synapses,0.5,connected_components,metric_wcc_count,875.0,0.0,5
FAFB,missed_synapses,0.5,connected_components,metric_wcc_max_size,136997.0,0.0,5
FAFB,missed_synapses,0.5,connected_components,metric_scc_count,11120.0,0.0,5
FAFB,missed_synapses,0.5,connected_components,metric_scc_max_size,127536.0,0.0,5
FAFB,missed_synapses,0.5,reciprocity,metric_reciprocity,0.1647033600502819,8.542301526524405e-06,5
FAFB,missed_synapses,0.75,basic_structure,metric_node_count,139255.0,0.0,5
FAFB,missed_synapses,0.75,basic_structure,metric_edge_count,5338229.2,62.31982028215421,5
FAFB,missed_synapses,0.75,basic_structure,metric_total_synapses,50286725.8,591.7044532534803,5
FAFB,missed_synapses,0.75,basic_structure,metric_weight_mean,9.42011365949811,0.00012610807764892493,5
FAFB,missed_synapses,0.75,basic_structure,metric_weight_variance,215.42274622626186,0.018579581836864055,5
FAFB,missed_synapses,0.75,basic_structure,metric_weight_std,14.677286732419526,0.0006329325154631605,5
FAFB,missed_synapses,0.75,basic_structure,metric_weight_max,2624.2,3.0594117081556713,5
FAFB,missed_synapses,0.75,basic_structure,metric_density,0.00027528258639182004,3.2137176148618383e-09,5
FAFB,missed_synapses,0.75,degree_distribution,metric_total_degree_mean,76.66840257082332,0.0008950460706224188,5
FAFB,missed_synapses,0.75,degree_distribution,metric_in_degree_mean,38.33420128541166,0.0004475230353129607,5
FAFB,missed_synapses,0.75,degree_distribution,metric_out_degree_mean,38.33420128541166,0.0004475230353129607,5
FAFB,missed_synapses,0.75,degree_distribution,metric_total_degree_std,199.60933691981126,0.007844626886911196,5
FAFB,missed_synapses,0.75,degree_distribution,metric_in_degree_max,14768.0,3.40587727318528,5
FAFB,missed_synapses,0.75,degree_distribution,metric_out_degree_max,13981.8,5.1536394906900505,5
FAFB,missed_synapses,0.75,assortativity,metric_degree_assortativity,-0.035859455669496484,4.216705836437984e-06,5
FAFB,missed_synapses,0.75,connected_components,metric_wcc_count,875.0,0.0,5
FAFB,missed_synapses,0.75,connected_components,metric_wcc_max_size,136997.0,0.0,5
FAFB,missed_synapses,0.75,connected_components,metric_scc_count,11120.0,0.0,5
FAFB,missed_synapses,0.75,connected_components,metric_scc_max_size,127536.0,0.0,5
FAFB,missed_synapses,0.75,reciprocity,metric_reciprocity,0.1646859974204216,7.693426055165073e-06,5
FAFB,missed_synapses,1.0,basic_structure,metric_node_count,139255.0,0.0,5
FAFB,missed_synapses,1.0,basic_structure,metric_edge_count,5336794.8,52.852246877498025,5
FAFB,missed_synapses,1.0,basic_structure,metric_total_synapses,50159910.6,533.9871159494394,5
FAFB,missed_synapses,1.0,basic_structure,metric_weight_mean,9.398883127601897,7.450768485016468e-05,5
FAFB,missed_synapses,1.0,basic_structure,metric_weight_variance,214.4499546508364,0.021225251452987152,5
FAFB,missed_synapses,1.0,basic_structure,metric_weight_std,14.644109878228694,0.0007247076947979831,5
FAFB,missed_synapses,1.0,basic_structure,metric_weight_max,2621.2,3.54400902933387,5
FAFB,missed_synapses,1.0,basic_structure,metric_density,0.00027520861704222,2.7254924442129946e-09,5
FAFB,missed_synapses,1.0,degree_distribution,metric_total_degree_mean,76.64780151520593,0.0007590714427137483,5
FAFB,missed_synapses,1.0,degree_distribution,metric_in_degree_mean,38.32390075760296,0.00037953572135687415,5
FAFB,missed_synapses,1.0,degree_distribution,metric_out_degree_mean,38.32390075760296,0.00037953572135687415,5
FAFB,missed_synapses,1.0,degree_distribution,metric_total_degree_std,199.53532220731114,0.010067408737704113,5
FAFB,missed_synapses,1.0,degree_distribution,metric_in_degree_max,14764.0,1.7888543819998317,5
FAFB,missed_synapses,1.0,degree_distribution,metric_out_degree_max,13976.8,4.621688003316537,5
FAFB,missed_synapses,1.0,assortativity,metric_degree_assortativity,-0.035862675038218245,3.034733408575878e-06,5
FAFB,missed_synapses,1.0,connected_components,metric_wcc_count,875.0,0.0,5
FAFB,missed_synapses,1.0,connected_components,metric_wcc_max_size,136997.0,0.0,5
FAFB,missed_synapses,1.0,connected_components,metric_scc_count,11120.0,0.0,5
FAFB,missed_synapses,1.0,connected_components,metric_scc_max_size,127536.0,0.0,5
FAFB,missed_synapses,1.0,reciprocity,metric_reciprocity,0.16466565291006974,1.1081469531230429e-05,5
FAFB,missed_synapses,2.0,basic_structure,metric_node_count,139255.0,0.0,5
FAFB,missed_synapses,2.0,basic_structure,metric_edge_count,5331071.2,93.78571319769338,5
FAFB,missed_synapses,2.0,basic_structure,metric_total_synapses,49653241.2,944.0502952703314,5
FAFB,missed_synapses,2.0,basic_structure,metric_weight_mean,9.313933232102574,0.00021859949252960668,5
FAFB,missed_synapses,2.0,basic_structure,metric_weight_variance,210.59083953195892,0.03227436970964386,5
FAFB,missed_synapses,2.0,basic_structure,metric_weight_std,14.511748285281822,0.0011120157498644557,5
FAFB,missed_synapses,2.0,basic_structure,metric_weight_max,2609.2,5.1536394906900505,5
FAFB,missed_synapses,2.0,basic_structure,metric_density,0.00027491346159788,4.836355425132727e-09,5
FAFB,missed_synapses,2.0,degree_distribution,metric_total_degree_mean,76.56559836271587,0.0013469636738028844,5
FAFB,missed_synapses,2.0,degree_distribution,metric_in_degree_mean,38.28279918135794,0.0006734818369014422,5
FAFB,missed_synapses,2.0,degree_distribution,metric_out_degree_mean,38.28279918135794,0.0006734818369014422,5
FAFB,missed_synapses,2.0,degree_distribution,metric_total_degree_std,199.25167090724753,0.010680200671975388,5
FAFB,missed_synapses,2.0,degree_distribution,metric_in_degree_max,14745.8,3.867815921162743,5
FAFB,missed_synapses,2.0,degree_distribution,metric_out_degree_max,13957.4,3.8781438859330635,5
FAFB,missed_synapses,2.0,assortativity,metric_degree_assortativity,-0.03587905059328754,5.4659013196486585e-06,5
FAFB,missed_synapses,2.0,connected_components,metric_wcc_count,875.0,0.0,5
FAFB,missed_synapses,2.0,connected_components,metric_wcc_max_size,136997.0,0.0,5
FAFB,missed_synapses,2.0,connected_components,metric_scc_count,11120.0,0.0,5
FAFB,missed_synapses,2.0,connected_components,metric_scc_max_size,127536.0,0.0,5
FAFB,missed_synapses,2.0,reciprocity,metric_reciprocity,0.1646021911057738,1.4171958565155023e-05,5
FAFB,missed_synapses,5.0,basic_structure,metric_node_count,139255.0,0.0,5
FAFB,missed_synapses,5.0,basic_structure,metric_edge_count,5313029.8,211.74456309430946,5
FAFB,missed_synapses,5.0,basic_structure,metric_total_synapses,48132799.4,652.4494156637738,5
FAFB,missed_synapses,5.0,basic_structure,metric_weight_mean,9.059388201176777,0.0004080191858769437,5
FAFB,missed_synapses,5.0,basic_structure,metric_weight_variance,199.21301527685387,0.04757727818019114,5
FAFB,missed_synapses,5.0,basic_structure,metric_weight_std,14.114283985947186,0.00168549360134709,5
FAFB,missed_synapses,5.0,basic_structure,metric_weight_max,2571.4,6.711184694225007,5
FAFB,missed_synapses,5.0,basic_structure,metric_density,0.00027398310003638,1.0919274676662518e-08,5
FAFB,missed_synapses,5.0,degree_distribution,metric_total_degree_mean,76.30648522494704,0.003041105354841881,5
FAFB,missed_synapses,5.0,degree_distribution,metric_in_degree_mean,38.15324261247352,0.001520552677422778,5
FAFB,missed_synapses,5.0,degree_distribution,metric_out_degree_mean,38.15324261247352,0.001520552677422778,5
FAFB,missed_synapses,5.0,degree_distribution,metric_total_degree_std,198.35651883294003,0.012347811324768735,5
FAFB,missed_synapses,5.0,degree_distribution,metric_in_degree_max,14684.2,4.874423042781576,5
FAFB,missed_synapses,5.0,degree_distribution,metric_out_degree_max,13906.4,5.238320341483519,5
FAFB,missed_synapses,5.0,assortativity,metric_degree_assortativity,-0.03592794951872796,7.230141976152508e-06,5
FAFB,missed_synapses,5.0,connected_components,metric_wcc_count,875.0,0.0,5
FAFB,missed_synapses,5.0,connected_components,metric_wcc_max_size,136997.0,0.0,5
FAFB,missed_synapses,5.0,connected_components,metric_scc_count,11120.0,0.0,5
FAFB,missed_synapses,5.0,connected_components,metric_scc_max_size,127536.0,0.0,5
FAFB,missed_synapses,5.0,reciprocity,metric_reciprocity,0.16437355570572168,2.3347684569568667e-05,5
FAFB,missed_synapses,10.0,basic_structure,metric_node_count,139255.0,0.0,5
FAFB,missed_synapses,10.0,basic_structure,metric_edge_count,5281224.4,353.7742783188173,5
FAFB,missed_synapses,10.0,basic_structure,metric_total_synapses,45598622.0,1761.2006132181536,5
FAFB,missed_synapses,10.0,basic_structure,metric_weight_mean,8.634100495315762,0.0006756759269223275,5
FAFB,missed_synapses,10.0,basic_structure,metric_weight_variance,180.99864721464203,0.04481917193332587,5
FAFB,missed_synapses,10.0,basic_structure,metric_weight_std,13.453573667992368,0.0016656963808519424,5
FAFB,missed_synapses,10.0,basic_structure,metric_weight_max,2519.4,2.5768197453450252,5
FAFB,missed_synapses,10.0,basic_structure,metric_density,0.000272342954504,1.8243483877153596e-08,5
FAFB,missed_synapses,10.0,degree_distribution,metric_total_degree_mean,75.84969157301353,0.005080956207231993,5
FAFB,missed_synapses,10.0,degree_distribution,metric_in_degree_mean,37.92484578650677,0.002540478103614754,5
FAFB,missed_synapses,10.0,degree_distribution,metric_out_degree_mean,37.92484578650677,0.002540478103614754,5
FAFB,missed_synapses,10.0,degree_distribution,metric_total_degree_std,196.78553549237876,0.03401337826115096,5
FAFB,missed_synapses,10.0,degree_distribution,metric_in_degree_max,14581.4,14.319217855735,5
FAFB,missed_synapses,10.0,degree_distribution,metric_out_degree_max,13812.8,9.867117106835208,5
FAFB,missed_synapses,10.0,assortativity,metric_degree_assortativity,-0.036035302085634095,1.5263966705077566e-05,5
FAFB,missed_synapses,10.0,connected_components,metric_wcc_count,875.0,0.0,5
FAFB,missed_synapses,10.0,connected_components,metric_wcc_max_size,136997.0,0.0,5
FAFB,missed_synapses,10.0,connected_components,metric_scc_count,11120.0,0.0,5
FAFB,missed_synapses,10.0,connected_components,metric_scc_max_size,127536.0,0.0,5
FAFB,missed_synapses,10.0,reciprocity,metric_reciprocity,0.16399954539714928,3.179543432270905e-05,5
FAFB,missed_synapses,15.0,basic_structure,metric_node_count,139255.0,0.0,5
FAFB,missed_synapses,15.0,basic_structure,metric_edge_count,5246570.0,238.2410543965922,5
FAFB,missed_synapses,15.0,basic_structure,metric_total_synapses,43065590.6,2662.345777693048,5
FAFB,missed_synapses,15.0,basic_structure,metric_weight_mean,8.20833241294874,0.0002835703703953187,5
FAFB,missed_synapses,15.0,basic_structure,metric_weight_variance,163.62499111223522,0.06301079378291514,5
FAFB,missed_synapses,15.0,basic_structure,metric_weight_std,12.791598220982404,0.002462761659343569,5
FAFB,missed_synapses,15.0,basic_structure,metric_weight_max,2453.2,14.74313399518569,5
FAFB,missed_synapses,15.0,basic_structure,metric_density,0.00027055589132172,1.2285649633862044e-08,5
FAFB,missed_synapses,15.0,degree_distribution,metric_total_degree_mean,75.35198018024487,0.0034216517094048933,5
FAFB,missed_synapses,15.0,degree_distribution,metric_in_degree_mean,37.67599009012243,0.0017108258547024466,5
FAFB,missed_synapses,15.0,degree_distribution,metric_out_degree_mean,37.67599009012243,0.0017108258547024466,5
FAFB,missed_synapses,15.0,degree_distribution,metric_total_degree_std,195.08656864068638,0.040676055443136405,5
FAFB,missed_synapses,15.0,degree_distribution,metric_in_degree_max,14459.4,17.130090484291088,5
FAFB,missed_synapses,15.0,degree_distribution,metric_out_degree_max,13702.0,17.854971296532515,5
FAFB,missed_synapses,15.0,assortativity,metric_degree_assortativity,-0.0361215740385785,1.9017059317071567e-05,5
FAFB,missed_synapses,15.0,connected_components,metric_wcc_count,875.0,0.0,5
FAFB,missed_synapses,15.0,connected_components,metric_wcc_max_size,136997.0,0.0,5
FAFB,missed_synapses,15.0,connected_components,metric_scc_count,11120.2,0.4,5
FAFB,missed_synapses,15.0,connected_components,metric_scc_max_size,127535.8,0.4,5
FAFB,missed_synapses,15.0,reciprocity,metric_reciprocity,0.1635841325796242,4.10061152236241e-05,5
FAFB,missed_synapses,20.0,basic_structure,metric_node_count,139255.0,0.0,5
FAFB,missed_synapses,20.0,basic_structure,metric_edge_count,5208892.6,145.4655973074046,5
FAFB,missed_synapses,20.0,basic_structure,metric_total_synapses,40530919.4,1912.8436005068477,5
FAFB,missed_synapses,20.0,basic_structure,metric_weight_mean,7.781100995863912,0.0002815906231195201,5
FAFB,missed_synapses,20.0,basic_structure,metric_weight_variance,147.18113587090164,0.019499148345394665,5
FAFB,missed_synapses,20.0,basic_structure,metric_weight_std,12.131823244059081,0.0008036227068392485,5
FAFB,missed_synapses,20.0,basic_structure,metric_weight_max,2396.8,4.66476151587624,5
FAFB,missed_synapses,20.0,basic_structure,metric_density,0.00026861293763206004,7.501391276440987e-09,5
FAFB,missed_synapses,20.0,degree_distribution,metric_total_degree_mean,74.81085203403828,0.002089197476678602,5
FAFB,missed_synapses,20.0,degree_distribution,metric_in_degree_mean,37.40542601701914,0.001044598738339301,5
FAFB,missed_synapses,20.0,degree_distribution,metric_out_degree_mean,37.40542601701914,0.001044598738339301,5
FAFB,missed_synapses,20.0,degree_distribution,metric_total_degree_std,193.28288153603177,0.0462480659190953,5
FAFB,missed_synapses,20.0,degree_distribution,metric_in_degree_max,14348.4,12.563439019631527,5
FAFB,missed_synapses,20.0,degree_distribution,metric_out_degree_max,13583.8,20.252407264322926,5
FAFB,missed_synapses,20.0,assortativity,metric_degree_assortativity,-0.03624785998215724,1.4308356239821189e-05,5
FAFB,missed_synapses,20.0,connected_components,metric_wcc_count,875.2,0.4000000000000001,5
FAFB,missed_synapses,20.0,connected_components,metric_wcc_max_size,136996.8,0.4,5
FAFB,missed_synapses,20.0,connected_components,metric_scc_count,11120.8,0.7483314773547882,5
FAFB,missed_synapses,20.0,connected_components,metric_scc_max_size,127535.2,0.7483314773547882,5
FAFB,missed_synapses,20.0,reciprocity,metric_reciprocity,0.16320743486020386,6.5919151589826e-05,5
FAFB,split_errors,0.0,basic_structure,metric_node_count,139255.0,0.0,5
FAFB,split_errors,0.0,basic_structure,metric_edge_count,5342446.0,0.0,5
FAFB,split_errors,0.0,basic_structure,metric_total_synapses,50666648.0,0.0,5
FAFB,split_errors,0.0,basic_structure,metric_weight_mean,9.48379225545752,0.0,5
FAFB,split_errors,0.0,basic_structure,metric_weight_variance,218.34257980101398,2.842170943040401e-14,5
FAFB,split_errors,0.0,basic_structure,metric_weight_std,14.776419722010266,0.0,5
FAFB,split_errors,0.0,basic_structure,metric_weight_max,2633.0,0.0,5
FAFB,split_errors,0.0,basic_structure,metric_density,0.0002755000389527,0.0,5
FAFB,split_errors,0.0,degree_distribution,metric_total_degree_mean,76.72896484865893,0.0,5
FAFB,split_errors,0.0,degree_distribution,metric_in_degree_mean,38.364482424329466,0.0,5
FAFB,split_errors,0.0,degree_distribution,metric_out_degree_mean,38.364482424329466,0.0,5
FAFB,split_errors,0.0,degree_distribution,metric_total_degree_std,199.8282025654068,0.0,5
FAFB,split_errors,0.0,degree_distribution,metric_in_degree_max,14786.0,0.0,5
FAFB,split_errors,0.0,degree_distribution,metric_out_degree_max,14000.0,0.0,5
FAFB,split_errors,0.0,assortativity,metric_degree_assortativity,-0.0358426018002618,0.0,5
FAFB,split_errors,0.0,connected_components,metric_wcc_count,875.0,0.0,5
FAFB,split_errors,0.0,connected_components,metric_wcc_max_size,136997.0,0.0,5
FAFB,split_errors,0.0,connected_components,metric_scc_count,11120.0,0.0,5
FAFB,split_errors,0.0,connected_components,metric_scc_max_size,127536.0,0.0,5
FAFB,split_errors,0.0,reciprocity,metric_reciprocity,0.1647380244929008,0.0,5
FAFB,split_errors,0.5,basic_structure,metric_node_count,139868.8,0.4,5
FAFB,split_errors,0.5,basic_structure,metric_edge_count,5342446.0,0.0,5
FAFB,split_errors,0.5,basic_structure,metric_total_synapses,50666648.0,0.0,5
FAFB,split_errors,0.5,basic_structure,metric_weight_mean,9.48379225545752,0.0,5
FAFB,split_errors,0.5,basic_structure,metric_weight_variance,218.34257980101398,2.842170943040401e-14,5
FAFB,split_errors,0.5,basic_structure,metric_weight_std,14.776419722010266,0.0,5
FAFB,split_errors,0.5,basic_structure,metric_weight_max,2633.0,0.0,5
FAFB,split_errors,0.5,basic_structure,metric_density,0.00027308732815522,1.5619784400145235e-09,5
FAFB,split_errors,0.5,degree_distribution,metric_total_degree_mean,76.39224759265389,0.000218469237734098,5
FAFB,split_errors,0.5,degree_distribution,metric_in_degree_mean,38.196123796326944,0.00010923461886420682,5
FAFB,split_errors,0.5,degree_distribution,metric_out_degree_mean,38.196123796326944,0.00010923461886420682,5
FAFB,split_errors,0.5,degree_distribution,metric_total_degree_std,199.29341277023107,0.01974773728681029,5
FAFB,split_errors,0.5,degree_distribution,metric_in_degree_max,14786.0,0.0,5
FAFB,split_errors,0.5,degree_distribution,metric_out_degree_max,14000.0,0.0,5
FAFB,split_errors,0.5,assortativity,metric_degree_assortativity,-0.0357874027067751,2.7268109008829348e-05,5
FAFB,split_errors,0.5,connected_components,metric_wcc_count,875.0,0.0,5
FAFB,split_errors,0.5,connected_components,metric_wcc_max_size,137610.8,0.4,5
FAFB,split_errors,0.5,connected_components,metric_scc_count,11160.0,9.549869109050658,5
FAFB,split_errors,0.5,connected_components,metric_scc_max_size,128109.0,9.09945053286186,5
FAFB,split_errors,0.5,reciprocity,metric_reciprocity,0.1647380244929008,0.0,5
FAFB,split_errors,1.0,basic_structure,metric_node_count,140471.0,4.560701700396552,5
FAFB,split_errors,1.0,basic_structure,metric_edge_count,5342446.0,0.0,5
FAFB,split_errors,1.0,basic_structure,metric_total_synapses,50666648.0,0.0,5
FAFB,split_errors,1.0,basic_structure,metric_weight_mean,9.48379225545752,0.0,5
FAFB,split_errors,1.0,basic_structure,metric_weight_variance,218.34257980101398,2.842170943040401e-14,5
FAFB,split_errors,1.0,basic_structure,metric_weight_std,14.776419722010266,0.0,5
FAFB,split_errors,1.0,basic_structure,metric_weight_max,2633.0,0.0,5
FAFB,split_errors,1.0,basic_structure,metric_density,0.00027075088566798003,1.7580931126187747e-08,5
FAFB,split_errors,1.0,degree_distribution,metric_total_degree_mean,76.06475365921135,0.0024695932228594713,5
FAFB,split_errors,1.0,degree_distribution,metric_in_degree_mean,38.032376829605674,0.0012347966114297356,5
FAFB,split_errors,1.0,degree_distribution,metric_out_degree_mean,38.032376829605674,0.0012347966114297356,5
FAFB,split_errors,1.0,degree_distribution,metric_total_degree_std,198.78263591497966,0.04509316818309542,5
FAFB,split_errors,1.0,degree_distribution,metric_in_degree_max,14786.0,0.0,5
FAFB,split_errors,1.0,degree_distribution,metric_out_degree_max,14000.0,0.0,5
FAFB,split_errors,1.0,assortativity,metric_degree_assortativity,-0.035742009735996554,4.757073067887096e-05,5
FAFB,split_errors,1.0,connected_components,metric_wcc_count,875.0,0.0,5
FAFB,split_errors,1.0,connected_components,metric_wcc_max_size,138212.8,4.48998886412873,5
FAFB,split_errors,1.0,connected_components,metric_scc_count,11197.0,6.752777206453653,5
FAFB,split_errors,1.0,connected_components,metric_scc_max_size,128674.2,5.035871324805669,5
FAFB,split_errors,1.0,reciprocity,metric_reciprocity,0.1647380244929008,0.0,5
FAFB,split_errors,2.0,basic_structure,metric_node_count,141680.8,5.635601121442148,5
FAFB,split_errors,2.0,basic_structure,metric_edge_count,5342446.0,0.0,5
FAFB,split_errors,2.0,basic_structure,metric_total_synapses,50666648.0,0.0,5
FAFB,split_errors,2.0,basic_structure,metric_weight_mean,9.48379225545752,0.0,5
FAFB,split_errors,2.0,basic_structure,metric_weight_variance,218.34257980101398,2.842170943040401e-14,5
FAFB,split_errors,2.0,basic_structure,metric_weight_std,14.776419722010266,0.0,5
FAFB,split_errors,2.0,basic_structure,metric_weight_max,2633.0,0.0,5
FAFB,split_errors,2.0,basic_structure,metric_density,0.00026614677475976,2.1173481881563706e-08,5
FAFB,split_errors,2.0,degree_distribution,metric_total_degree_mean,75.41524339858181,0.002999820369307309,5
FAFB,split_errors,2.0,degree_distribution,metric_in_degree_mean,37.707621699290904,0.0014999101846536545,5
FAFB,split_errors,2.0,degree_distribution,metric_out_degree_mean,37.707621699290904,0.0014999101846536545,5
FAFB,split_errors,2.0,degree_distribution,metric_total_degree_std,195.90072986927927,2.98320143653122,5
FAFB,split_errors,2.0,degree_distribution,metric_in_degree_max,14754.6,62.800000000000004,5
FAFB,split_errors,2.0,degree_distribution,metric_out_degree_max,13947.4,105.19999999999999,5
FAFB,split_errors,2.0,assortativity,metric_degree_assortativity,-0.0362844274896226,0.0017110384693192484,5
FAFB,split_errors,2.0,connected_components,metric_wcc_count,875.0,0.0,5
FAFB,split_errors,2.0,connected_components,metric_wcc_max_size,139422.6,5.953150426454887,5
FAFB,split_errors,2.0,connected_components,metric_scc_count,11297.8,8.182909018191515,5
FAFB,split_errors,2.0,connected_components,metric_scc_max_size,129783.0,11.331372379372237,5
FAFB,split_errors,2.0,reciprocity,metric_reciprocity,0.1647380244929008,0.0,5
FAFB,split_errors,3.0,basic_structure,metric_node_count,142888.2,5.706137047074842,5
FAFB,split_errors,3.0,basic_structure,metric_edge_count,5342446.0,0.0,5
FAFB,split_errors,3.0,basic_structure,metric_total_synapses,50666648.0,0.0,5
FAFB,split_errors,3.0,basic_structure,metric_weight_mean,9.48379225545752,0.0,5
FAFB,split_errors,3.0,basic_structure,metric_weight_variance,218.34257980101398,2.842170943040401e-14,5
FAFB,split_errors,3.0,basic_structure,metric_weight_std,14.776419722010266,0.0,5
FAFB,split_errors,3.0,basic_structure,metric_weight_max,2633.0,0.0,5
FAFB,split_errors,3.0,basic_structure,metric_density,0.00026166790175502003,2.089838375061837e-08,5
FAFB,split_errors,3.0,degree_distribution,metric_total_degree_mean,74.77798738481764,0.002986135687954782,5
FAFB,split_errors,3.0,degree_distribution,metric_in_degree_mean,37.38899369240882,0.0014930678439749503,5
FAFB,split_errors,3.0,degree_distribution,metric_out_degree_mean,37.38899369240882,0.0014930678439749503,5
FAFB,split_errors,3.0,degree_distribution,metric_total_degree_std,194.7742696278562,2.9013240064334087,5
FAFB,split_errors,3.0,degree_distribution,metric_in_degree_max,14754.6,62.800000000000004,5
FAFB,split_errors,3.0,degree_distribution,metric_out_degree_max,13947.4,105.19999999999999,5
FAFB,split_errors,3.0,assortativity,metric_degree_assortativity,-0.0360882036608723,0.0017398157951676878,5
FAFB,split_errors,3.0,connected_components,metric_wcc_count,875.0,0.0,5
FAFB,split_errors,3.0,connected_components,metric_wcc_max_size,140629.8,5.878775382679627,5
FAFB,split_errors,3.0,connected_components,metric_scc_count,11380.0,10.620734437881403,5
FAFB,split_errors,3.0,connected_components,metric_scc_max_size,130908.0,8.854377448471462,5
FAFB,split_errors,3.0,reciprocity,metric_reciprocity,0.1647380244929008,0.0,5
FAFB,split_errors,5.0,basic_structure,metric_node_count,145303.4,7.391887445030531,5
FAFB,split_errors,5.0,basic_structure,metric_edge_count,5342446.0,0.0,5
FAFB,split_errors,5.0,basic_structure,metric_total_synapses,50666648.0,0.0,5
FAFB,split_errors,5.0,basic_structure,metric_weight_mean,9.48379225545752,0.0,5
FAFB,split_errors,5.0,basic_structure,metric_weight_variance,218.34257980101398,2.842170943040401e-14,5
FAFB,split_errors,5.0,basic_structure,metric_weight_std,14.776419722010266,0.0,5
FAFB,split_errors,5.0,basic_structure,metric_weight_max,2633.0,0.0,5
FAFB,split_errors,5.0,basic_structure,metric_density,0.00025304139908960004,2.57468989319961e-08,5
FAFB,split_errors,5.0,degree_distribution,metric_total_degree_mean,73.53504479353629,0.0037410093156720354,5
FAFB,split_errors,5.0,degree_distribution,metric_in_degree_mean,36.76752239676814,0.0018705046578360177,5
FAFB,split_errors,5.0,degree_distribution,metric_out_degree_mean,36.76752239676814,0.0018705046578360177,5
FAFB,split_errors,5.0,degree_distribution,metric_total_degree_std,192.59872149086172,2.8487409487148785,5
FAFB,split_errors,5.0,degree_distribution,metric_in_degree_max,14754.6,62.800000000000004,5
FAFB,split_errors,5.0,degree_distribution,metric_out_degree_max,13947.4,105.19999999999999,5
FAFB,split_errors,5.0,assortativity,metric_degree_assortativity,-0.03577068783652056,0.0017464084692357194,5
FAFB,split_errors,5.0,connected_components,metric_wcc_count,875.0,0.0,5
FAFB,split_errors,5.0,connected_components,metric_wcc_max_size,143044.6,7.059745037889116,5
FAFB,split_errors,5.0,connected_components,metric_scc_count,11545.4,17.488281790959338,5
FAFB,split_errors,5.0,connected_components,metric_scc_max_size,133154.8,24.416387939250967,5
FAFB,split_errors,5.0,reciprocity,metric_reciprocity,0.1647380244929008,0.0,5
FAFB,split_errors,7.5,basic_structure,metric_node_count,148325.2,6.794115100585211,5
FAFB,split_errors,7.5,basic_structure,metric_edge_count,5342446.0,0.0,5
FAFB,split_errors,7.5,basic_structure,metric_total_synapses,50666648.0,0.0,5
FAFB,split_errors,7.5,basic_structure,metric_weight_mean,9.48379225545752,0.0,5
FAFB,split_errors,7.5,basic_structure,metric_weight_variance,218.34257980101398,2.842170943040401e-14,5
FAFB,split_errors,7.5,basic_structure,metric_weight_std,14.776419722010266,0.0,5
FAFB,split_errors,7.5,basic_structure,metric_weight_max,2633.0,0.0,5
FAFB,split_errors,7.5,basic_structure,metric_density,0.00024283606491314,2.2246417476676364e-08,5
FAFB,split_errors,7.5,degree_distribution,metric_total_degree_mean,72.03692981650042,0.0032996773262344683,5
FAFB,split_errors,7.5,degree_distribution,metric_in_degree_mean,36.01846490825021,0.0016498386631172341,5
FAFB,split_errors,7.5,degree_distribution,metric_out_degree_mean,36.01846490825021,0.0016498386631172341,5
FAFB,split_errors,7.5,degree_distribution,metric_total_degree_std,189.78370062914357,2.6528757746669274,5
FAFB,split_errors,7.5,degree_distribution,metric_in_degree_max,14754.6,62.800000000000004,5
FAFB,split_errors,7.5,degree_distribution,metric_out_degree_max,13947.4,105.19999999999999,5
FAFB,split_errors,7.5,assortativity,metric_degree_assortativity,-0.03534516415259238,0.0018482298221858733,5
FAFB,split_errors,7.5,connected_components,metric_wcc_count,875.0,0.0,5
FAFB,split_errors,7.5,connected_components,metric_wcc_max_size,146065.6,6.770524351924304,5
FAFB,split_errors,7.5,connected_components,metric_scc_count,11756.0,18.994736112934024,5
FAFB,split_errors,7.5,connected_components,metric_scc_max_size,135962.8,18.95679297771646,5
FAFB,split_errors,7.5,reciprocity,metric_reciprocity,0.1647380244929008,0.0,5
FAFB,split_errors,10.0,basic_structure,metric_node_count,151343.6,8.616263691415208,5
FAFB,split_errors,10.0,basic_structure,metric_edge_count,5342446.0,0.0,5
FAFB,split_errors,10.0,basic_structure,metric_total_synapses,50666648.0,0.0,5
FAFB,split_errors,10.0,basic_structure,metric_weight_mean,9.48379225545752,0.0,5
FAFB,split_errors,10.0,basic_structure,metric_weight_variance,218.34257980101398,2.842170943040401e-14,5
FAFB,split_errors,10.0,basic_structure,metric_weight_std,14.776419722010266,0.0,5
FAFB,split_errors,10.0,basic_structure,metric_weight_max,2633.0,0.0,5
FAFB,split_errors,10.0,basic_structure,metric_density,0.0002332463704324,2.6556530390365086e-08,5
FAFB,split_errors,10.0,degree_distribution,metric_total_degree_mean,70.60022382598672,0.004019213330406034,5
FAFB,split_errors,10.0,degree_distribution,metric_in_degree_mean,35.30011191299336,0.002009606665200477,5
FAFB,split_errors,10.0,degree_distribution,metric_out_degree_mean,35.30011191299336,0.002009606665200477,5
FAFB,split_errors,10.0,degree_distribution,metric_total_degree_std,185.4949420978998,4.198910610424408,5
FAFB,split_errors,10.0,degree_distribution,metric_in_degree_max,14754.6,62.800000000000004,5
FAFB,split_errors,10.0,degree_distribution,metric_out_degree_max,13947.4,105.19999999999999,5
FAFB,split_errors,10.0,assortativity,metric_degree_assortativity,-0.03551275525513982,0.0014818390795463487,5
FAFB,split_errors,10.0,connected_components,metric_wcc_count,875.0,0.0,5
FAFB,split_errors,10.0,connected_components,metric_wcc_max_size,149083.6,8.822698000045111,5
FAFB,split_errors,10.0,connected_components,metric_scc_count,11967.2,34.47549854606891,5
FAFB,split_errors,10.0,connected_components,metric_scc_max_size,138767.6,40.80490166634396,5
FAFB,split_errors,10.0,reciprocity,metric_reciprocity,0.1647380244929008,0.0,5
FAFB,split_errors,15.0,basic_structure,metric_node_count,157377.0,8.87693640846886,5
FAFB,split_errors,15.0,basic_structure,metric_edge_count,5342446.0,0.0,5
FAFB,split_errors,15.0,basic_structure,metric_total_synapses,50666648.0,0.0,5
FAFB,split_errors,15.0,basic_structure,metric_weight_mean,9.48379225545752,0.0,5
FAFB,split_errors,15.0,basic_structure,metric_weight_variance,218.34257980101398,2.842170943040401e-14,5
FAFB,split_errors,15.0,basic_structure,metric_weight_std,14.776419722010266,0.0,5
FAFB,split_errors,15.0,basic_structure,metric_weight_max,2633.0,0.0,5
FAFB,split_errors,15.0,basic_structure,metric_density,0.00021570508351988,2.433154749121805e-08,5
FAFB,split_errors,15.0,degree_distribution,metric_total_degree_mean,67.89360601607996,0.003829318372580538,5
FAFB,split_errors,15.0,degree_distribution,metric_in_degree_mean,33.94680300803998,0.001914659186290429,5
FAFB,split_errors,15.0,degree_distribution,metric_out_degree_mean,33.94680300803998,0.001914659186290429,5
FAFB,split_errors,15.0,degree_distribution,metric_total_degree_std,180.2186050837616,3.6056110408912163,5
FAFB,split_errors,15.0,degree_distribution,metric_in_degree_max,14754.6,62.800000000000004,5
FAFB,split_errors,15.0,degree_distribution,metric_out_degree_max,13947.4,105.19999999999999,5
FAFB,split_errors,15.0,assortativity,metric_degree_assortativity,-0.034765700673564895,0.0017098092239118115,5
FAFB,split_errors,15.0,connected_components,metric_wcc_count,875.0,0.0,5
FAFB,split_errors,15.0,connected_components,metric_wcc_max_size,155116.2,9.325234581499814,5
FAFB,split_errors,15.0,connected_components,metric_scc_count,12383.6,17.861690849412884,5
FAFB,split_errors,15.0,connected_components,metric_scc_max_size,144379.2,17.634057956125698,5
FAFB,split_errors,15.0,reciprocity,metric_reciprocity,0.1647380244929008,0.0,5
FAFB,split_errors,20.0,basic_structure,metric_node_count,163407.0,9.252026804976301,5
FAFB,split_errors,20.0,basic_structure,metric_edge_count,5342446.0,0.0,5
FAFB,split_errors,20.0,basic_structure,metric_total_synapses,50666648.0,0.0,5
FAFB,split_errors,20.0,basic_structure,metric_weight_mean,9.48379225545752,0.0,5
FAFB,split_errors,20.0,basic_structure,metric_weight_variance,218.34257980101398,2.842170943040401e-14,5
FAFB,split_errors,20.0,basic_structure,metric_weight_std,14.776419722010266,0.0,5
FAFB,split_errors,20.0,basic_structure,metric_weight_max,2633.0,0.0,5
FAFB,split_errors,20.0,basic_structure,metric_density,0.00020007899138352,2.2657506685673076e-08,5
FAFB,split_errors,20.0,degree_distribution,metric_total_degree_mean,65.38821491278834,0.0037023240294830877,5
FAFB,split_errors,20.0,degree_distribution,metric_in_degree_mean,32.69410745639417,0.0018511620147415439,5
FAFB,split_errors,20.0,degree_distribution,metric_out_degree_mean,32.69410745639417,0.0018511620147415439,5
FAFB,split_errors,20.0,degree_distribution,metric_total_degree_std,173.79013967199288,5.819626044018522,5
FAFB,split_errors,20.0,degree_distribution,metric_in_degree_max,13901.2,1769.6000000000001,5
FAFB,split_errors,20.0,degree_distribution,metric_out_degree_max,12677.2,2645.6,5
FAFB,split_errors,20.0,assortativity,metric_degree_assortativity,-0.03581246620649322,0.005332927241807232,5
FAFB,split_errors,20.0,connected_components,metric_wcc_count,875.0,0.0,5
FAFB,split_errors,20.0,connected_components,metric_wcc_max_size,161145.8,9.130169768410662,5
FAFB,split_errors,20.0,connected_components,metric_scc_count,12819.2,33.576182034293296,5
FAFB,split_errors,20.0,connected_components,metric_scc_max_size,149968.6,43.412440613262,5
FAFB,split_errors,20.0,reciprocity,metric_reciprocity,0.1647380244929008,0.0,5
FAFB,synapse_count_measurement,0.0,basic_structure,metric_node_count,139255.0,0.0,5
FAFB,synapse_count_measurement,0.0,basic_structure,metric_edge_count,5342446.0,0.0,5
FAFB,synapse_count_measurement,0.0,basic_structure,metric_total_synapses,50666648.0,0.0,5
FAFB,synapse_count_measurement,0.0,basic_structure,metric_weight_mean,9.48379225545752,0.0,5
FAFB,synapse_count_measurement,0.0,basic_structure,metric_weight_variance,218.34257980101398,2.842170943040401e-14,5
FAFB,synapse_count_measurement,0.0,basic_structure,metric_weight_std,14.776419722010266,0.0,5
FAFB,synapse_count_measurement,0.0,basic_structure,metric_weight_max,2633.0,0.0,5
FAFB,synapse_count_measurement,0.0,basic_structure,metric_density,0.0002755000389527,0.0,5
FAFB,synapse_count_measurement,0.0,degree_distribution,metric_total_degree_mean,76.72896484865893,0.0,5
FAFB,synapse_count_measurement,0.0,degree_distribution,metric_in_degree_mean,38.364482424329466,0.0,5
FAFB,synapse_count_measurement,0.0,degree_distribution,metric_out_degree_mean,38.364482424329466,0.0,5
FAFB,synapse_count_measurement,0.0,degree_distribution,metric_total_degree_std,199.8282025654068,0.0,5
FAFB,synapse_count_measurement,0.0,degree_distribution,metric_in_degree_max,14786.0,0.0,5
FAFB,synapse_count_measurement,0.0,degree_distribution,metric_out_degree_max,14000.0,0.0,5
FAFB,synapse_count_measurement,0.0,assortativity,metric_degree_assortativity,-0.0358426018002618,0.0,5
FAFB,synapse_count_measurement,0.0,connected_components,metric_wcc_count,875.0,0.0,5
FAFB,synapse_count_measurement,0.0,connected_components,metric_wcc_max_size,136997.0,0.0,5
FAFB,synapse_count_measurement,0.0,connected_components,metric_scc_count,11120.0,0.0,5
FAFB,synapse_count_measurement,0.0,connected_components,metric_scc_max_size,127536.0,0.0,5
FAFB,synapse_count_measurement,0.0,reciprocity,metric_reciprocity,0.1647380244929008,0.0,5
FAFB,synapse_count_measurement,0.5,basic_structure,metric_node_count,139255.0,0.0,5
FAFB,synapse_count_measurement,0.5,basic_structure,metric_edge_count,5342446.0,0.0,5
FAFB,synapse_count_measurement,0.5,basic_structure,metric_total_synapses,50666577.6,244.95681252008487,5
FAFB,synapse_count_measurement,0.5,basic_structure,metric_weight_mean,9.483779077972898,4.585106008060447e-05,5
FAFB,synapse_count_measurement,0.5,basic_structure,metric_weight_variance,218.3363434264751,0.03437313992766595,5
FAFB,synapse_count_measurement,0.5,basic_structure,metric_weight_std,14.776208650182117,0.001163081402616757,5
FAFB,synapse_count_measurement,0.5,basic_structure,metric_weight_max,2628.0,10.862780491200215,5
FAFB,synapse_count_measurement,0.5,basic_structure,metric_density,0.0002755000389527,0.0,5
FAFB,synapse_count_measurement,0.5,degree_distribution,metric_total_degree_mean,76.72896484865893,0.0,5
FAFB,synapse_count_measurement,0.5,degree_distribution,metric_in_degree_mean,38.364482424329466,0.0,5
FAFB,synapse_count_measurement,0.5,degree_distribution,metric_out_degree_mean,38.364482424329466,0.0,5
FAFB,synapse_count_measurement,0.5,degree_distribution,metric_total_degree_std,199.8282025654068,0.0,5
FAFB,synapse_count_measurement,0.5,degree_distribution,metric_in_degree_max,14786.0,0.0,5
FAFB,synapse_count_measurement,0.5,degree_distribution,metric_out_degree_max,14000.0,0.0,5
FAFB,synapse_count_measurement,0.5,assortativity,metric_degree_assortativity,-0.0358426018002618,0.0,5
FAFB,synapse_count_measurement,0.5,connected_components,metric_wcc_count,875.0,0.0,5
FAFB,synapse_count_measurement,0.5,connected_components,metric_wcc_max_size,136997.0,0.0,5
FAFB,synapse_count_measurement,0.5,connected_components,metric_scc_count,11120.0,0.0,5
FAFB,synapse_count_measurement,0.5,connected_components,metric_scc_max_size,127536.0,0.0,5
FAFB,synapse_count_measurement,0.5,reciprocity,metric_reciprocity,0.1647380244929008,0.0,5
FAFB,synapse_count_measurement,1.0,basic_structure,metric_node_count,139255.0,0.0,5
FAFB,synapse_count_measurement,1.0,basic_structure,metric_edge_count,5342446.0,0.0,5
FAFB,synapse_count_measurement,1.0,basic_structure,metric_total_synapses,50666621.6,554.8598381573494,5
FAFB,synapse_count_measurement,1.0,basic_structure,metric_weight_mean,9.483787313900786,0.00010385876397363637,5
FAFB,synapse_count_measurement,1.0,basic_structure,metric_weight_variance,218.3491649282148,0.06532347829253013,5
FAFB,synapse_count_measurement,1.0,basic_structure,metric_weight_std,14.77664238056723,0.0022102124959062696,5
FAFB,synapse_count_measurement,1.0,basic_structure,metric_weight_max,2628.2,17.948816116947658,5
FAFB,synapse_count_measurement,1.0,basic_structure,metric_density,0.0002755000389527,0.0,5
FAFB,synapse_count_measurement,1.0,degree_distribution,metric_total_degree_mean,76.72896484865893,0.0,5
FAFB,synapse_count_measurement,1.0,degree_distribution,metric_in_degree_mean,38.364482424329466,0.0,5
FAFB,synapse_count_measurement,1.0,degree_distribution,metric_out_degree_mean,38.364482424329466,0.0,5
FAFB,synapse_count_measurement,1.0,degree_distribution,metric_total_degree_std,199.8282025654068,0.0,5
FAFB,synapse_count_measurement,1.0,degree_distribution,metric_in_degree_max,14786.0,0.0,5
FAFB,synapse_count_measurement,1.0,degree_distribution,metric_out_degree_max,14000.0,0.0,5
FAFB,synapse_count_measurement,1.0,assortativity,metric_degree_assortativity,-0.0358426018002618,0.0,5
FAFB,synapse_count_measurement,1.0,connected_components,metric_wcc_count,875.0,0.0,5
FAFB,synapse_count_measurement,1.0,connected_components,metric_wcc_max_size,136997.0,0.0,5
FAFB,synapse_count_measurement,1.0,connected_components,metric_scc_count,11120.0,0.0,5
FAFB,synapse_count_measurement,1.0,connected_components,metric_scc_max_size,127536.0,0.0,5
FAFB,synapse_count_measurement,1.0,reciprocity,metric_reciprocity,0.1647380244929008,0.0,5
FAFB,synapse_count_measurement,2.0,basic_structure,metric_node_count,139255.0,0.0,5
FAFB,synapse_count_measurement,2.0,basic_structure,metric_edge_count,5342446.0,0.0,5
FAFB,synapse_count_measurement,2.0,basic_structure,metric_total_synapses,50666774.6,1010.6327918685403,5
FAFB,synapse_count_measurement,2.0,basic_structure,metric_weight_mean,9.483815952468214,0.00018917042715512841,5
FAFB,synapse_count_measurement,2.0,basic_structure,metric_weight_variance,218.4288192332177,0.1267067198377928,5
FAFB,synapse_count_measurement,2.0,basic_structure,metric_weight_std,14.779336956134362,0.004286053988543071,5
FAFB,synapse_count_measurement,2.0,basic_structure,metric_weight_max,2635.8,34.902148930975585,5
FAFB,synapse_count_measurement,2.0,basic_structure,metric_density,0.0002755000389527,0.0,5
FAFB,synapse_count_measurement,2.0,degree_distribution,metric_total_degree_mean,76.72896484865893,0.0,5
FAFB,synapse_count_measurement,2.0,degree_distribution,metric_in_degree_mean,38.364482424329466,0.0,5
FAFB,synapse_count_measurement,2.0,degree_distribution,metric_out_degree_mean,38.364482424329466,0.0,5
FAFB,synapse_count_measurement,2.0,degree_distribution,metric_total_degree_std,199.8282025654068,0.0,5
FAFB,synapse_count_measurement,2.0,degree_distribution,metric_in_degree_max,14786.0,0.0,5
FAFB,synapse_count_measurement,2.0,degree_distribution,metric_out_degree_max,14000.0,0.0,5
FAFB,synapse_count_measurement,2.0,assortativity,metric_degree_assortativity,-0.0358426018002618,0.0,5
FAFB,synapse_count_measurement,2.0,connected_components,metric_wcc_count,875.0,0.0,5
FAFB,synapse_count_measurement,2.0,connected_components,metric_wcc_max_size,136997.0,0.0,5
FAFB,synapse_count_measurement,2.0,connected_components,metric_scc_count,11120.0,0.0,5
FAFB,synapse_count_measurement,2.0,connected_components,metric_scc_max_size,127536.0,0.0,5
FAFB,synapse_count_measurement,2.0,reciprocity,metric_reciprocity,0.1647380244929008,0.0,5
FAFB,synapse_count_measurement,3.0,basic_structure,metric_node_count,139255.0,0.0,5
FAFB,synapse_count_measurement,3.0,basic_structure,metric_edge_count,5342446.0,0.0,5
FAFB,synapse_count_measurement,3.0,basic_structure,metric_total_synapses,50666752.0,2007.9538839325967,5
FAFB,synapse_count_measurement,3.0,basic_structure,metric_weight_mean,9.483811722196164,0.00037584916795292586,5
FAFB,synapse_count_measurement,3.0,basic_structure,metric_weight_variance,218.56399542496197,0.19166542507549397,5
FAFB,synapse_count_measurement,3.0,basic_structure,metric_weight_std,14.783908597616891,0.006480915935284825,5
FAFB,synapse_count_measurement,3.0,basic_structure,metric_weight_max,2648.2,49.5233278364853,5
FAFB,synapse_count_measurement,3.0,basic_structure,metric_density,0.0002755000389527,0.0,5
FAFB,synapse_count_measurement,3.0,degree_distribution,metric_total_degree_mean,76.72896484865893,0.0,5
FAFB,synapse_count_measurement,3.0,degree_distribution,metric_in_degree_mean,38.364482424329466,0.0,5
FAFB,synapse_count_measurement,3.0,degree_distribution,metric_out_degree_mean,38.364482424329466,0.0,5
FAFB,synapse_count_measurement,3.0,degree_distribution,metric_total_degree_std,199.8282025654068,0.0,5
FAFB,synapse_count_measurement,3.0,degree_distribution,metric_in_degree_max,14786.0,0.0,5
FAFB,synapse_count_measurement,3.0,degree_distribution,metric_out_degree_max,14000.0,0.0,5
FAFB,synapse_count_measurement,3.0,assortativity,metric_degree_assortativity,-0.0358426018002618,0.0,5
FAFB,synapse_count_measurement,3.0,connected_components,metric_wcc_count,875.0,0.0,5
FAFB,synapse_count_measurement,3.0,connected_components,metric_wcc_max_size,136997.0,0.0,5
FAFB,synapse_count_measurement,3.0,connected_components,metric_scc_count,11120.0,0.0,5
FAFB,synapse_count_measurement,3.0,connected_components,metric_scc_max_size,127536.0,0.0,5
FAFB,synapse_count_measurement,3.0,reciprocity,metric_reciprocity,0.1647380244929008,0.0,5
FAFB,synapse_count_measurement,5.0,basic_structure,metric_node_count,139255.0,0.0,5
FAFB,synapse_count_measurement,5.0,basic_structure,metric_edge_count,5342446.0,0.0,5
FAFB,synapse_count_measurement,5.0,basic_structure,metric_total_synapses,50666873.0,2819.357870154124,5
FAFB,synapse_count_measurement,5.0,basic_structure,metric_weight_mean,9.483834370997855,0.0005277279115507564,5
FAFB,synapse_count_measurement,5.0,basic_structure,metric_weight_variance,219.0362277286028,0.3169491714273483,5
FAFB,synapse_count_measurement,5.0,basic_structure,metric_weight_std,14.7998686868813,0.010704189515483057,5
FAFB,synapse_count_measurement,5.0,basic_structure,metric_weight_max,2674.8,77.78534566356313,5
FAFB,synapse_count_measurement,5.0,basic_structure,metric_density,0.0002755000389527,0.0,5
FAFB,synapse_count_measurement,5.0,degree_distribution,metric_total_degree_mean,76.72896484865893,0.0,5
FAFB,synapse_count_measurement,5.0,degree_distribution,metric_in_degree_mean,38.364482424329466,0.0,5
FAFB,synapse_count_measurement,5.0,degree_distribution,metric_out_degree_mean,38.364482424329466,0.0,5
FAFB,synapse_count_measurement,5.0,degree_distribution,metric_total_degree_std,199.8282025654068,0.0,5
FAFB,synapse_count_measurement,5.0,degree_distribution,metric_in_degree_max,14786.0,0.0,5
FAFB,synapse_count_measurement,5.0,degree_distribution,metric_out_degree_max,14000.0,0.0,5
FAFB,synapse_count_measurement,5.0,assortativity,metric_degree_assortativity,-0.0358426018002618,0.0,5
FAFB,synapse_count_measurement,5.0,connected_components,metric_wcc_count,875.0,0.0,5
FAFB,synapse_count_measurement,5.0,connected_components,metric_wcc_max_size,136997.0,0.0,5
FAFB,synapse_count_measurement,5.0,connected_components,metric_scc_count,11120.0,0.0,5
FAFB,synapse_count_measurement,5.0,connected_components,metric_scc_max_size,127536.0,0.0,5
FAFB,synapse_count_measurement,5.0,reciprocity,metric_reciprocity,0.1647380244929008,0.0,5
FAFB,synapse_count_measurement,7.5,basic_structure,metric_node_count,139255.0,0.0,5
FAFB,synapse_count_measurement,7.5,basic_structure,metric_edge_count,5342446.0,0.0,5
FAFB,synapse_count_measurement,7.5,basic_structure,metric_total_synapses,50667518.6,4138.070980541537,5
FAFB,synapse_count_measurement,7.5,basic_structure,metric_weight_mean,9.483955214521588,0.0007745648679543753,5
FAFB,synapse_count_measurement,7.5,basic_structure,metric_weight_variance,219.96324136200087,0.4704834152300967,5
FAFB,synapse_count_measurement,7.5,basic_structure,metric_weight_std,14.8311493160849,0.01585326449837601,5
FAFB,synapse_count_measurement,7.5,basic_structure,metric_weight_max,2710.0,111.76224765098453,5
FAFB,synapse_count_measurement,7.5,basic_structure,metric_density,0.0002755000389527,0.0,5
FAFB,synapse_count_measurement,7.5,degree_distribution,metric_total_degree_mean,76.72896484865893,0.0,5
FAFB,synapse_count_measurement,7.5,degree_distribution,metric_in_degree_mean,38.364482424329466,0.0,5
FAFB,synapse_count_measurement,7.5,degree_distribution,metric_out_degree_mean,38.364482424329466,0.0,5
FAFB,synapse_count_measurement,7.5,degree_distribution,metric_total_degree_std,199.8282025654068,0.0,5
FAFB,synapse_count_measurement,7.5,degree_distribution,metric_in_degree_max,14786.0,0.0,5
FAFB,synapse_count_measurement,7.5,degree_distribution,metric_out_degree_max,14000.0,0.0,5
FAFB,synapse_count_measurement,7.5,assortativity,metric_degree_assortativity,-0.0358426018002618,0.0,5
FAFB,synapse_count_measurement,7.5,connected_components,metric_wcc_count,875.0,0.0,5
FAFB,synapse_count_measurement,7.5,connected_components,metric_wcc_max_size,136997.0,0.0,5
FAFB,synapse_count_measurement,7.5,connected_components,metric_scc_count,11120.0,0.0,5
FAFB,synapse_count_measurement,7.5,connected_components,metric_scc_max_size,127536.0,0.0,5
FAFB,synapse_count_measurement,7.5,reciprocity,metric_reciprocity,0.1647380244929008,0.0,5
FAFB,synapse_count_measurement,10.0,basic_structure,metric_node_count,139255.0,0.0,5
FAFB,synapse_count_measurement,10.0,basic_structure,metric_edge_count,5342446.0,0.0,5
FAFB,synapse_count_measurement,10.0,basic_structure,metric_total_synapses,50667779.0,5972.341483873808,5
FAFB,synapse_count_measurement,10.0,basic_structure,metric_weight_mean,9.484003956240269,0.0011179039495905069,5
FAFB,synapse_count_measurement,10.0,basic_structure,metric_weight_variance,221.26865743398966,0.6245313496368426,5
FAFB,synapse_count_measurement,10.0,basic_structure,metric_weight_std,14.875087137394562,0.020978296129876176,5
FAFB,synapse_count_measurement,10.0,basic_structure,metric_weight_max,2745.4,146.07477537206756,5
FAFB,synapse_count_measurement,10.0,basic_structure,metric_density,0.0002755000389527,0.0,5
FAFB,synapse_count_measurement,10.0,degree_distribution,metric_total_degree_mean,76.72896484865893,0.0,5
FAFB,synapse_count_measurement,10.0,degree_distribution,metric_in_degree_mean,38.364482424329466,0.0,5
FAFB,synapse_count_measurement,10.0,degree_distribution,metric_out_degree_mean,38.364482424329466,0.0,5
FAFB,synapse_count_measurement,10.0,degree_distribution,metric_total_degree_std,199.8282025654068,0.0,5
FAFB,synapse_count_measurement,10.0,degree_distribution,metric_in_degree_max,14786.0,0.0,5
FAFB,synapse_count_measurement,10.0,degree_distribution,metric_out_degree_max,14000.0,0.0,5
FAFB,synapse_count_measurement,10.0,assortativity,metric_degree_assortativity,-0.0358426018002618,0.0,5
FAFB,synapse_count_measurement,10.0,connected_components,metric_wcc_count,875.0,0.0,5
FAFB,synapse_count_measurement,10.0,connected_components,metric_wcc_max_size,136997.0,0.0,5
FAFB,synapse_count_measurement,10.0,connected_components,metric_scc_count,11120.0,0.0,5
FAFB,synapse_count_measurement,10.0,connected_components,metric_scc_max_size,127536.0,0.0,5
FAFB,synapse_count_measurement,10.0,reciprocity,metric_reciprocity,0.1647380244929008,0.0,5
FAFB,synapse_count_measurement,15.0,basic_structure,metric_node_count,139255.0,0.0,5
FAFB,synapse_count_measurement,15.0,basic_structure,metric_edge_count,5342446.0,0.0,5
FAFB,synapse_count_measurement,15.0,basic_structure,metric_total_synapses,50668476.8,8391.952130464042,5
FAFB,synapse_count_measurement,15.0,basic_structure,metric_weight_mean,9.48413457056936,0.0015708071041738484,5
FAFB,synapse_count_measurement,15.0,basic_structure,metric_weight_variance,225.00211348151956,0.9309877134388301,5
FAFB,synapse_count_measurement,15.0,basic_structure,metric_weight_std,15.0000384133838,0.03100126658665591,5
FAFB,synapse_count_measurement,15.0,basic_structure,metric_weight_max,2816.2,215.12173297925992,5
FAFB,synapse_count_measurement,15.0,basic_structure,metric_density,0.0002755000389527,0.0,5
FAFB,synapse_count_measurement,15.0,degree_distribution,metric_total_degree_mean,76.72896484865893,0.0,5
FAFB,synapse_count_measurement,15.0,degree_distribution,metric_in_degree_mean,38.364482424329466,0.0,5
FAFB,synapse_count_measurement,15.0,degree_distribution,metric_out_degree_mean,38.364482424329466,0.0,5
FAFB,synapse_count_measurement,15.0,degree_distribution,metric_total_degree_std,199.8282025654068,0.0,5
FAFB,synapse_count_measurement,15.0,degree_distribution,metric_in_degree_max,14786.0,0.0,5
FAFB,synapse_count_measurement,15.0,degree_distribution,metric_out_degree_max,14000.0,0.0,5
FAFB,synapse_count_measurement,15.0,assortativity,metric_degree_assortativity,-0.0358426018002618,0.0,5
FAFB,synapse_count_measurement,15.0,connected_components,metric_wcc_count,875.0,0.0,5
FAFB,synapse_count_measurement,15.0,connected_components,metric_wcc_max_size,136997.0,0.0,5
FAFB,synapse_count_measurement,15.0,connected_components,metric_scc_count,11120.0,0.0,5
FAFB,synapse_count_measurement,15.0,connected_components,metric_scc_max_size,127536.0,0.0,5
FAFB,synapse_count_measurement,15.0,reciprocity,metric_reciprocity,0.1647380244929008,0.0,5
FAFB,synapse_count_measurement,20.0,basic_structure,metric_node_count,139255.0,0.0,5
FAFB,synapse_count_measurement,20.0,basic_structure,metric_edge_count,5342446.0,0.0,5
FAFB,synapse_count_measurement,20.0,basic_structure,metric_total_synapses,50672290.0,11366.10307889208,5
FAFB,synapse_count_measurement,20.0,basic_structure,metric_weight_mean,9.484848326028938,0.002127509211864308,5
FAFB,synapse_count_measurement,20.0,basic_structure,metric_weight_variance,230.25358190535908,1.2290070550571603,5
FAFB,synapse_count_measurement,20.0,basic_structure,metric_weight_std,15.17405503789982,0.04044270201448263,5
FAFB,synapse_count_measurement,20.0,basic_structure,metric_weight_max,2897.0,271.9654389807646,5
FAFB,synapse_count_measurement,20.0,basic_structure,metric_density,0.0002755000389527,0.0,5
FAFB,synapse_count_measurement,20.0,degree_distribution,metric_total_degree_mean,76.72896484865893,0.0,5
FAFB,synapse_count_measurement,20.0,degree_distribution,metric_in_degree_mean,38.364482424329466,0.0,5
FAFB,synapse_count_measurement,20.0,degree_distribution,metric_out_degree_mean,38.364482424329466,0.0,5
FAFB,synapse_count_measurement,20.0,degree_distribution,metric_total_degree_std,199.8282025654068,0.0,5
FAFB,synapse_count_measurement,20.0,degree_distribution,metric_in_degree_max,14786.0,0.0,5
FAFB,synapse_count_measurement,20.0,degree_distribution,metric_out_degree_max,14000.0,0.0,5
FAFB,synapse_count_measurement,20.0,assortativity,metric_degree_assortativity,-0.0358426018002618,0.0,5
FAFB,synapse_count_measurement,20.0,connected_components,metric_wcc_count,875.0,0.0,5
FAFB,synapse_count_measurement,20.0,connected_components,metric_wcc_max_size,136997.0,0.0,5
FAFB,synapse_count_measurement,20.0,connected_components,metric_scc_count,11120.0,0.0,5
FAFB,synapse_count_measurement,20.0,connected_components,metric_scc_max_size,127536.0,0.0,5
FAFB,synapse_count_measurement,20.0,reciprocity,metric_reciprocity,0.1647380244929008,0.0,5
MANC,merge_errors,0.0,basic_structure,metric_node_count,23665.0,0.0,1
MANC,merge_errors,0.0,basic_structure,metric_edge_count,6239883.0,0.0,1
MANC,merge_errors,0.0,basic_structure,metric_total_synapses,30934610.0,0.0,1
MANC,merge_errors,0.0,basic_structure,metric_weight_mean,4.957562505579031,0.0,1
MANC,merge_errors,0.0,basic_structure,metric_weight_variance,156.95645821232384,0.0,1
MANC,merge_errors,0.0,basic_structure,metric_weight_std,12.528226459173055,0.0,1
MANC,merge_errors,0.0,basic_structure,metric_weight_max,1001.0,0.0,1
MANC,merge_errors,0.0,basic_structure,metric_density,0.0111424778935521,0.0,1
MANC,merge_errors,0.0,degree_distribution,metric_total_degree_mean,527.3511937460385,0.0,1
MANC,merge_errors,0.0,degree_distribution,metric_in_degree_mean,263.67559687301923,0.0,1
MANC,merge_errors,0.0,degree_distribution,metric_out_degree_mean,263.67559687301923,0.0,1
MANC,merge_errors,0.0,degree_distribution,metric_total_degree_std,547.819079564865,0.0,1
MANC,merge_errors,0.0,degree_distribution,metric_in_degree_max,3625.0,0.0,1
MANC,merge_errors,0.0,degree_distribution,metric_out_degree_max,6552.0,0.0,1
MANC,merge_errors,0.0,assortativity,metric_degree_assortativity,0.0369423897310833,0.0,1
MANC,merge_errors,0.0,connected_components,metric_wcc_count,25.0,0.0,1
MANC,merge_errors,0.0,connected_components,metric_wcc_max_size,23641.0,0.0,1
MANC,merge_errors,0.0,connected_components,metric_scc_count,95.0,0.0,1
MANC,merge_errors,0.0,connected_components,metric_scc_max_size,23569.0,0.0,1
MANC,merge_errors,0.0,reciprocity,metric_reciprocity,0.2852700894141373,0.0,1
MANC,merge_errors,0.5,basic_structure,metric_node_count,23606.0,0.0,1
MANC,merge_errors,0.5,basic_structure,metric_edge_count,6230160.0,0.0,1
MANC,merge_errors,0.5,basic_structure,metric_total_synapses,30934196.0,0.0,1
MANC,merge_errors,0.5,basic_structure,metric_weight_mean,4.9652329956213,0.0,1
MANC,merge_errors,0.5,basic_structure,metric_weight_variance,157.43497587987844,0.0,1
MANC,merge_errors,0.5,basic_structure,metric_weight_std,12.547309507614708,0.0,1
MANC,merge_errors,0.5,basic_structure,metric_weight_max,1001.0,0.0,1
MANC,merge_errors,0.5,basic_structure,metric_density,0.0111807977762736,0.0,1
MANC,merge_errors,0.5,degree_distribution,metric_total_degree_mean,527.8454630178768,0.0,1
MANC,merge_errors,0.5,degree_distribution,metric_in_degree_mean,263.9227315089384,0.0,1
MANC,merge_errors,0.5,degree_distribution,metric_out_degree_mean,263.9227315089384,0.0,1
MANC,merge_errors,0.5,degree_distribution,metric_total_degree_std,547.8490460306388,0.0,1
MANC,merge_errors,0.5,degree_distribution,metric_in_degree_max,3623.0,0.0,1
MANC,merge_errors,0.5,degree_distribution,metric_out_degree_max,6548.0,0.0,1
MANC,merge_errors,0.5,assortativity,metric_degree_assortativity,0.0370008899765895,0.0,1
MANC,merge_errors,0.5,connected_components,metric_wcc_count,25.0,0.0,1
MANC,merge_errors,0.5,connected_components,metric_wcc_max_size,23582.0,0.0,1
MANC,merge_errors,0.5,connected_components,metric_scc_count,95.0,0.0,1
MANC,merge_errors,0.5,connected_components,metric_scc_max_size,23510.0,0.0,1
MANC,merge_errors,0.5,reciprocity,metric_reciprocity,0.2856472381421989,0.0,1
MANC,merge_errors,1.0,basic_structure,metric_node_count,23547.0,0.0,1
MANC,merge_errors,1.0,basic_structure,metric_edge_count,6218124.0,0.0,1
MANC,merge_errors,1.0,basic_structure,metric_total_synapses,30933832.0,0.0,1
MANC,merge_errors,1.0,basic_structure,metric_weight_mean,4.974785321103278,0.0,1
MANC,merge_errors,1.0,basic_structure,metric_weight_variance,158.06701324079822,0.0,1
MANC,merge_errors,1.0,basic_structure,metric_weight_std,12.572470450981312,0.0,1
MANC,merge_errors,1.0,basic_structure,metric_weight_max,1001.0,0.0,1
MANC,merge_errors,1.0,basic_structure,metric_density,0.0112151905005327,0.0,1
MANC,merge_errors,1.0,degree_distribution,metric_total_degree_mean,528.1457510510893,0.0,1
MANC,merge_errors,1.0,degree_distribution,metric_in_degree_mean,264.07287552554465,0.0,1
MANC,merge_errors,1.0,degree_distribution,metric_out_degree_mean,264.07287552554465,0.0,1
MANC,merge_errors,1.0,degree_distribution,metric_total_degree_std,547.8813624638262,0.0,1
MANC,merge_errors,1.0,degree_distribution,metric_in_degree_max,3619.0,0.0,1
MANC,merge_errors,1.0,degree_distribution,metric_out_degree_max,6540.0,0.0,1
MANC,merge_errors,1.0,assortativity,metric_degree_assortativity,0.0370288639966753,0.0,1
MANC,merge_errors,1.0,connected_components,metric_wcc_count,25.0,0.0,1
MANC,merge_errors,1.0,connected_components,metric_wcc_max_size,23523.0,0.0,1
MANC,merge_errors,1.0,connected_components,metric_scc_count,95.0,0.0,1
MANC,merge_errors,1.0,connected_components,metric_scc_max_size,23451.0,0.0,1
MANC,merge_errors,1.0,reciprocity,metric_reciprocity,0.2860219598261972,0.0,1
MANC,merge_errors,2.0,basic_structure,metric_node_count,23430.0,0.0,1
MANC,merge_errors,2.0,basic_structure,metric_edge_count,6188054.0,0.0,1
MANC,merge_errors,2.0,basic_structure,metric_total_synapses,30932588.0,0.0,1
MANC,merge_errors,2.0,basic_structure,metric_weight_mean,4.99875857579782,0.0,1
MANC,merge_errors,2.0,basic_structure,metric_weight_variance,159.90415443423396,0.0,1
MANC,merge_errors,2.0,basic_structure,metric_weight_std,12.645321444480324,0.0,1
MANC,merge_errors,2.0,basic_structure,metric_weight_max,1001.0,0.0,1
MANC,merge_errors,2.0,basic_structure,metric_density,0.0112727027163752,0.0,1
MANC,merge_errors,2.0,degree_distribution,metric_total_degree_mean,528.2163038839095,0.0,1
MANC,merge_errors,2.0,degree_distribution,metric_in_degree_mean,264.1081519419548,0.0,1
MANC,merge_errors,2.0,degree_distribution,metric_out_degree_mean,264.1081519419548,0.0,1
MANC,merge_errors,2.0,degree_distribution,metric_total_degree_std,547.5610532465935,0.0,1
MANC,merge_errors,2.0,degree_distribution,metric_in_degree_max,3613.0,0.0,1
MANC,merge_errors,2.0,degree_distribution,metric_out_degree_max,6529.0,0.0,1
MANC,merge_errors,2.0,assortativity,metric_degree_assortativity,0.0365225630131679,0.0,1
MANC,merge_errors,2.0,connected_components,metric_wcc_count,25.0,0.0,1
MANC,merge_errors,2.0,connected_components,metric_wcc_max_size,23406.0,0.0,1
MANC,merge_errors,2.0,connected_components,metric_scc_count,95.0,0.0,1
MANC,merge_errors,2.0,connected_components,metric_scc_max_size,23334.0,0.0,1
MANC,merge_errors,2.0,reciprocity,metric_reciprocity,0.2869024817663573,0.0,1
MANC,merge_errors,3.0,basic_structure,metric_node_count,23312.0,0.0,1
MANC,merge_errors,3.0,basic_structure,metric_edge_count,6161185.0,0.0,1
MANC,merge_errors,3.0,basic_structure,metric_total_synapses,30931157.0,0.0,1
MANC,merge_errors,3.0,basic_structure,metric_weight_mean,5.0203259600223005,0.0,1
MANC,merge_errors,3.0,basic_structure,metric_weight_variance,161.64439024950144,0.0,1
MANC,merge_errors,3.0,basic_structure,metric_weight_std,12.713944716314504,0.0,1
MANC,merge_errors,3.0,basic_structure,metric_weight_max,1001.0,0.0,1
MANC,merge_errors,3.0,basic_structure,metric_density,0.0113376699627816,0.0,1
MANC,merge_errors,3.0,degree_distribution,metric_total_degree_mean,528.5848490048044,0.0,1
MANC,merge_errors,3.0,degree_distribution,metric_in_degree_mean,264.2924245024022,0.0,1
MANC,merge_errors,3.0,degree_distribution,metric_out_degree_mean,264.2924245024022,0.0,1
MANC,merge_errors,3.0,degree_distribution,metric_total_degree_std,547.5447124088141,0.0,1
MANC,merge_errors,3.0,degree_distribution,metric_in_degree_max,3594.0,0.0,1
MANC,merge_errors,3.0,degree_distribution,metric_out_degree_max,6510.0,0.0,1
MANC,merge_errors,3.0,assortativity,metric_degree_assortativity,0.035796898861997,0.0,1
MANC,merge_errors,3.0,connected_components,metric_wcc_count,25.0,0.0,1
MANC,merge_errors,3.0,connected_components,metric_wcc_max_size,23288.0,0.0,1
MANC,merge_errors,3.0,connected_components,metric_scc_count,95.0,0.0,1
MANC,merge_errors,3.0,connected_components,metric_scc_max_size,23216.0,0.0,1
MANC,merge_errors,3.0,reciprocity,metric_reciprocity,0.2877936772446281,0.0,1
MANC,merge_errors,5.0,basic_structure,metric_node_count,23077.0,0.0,1
MANC,merge_errors,5.0,basic_structure,metric_edge_count,6103075.0,0.0,1
MANC,merge_errors,5.0,basic_structure,metric_total_synapses,30929213.0,0.0,1
MANC,merge_errors,5.0,basic_structure,metric_weight_mean,5.067808113123303,0.0,1
MANC,merge_errors,5.0,basic_structure,metric_weight_variance,165.49421011966612,0.0,1
MANC,merge_errors,5.0,basic_structure,metric_weight_std,12.864455298210885,0.0,1
MANC,merge_errors,5.0,basic_structure,metric_weight_max,1001.0,0.0,1
MANC,merge_errors,5.0,basic_structure,metric_density,0.0114606388360631,0.0,1
MANC,merge_errors,5.0,degree_distribution,metric_total_degree_mean,528.9314035619881,0.0,1
MANC,merge_errors,5.0,degree_distribution,metric_in_degree_mean,264.46570178099404,0.0,1
MANC,merge_errors,5.0,degree_distribution,metric_out_degree_mean,264.46570178099404,0.0,1
MANC,merge_errors,5.0,degree_distribution,metric_total_degree_std,546.4293408127879,0.0,1
MANC,merge_errors,5.0,degree_distribution,metric_in_degree_max,3578.0,0.0,1
MANC,merge_errors,5.0,degree_distribution,metric_out_degree_max,6471.0,0.0,1
MANC,merge_errors,5.0,assortativity,metric_degree_assortativity,0.0344017940212611,0.0,1
MANC,merge_errors,5.0,connected_components,metric_wcc_count,25.0,0.0,1
MANC,merge_errors,5.0,connected_components,metric_wcc_max_size,23053.0,0.0,1
MANC,merge_errors,5.0,connected_components,metric_scc_count,95.0,0.0,1
MANC,merge_errors,5.0,connected_components,metric_scc_max_size,22981.0,0.0,1
MANC,merge_errors,5.0,reciprocity,metric_reciprocity,0.2895073861599374,0.0,1
MANC,merge_errors,7.5,basic_structure,metric_node_count,22783.0,0.0,1
MANC,merge_errors,7.5,basic_structure,metric_edge_count,6034338.0,0.0,1
MANC,merge_errors,7.5,basic_structure,metric_total_synapses,30926380.0,0.0,1
MANC,merge_errors,7.5,basic_structure,metric_weight_mean,5.125065914438336,0.0,1
MANC,merge_errors,7.5,basic_structure,metric_weight_variance,170.5353236767699,0.0,1
MANC,merge_errors,7.5,basic_structure,metric_weight_std,13.058917400641215,0.0,1
MANC,merge_errors,7.5,basic_structure,metric_weight_max,1001.0,0.0,1
MANC,merge_errors,7.5,basic_structure,metric_density,0.0116259078118383,0.0,1
MANC,merge_errors,7.5,degree_distribution,metric_total_degree_mean,529.7228635386033,0.0,1
MANC,merge_errors,7.5,degree_distribution,metric_in_degree_mean,264.86143176930165,0.0,1
MANC,merge_errors,7.5,degree_distribution,metric_out_degree_mean,264.86143176930165,0.0,1
MANC,merge_errors,7.5,degree_distribution,metric_total_degree_std,545.6385083796941,0.0,1
MANC,merge_errors,7.5,degree_distribution,metric_in_degree_max,3553.0,0.0,1
MANC,merge_errors,7.5,degree_distribution,metric_out_degree_max,6435.0,0.0,1
MANC,merge_errors,7.5,assortativity,metric_degree_assortativity,0.0341283728852534,0.0,1
MANC,merge_errors,7.5,connected_components,metric_wcc_count,25.0,0.0,1
MANC,merge_errors,7.5,connected_components,metric_wcc_max_size,22759.0,0.0,1
MANC,merge_errors,7.5,connected_components,metric_scc_count,95.0,0.0,1
MANC,merge_errors,7.5,connected_components,metric_scc_max_size,22687.0,0.0,1
MANC,merge_errors,7.5,reciprocity,metric_reciprocity,0.2912509667648332,0.0,1
MANC,merge_errors,10.0,basic_structure,metric_node_count,22489.0,0.0,1
MANC,merge_errors,10.0,basic_structure,metric_edge_count,5969387.0,0.0,1
MANC,merge_errors,10.0,basic_structure,metric_total_synapses,30923230.0,0.0,1
MANC,merge_errors,10.0,basic_structure,metric_weight_mean,5.180302433063898,0.0,1
MANC,merge_errors,10.0,basic_structure,metric_weight_variance,174.91787923832138,0.0,1
MANC,merge_errors,10.0,basic_structure,metric_weight_std,13.225652318064368,0.0,1
MANC,merge_errors,10.0,basic_structure,metric_weight_max,1001.0,0.0,1
MANC,merge_errors,10.0,basic_structure,metric_density,0.0118034443939144,0.0,1
MANC,merge_errors,10.0,degree_distribution,metric_total_degree_mean,530.8717150606964,0.0,1
MANC,merge_errors,10.0,degree_distribution,metric_in_degree_mean,265.4358575303482,0.0,1
MANC,merge_errors,10.0,degree_distribution,metric_out_degree_mean,265.4358575303482,0.0,1
MANC,merge_errors,10.0,degree_distribution,metric_total_degree_std,545.38944369021,0.0,1
MANC,merge_errors,10.0,degree_distribution,metric_in_degree_max,3538.0,0.0,1
MANC,merge_errors,10.0,degree_distribution,metric_out_degree_max,6384.0,0.0,1
MANC,merge_errors,10.0,assortativity,metric_degree_assortativity,0.034139114454551,0.0,1
MANC,merge_errors,10.0,connected_components,metric_wcc_count,25.0,0.0,1
MANC,merge_errors,10.0,connected_components,metric_wcc_max_size,22465.0,0.0,1
MANC,merge_errors,10.0,connected_components,metric_scc_count,95.0,0.0,1
MANC,merge_errors,10.0,connected_components,metric_scc_max_size,22393.0,0.0,1
MANC,merge_errors,10.0,reciprocity,metric_reciprocity,0.2931330881921817,0.0,1
MANC,merge_errors,15.0,basic_structure,metric_node_count,21902.0,0.0,1
MANC,merge_errors,15.0,basic_structure,metric_edge_count,5842233.0,0.0,1
MANC,merge_errors,15.0,basic_structure,metric_total_synapses,30915423.0,0.0,1
MANC,merge_errors,15.0,basic_structure,metric_weight_mean,5.291713459562465,0.0,1
MANC,merge_errors,15.0,basic_structure,metric_weight_variance,184.6893095504464,0.0,1
MANC,merge_errors,15.0,basic_structure,metric_weight_std,13.590044501415234,0.0,1
MANC,merge_errors,15.0,basic_structure,metric_weight_max,1001.0,0.0,1
MANC,merge_errors,15.0,basic_structure,metric_density,0.0121795475060356,0.0,1
MANC,merge_errors,15.0,degree_distribution,metric_total_degree_mean,533.4885398593735,0.0,1
MANC,merge_errors,15.0,degree_distribution,metric_in_degree_mean,266.7442699296868,0.0,1
MANC,merge_errors,15.0,degree_distribution,metric_out_degree_mean,266.7442699296868,0.0,1
MANC,merge_errors,15.0,degree_distribution,metric_total_degree_std,544.3766485331216,0.0,1
MANC,merge_errors,15.0,degree_distribution,metric_in_degree_max,3492.0,0.0,1
MANC,merge_errors,15.0,degree_distribution,metric_out_degree_max,6294.0,0.0,1
MANC,merge_errors,15.0,assortativity,metric_degree_assortativity,0.0332681747125335,0.0,1
MANC,merge_errors,15.0,connected_components,metric_wcc_count,25.0,0.0,1
MANC,merge_errors,15.0,connected_components,metric_wcc_max_size,21878.0,0.0,1
MANC,merge_errors,15.0,connected_components,metric_scc_count,95.0,0.0,1
MANC,merge_errors,15.0,connected_components,metric_scc_max_size,21806.0,0.0,1
MANC,merge_errors,15.0,reciprocity,metric_reciprocity,0.2965072392274278,0.0,1
MANC,merge_errors,20.0,basic_structure,metric_node_count,21314.0,0.0,1
MANC,merge_errors,20.0,basic_structure,metric_edge_count,5724132.0,0.0,1
MANC,merge_errors,20.0,basic_structure,metric_total_synapses,30905953.0,0.0,1
MANC,merge_errors,20.0,basic_structure,metric_weight_mean,5.399238347403589,0.0,1
MANC,merge_errors,20.0,basic_structure,metric_weight_variance,195.3475958275153,0.0,1
MANC,merge_errors,20.0,basic_structure,metric_weight_std,13.976680429469486,0.0,1
MANC,merge_errors,20.0,basic_structure,metric_weight_max,1001.0,0.0,1
MANC,merge_errors,20.0,basic_structure,metric_density,0.0126008573113892,0.0,1
MANC,merge_errors,20.0,degree_distribution,metric_total_degree_mean,537.1241437552782,0.0,1
MANC,merge_errors,20.0,degree_distribution,metric_in_degree_mean,268.5620718776391,0.0,1
MANC,merge_errors,20.0,degree_distribution,metric_out_degree_mean,268.5620718776391,0.0,1
MANC,merge_errors,20.0,degree_distribution,metric_total_degree_std,544.3939251848392,0.0,1
MANC,merge_errors,20.0,degree_distribution,metric_in_degree_max,3460.0,0.0,1
MANC,merge_errors,20.0,degree_distribution,metric_out_degree_max,6224.0,0.0,1
MANC,merge_errors,20.0,assortativity,metric_degree_assortativity,0.0332096119323968,0.0,1
MANC,merge_errors,20.0,connected_components,metric_wcc_count,25.0,0.0,1
MANC,merge_errors,20.0,connected_components,metric_wcc_max_size,21290.0,0.0,1
MANC,merge_errors,20.0,connected_components,metric_scc_count,95.0,0.0,1
MANC,merge_errors,20.0,connected_components,metric_scc_max_size,21218.0,0.0,1
MANC,merge_errors,20.0,reciprocity,metric_reciprocity,0.2996698694414614,0.0,1
MANC,missed_synapses,0.0,basic_structure,metric_node_count,23665.0,0.0,5
MANC,missed_synapses,0.0,basic_structure,metric_edge_count,6239883.0,0.0,5
MANC,missed_synapses,0.0,basic_structure,metric_total_synapses,30934610.0,0.0,5
MANC,missed_synapses,0.0,basic_structure,metric_weight_mean,4.957562505579031,0.0,5
MANC,missed_synapses,0.0,basic_structure,metric_weight_variance,156.95645821232384,0.0,5
MANC,missed_synapses,0.0,basic_structure,metric_weight_std,12.528226459173055,0.0,5
MANC,missed_synapses,0.0,basic_structure,metric_weight_max,1001.0,0.0,5
MANC,missed_synapses,0.0,basic_structure,metric_density,0.0111424778935521,0.0,5
MANC,missed_synapses,0.0,degree_distribution,metric_total_degree_mean,527.3511937460385,0.0,5
MANC,missed_synapses,0.0,degree_distribution,metric_in_degree_mean,263.67559687301923,0.0,5
MANC,missed_synapses,0.0,degree_distribution,metric_out_degree_mean,263.67559687301923,0.0,5
MANC,missed_synapses,0.0,degree_distribution,metric_total_degree_std,547.819079564865,0.0,5
MANC,missed_synapses,0.0,degree_distribution,metric_in_degree_max,3625.0,0.0,5
MANC,missed_synapses,0.0,degree_distribution,metric_out_degree_max,6552.0,0.0,5
MANC,missed_synapses,0.0,assortativity,metric_degree_assortativity,0.0369423897310833,0.0,5
MANC,missed_synapses,0.0,connected_components,metric_wcc_count,25.0,0.0,5
MANC,missed_synapses,0.0,connected_components,metric_wcc_max_size,23641.0,0.0,5
MANC,missed_synapses,0.0,connected_components,metric_scc_count,95.0,0.0,5
MANC,missed_synapses,0.0,connected_components,metric_scc_max_size,23569.0,0.0,5
MANC,missed_synapses,0.0,reciprocity,metric_reciprocity,0.2852700894141373,0.0,5
MANC,missed_synapses,0.25,basic_structure,metric_node_count,23665.0,0.0,5
MANC,missed_synapses,0.25,basic_structure,metric_edge_count,6232937.2,50.04557922534217,5
MANC,missed_synapses,0.25,basic_structure,metric_total_synapses,30857525.4,107.06558737521596,5
MANC,missed_synapses,0.25,basic_structure,metric_weight_mean,4.95071976701595,5.347532340977099e-05,5
MANC,missed_synapses,0.25,basic_structure,metric_weight_variance,156.39435195507082,0.003835331691362688,5
MANC,missed_synapses,0.25,basic_structure,metric_weight_std,12.50577274427922,0.00015334217178013143,5
MANC,missed_synapses,0.25,basic_structure,metric_weight_max,1000.2,0.4,5
MANC,missed_synapses,0.25,basic_structure,metric_density,0.0111300748688555,8.936573972417284e-08,5
MANC,missed_synapses,0.25,degree_distribution,metric_total_degree_mean,526.7641833931968,0.004229501730413857,5
MANC,missed_synapses,0.25,degree_distribution,metric_in_degree_mean,263.3820916965984,0.0021147508652069285,5
MANC,missed_synapses,0.25,degree_distribution,metric_out_degree_mean,263.3820916965984,0.0021147508652069285,5
MANC,missed_synapses,0.25,degree_distribution,metric_total_degree_std,547.2253738622479,0.01214883675310347,5
MANC,missed_synapses,0.25,degree_distribution,metric_in_degree_max,3622.4,2.870540018881465,5
MANC,missed_synapses,0.25,degree_distribution,metric_out_degree_max,6545.4,0.7999999999999999,5
MANC,missed_synapses,0.25,assortativity,metric_degree_assortativity,0.036893272287074765,1.4406841701531242e-05,5
MANC,missed_synapses,0.25,connected_components,metric_wcc_count,25.0,0.0,5
MANC,missed_synapses,0.25,connected_components,metric_wcc_max_size,23641.0,0.0,5
MANC,missed_synapses,0.25,connected_components,metric_scc_count,95.2,0.4,5
MANC,missed_synapses,0.25,connected_components,metric_scc_max_size,23568.8,0.4,5
MANC,missed_synapses,0.25,reciprocity,metric_reciprocity,0.2850455114753928,8.74552201926326e-06,5
MANC,missed_synapses,0.5,basic_structure,metric_node_count,23665.0,0.0,5
MANC,missed_synapses,0.5,basic_structure,metric_edge_count,6225993.4,92.78491256664523,5
MANC,missed_synapses,0.5,basic_structure,metric_total_synapses,30780101.8,163.81868025350465,5
MANC,missed_synapses,0.5,basic_structure,metric_weight_mean,4.943805723642997,7.240907190446466e-05,5
MANC,missed_synapses,0.5,basic_structure,metric_weight_variance,155.83196202964865,0.007107536563474967,5
MANC,missed_synapses,0.5,basic_structure,metric_weight_std,12.483267278585537,0.00028468273070202625,5
MANC,missed_synapses,0.5,basic_structure,metric_weight_max,999.4,1.019803902718557,5
MANC,missed_synapses,0.5,basic_structure,metric_density,0.01111767541553286,1.6568481125704842e-07,5
MANC,missed_synapses,0.5,degree_distribution,metric_total_degree_mean,526.1773420663427,0.007841530747203942,5
MANC,missed_synapses,0.5,degree_distribution,metric_in_degree_mean,263.08867103317135,0.003920765373601971,5
MANC,missed_synapses,0.5,degree_distribution,metric_out_degree_mean,263.08867103317135,0.003920765373601971,5
MANC,missed_synapses,0.5,degree_distribution,metric_total_degree_std,546.6246332134141,0.014603478237344533,5
MANC,missed_synapses,0.5,degree_distribution,metric_in_degree_max,3618.2,2.9933259094191533,5
MANC,missed_synapses,0.5,degree_distribution,metric_out_degree_max,6537.4,2.4166091947189146,5
MANC,missed_synapses,0.5,assortativity,metric_degree_assortativity,0.03685778246778572,2.5014252891133956e-05,5
MANC,missed_synapses,0.5,connected_components,metric_wcc_count,25.0,0.0,5
MANC,missed_synapses,0.5,connected_components,metric_wcc_max_size,23641.0,0.0,5
MANC,missed_synapses,0.5,connected_components,metric_scc_count,95.6,0.4898979485566356,5
MANC,missed_synapses,0.5,connected_components,metric_scc_max_size,23568.6,0.4898979485566356,5
MANC,missed_synapses,0.5,reciprocity,metric_reciprocity,0.2848224518901403,1.548468921650383e-05,5
MANC,missed_synapses,0.75,basic_structure,metric_node_count,23665.0,0.0,5
MANC,missed_synapses,0.75,basic_structure,metric_edge_count,6219022.4,113.6179563273341,5
MANC,missed_synapses,0.75,basic_structure,metric_total_synapses,30702788.2,307.121734821878,5
MANC,missed_synapses,0.75,basic_structure,metric_weight_mean,4.936915520637723,9.89421328800057e-05,5
MANC,missed_synapses,0.75,basic_structure,metric_weight_variance,155.26866828368762,0.011068390689252,5
MANC,missed_synapses,0.75,basic_structure,metric_weight_std,12.460684896362423,0.0004441317608574716,5
MANC,missed_synapses,0.75,basic_structure,metric_weight_max,998.4,1.019803902718557,5
MANC,missed_synapses,0.75,basic_structure,metric_density,0.0111052273915241,2.0288610646861065e-07,5
MANC,missed_synapses,0.75,degree_distribution,metric_total_degree_mean,525.5882019860553,0.009602193646935884,5
MANC,missed_synapses,0.75,degree_distribution,metric_in_degree_mean,262.79410099302766,0.004801096823456775,5
MANC,missed_synapses,0.75,degree_distribution,metric_out_degree_mean,262.79410099302766,0.004801096823456775,5
MANC,missed_synapses,0.75,degree_distribution,metric_total_degree_std,546.0319935085597,0.018077785528970543,5
MANC,missed_synapses,0.75,degree_distribution,metric_in_degree_max,3614.8,2.925747767665559,5
MANC,missed_synapses,0.75,degree_distribution,metric_out_degree_max,6530.8,3.8678159211627436,5
MANC,missed_synapses,0.75,assortativity,metric_degree_assortativity,0.03681082836087486,2.8168276908562166e-05,5
MANC,missed_synapses,0.75,connected_components,metric_wcc_count,25.0,0.0,5
MANC,missed_synapses,0.75,connected_components,metric_wcc_max_size,23641.0,0.0,5
MANC,missed_synapses,0.75,connected_components,metric_scc_count,95.8,0.7483314773547882,5
MANC,missed_synapses,0.75,connected_components,metric_scc_max_size,23568.4,0.7999999999999999,5
MANC,missed_synapses,0.75,reciprocity,metric_reciprocity,0.2845933304066056,1.9218456559026416e-05,5
MANC,missed_synapses,1.0,basic_structure,metric_node_count,23665.0,0.0,5
MANC,missed_synapses,1.0,basic_structure,metric_edge_count,6212041.0,50.82912550890483,5
MANC,missed_synapses,1.0,basic_structure,metric_total_synapses,30625592.0,292.3162670807083,5
MANC,missed_synapses,1.0,basic_structure,metric_weight_mean,4.930037004157114,5.211343287345327e-05,5
MANC,missed_synapses,1.0,basic_structure,metric_weight_variance,154.70918703777937,0.009169513831698296,5
MANC,missed_synapses,1.0,basic_structure,metric_weight_std,12.43821477953777,0.0003686021863674206,5
MANC,missed_synapses,1.0,basic_structure,metric_weight_max,997.6,1.3564659966250536,5
MANC,missed_synapses,1.0,basic_structure,metric_density,0.01109276079637062,9.076490812373573e-08,5
MANC,missed_synapses,1.0,degree_distribution,metric_total_degree_mean,524.9981829706318,0.004295721572684396,5
MANC,missed_synapses,1.0,degree_distribution,metric_in_degree_mean,262.4990914853159,0.002147860786342198,5
MANC,missed_synapses,1.0,degree_distribution,metric_out_degree_mean,262.4990914853159,0.002147860786342198,5
MANC,missed_synapses,1.0,degree_distribution,metric_total_degree_std,545.4359926480976,0.010986164633048386,5
MANC,missed_synapses,1.0,degree_distribution,metric_in_degree_max,3610.6,4.963869458396342,5
MANC,missed_synapses,1.0,degree_distribution,metric_out_degree_max,6523.2,5.192301994298868,5
MANC,missed_synapses,1.0,assortativity,metric_degree_assortativity,0.03678360779594962,3.0154629691774583e-05,5
MANC,missed_synapses,1.0,connected_components,metric_wcc_count,25.0,0.0,5
MANC,missed_synapses,1.0,connected_components,metric_wcc_max_size,23641.0,0.0,5
MANC,missed_synapses,1.0,connected_components,metric_scc_count,95.8,0.7483314773547882,5
MANC,missed_synapses,1.0,connected_components,metric_scc_max_size,23568.4,0.7999999999999999,5
MANC,missed_synapses,1.0,reciprocity,metric_reciprocity,0.2843724126672698,2.4172840368498732e-05,5
MANC,missed_synapses,2.0,basic_structure,metric_node_count,23665.0,0.0,5
MANC,missed_synapses,2.0,basic_structure,metric_edge_count,6184070.2,83.72430949252433,5
MANC,missed_synapses,2.0,basic_structure,metric_total_synapses,30316368.2,665.1776905459172,5
MANC,missed_synapses,2.0,basic_structure,metric_weight_mean,4.902332480703526,0.00011898648070722964,5
MANC,missed_synapses,2.0,basic_structure,metric_weight_variance,152.4664939339127,0.016928748247342886,5
MANC,missed_synapses,2.0,basic_structure,metric_weight_std,12.347732320714243,0.0006854936356541951,5
MANC,missed_synapses,2.0,basic_structure,metric_weight_max,993.4,1.9595917942265426,5
MANC,missed_synapses,2.0,basic_structure,metric_density,0.01104281370270478,1.495054102318788e-07,5
MANC,missed_synapses,2.0,degree_distribution,metric_total_degree_mean,522.6342869216141,0.007075792055135632,5
MANC,missed_synapses,2.0,degree_distribution,metric_in_degree_mean,261.3171434608072,0.00353789602758001,5
MANC,missed_synapses,2.0,degree_distribution,metric_out_degree_mean,261.3171434608072,0.00353789602758001,5
MANC,missed_synapses,2.0,degree_distribution,metric_total_degree_std,543.0277736164211,0.017732416028981332,5
MANC,missed_synapses,2.0,degree_distribution,metric_in_degree_max,3594.0,5.403702434442518,5
MANC,missed_synapses,2.0,degree_distribution,metric_out_degree_max,6491.0,4.1952353926806065,5
MANC,missed_synapses,2.0,assortativity,metric_degree_assortativity,0.036646213519831876,2.2478740915677668e-05,5
MANC,missed_synapses,2.0,connected_components,metric_wcc_count,25.2,0.39999999999999997,5
MANC,missed_synapses,2.0,connected_components,metric_wcc_max_size,23640.8,0.39999999999999997,5
MANC,missed_synapses,2.0,connected_components,metric_scc_count,96.0,1.0954451150103321,5
MANC,missed_synapses,2.0,connected_components,metric_scc_max_size,23568.2,1.1661903789690602,5
MANC,missed_synapses,2.0,reciprocity,metric_reciprocity,0.28346842663746946,2.9109053112040775e-05,5
MANC,missed_synapses,5.0,basic_structure,metric_node_count,23665.0,0.0,5
MANC,missed_synapses,5.0,basic_structure,metric_edge_count,6098362.4,92.11427685217964,5
MANC,missed_synapses,5.0,basic_structure,metric_total_synapses,29387823.0,1324.859539724872,5
MANC,missed_synapses,5.0,basic_structure,metric_weight_mean,4.818969595736447,0.00015848703134393547,5
MANC,missed_synapses,5.0,basic_structure,metric_weight_variance,145.82905278694201,0.022819057192331717,5
MANC,missed_synapses,5.0,basic_structure,metric_weight_std,12.075970018772555,0.0009448007133818074,5
MANC,missed_synapses,5.0,basic_structure,metric_weight_max,980.4,3.006659275674582,5
MANC,missed_synapses,5.0,basic_structure,metric_density,0.01088976639928498,1.644872657788687e-07,5
MANC,missed_synapses,5.0,degree_distribution,metric_total_degree_mean,515.3908641453623,0.007784853315169474,5
MANC,missed_synapses,5.0,degree_distribution,metric_in_degree_mean,257.69543207268117,0.0038924266575716053,5
MANC,missed_synapses,5.0,degree_distribution,metric_out_degree_mean,257.69543207268117,0.0038924266575716053,5
MANC,missed_synapses,5.0,degree_distribution,metric_total_degree_std,535.7073008938748,0.04950804116715977,5
MANC,missed_synapses,5.0,degree_distribution,metric_in_degree_max,3554.6,6.858571279792899,5
MANC,missed_synapses,5.0,degree_distribution,metric_out_degree_max,6400.6,9.645724441429994,5
MANC,missed_synapses,5.0,assortativity,metric_degree_assortativity,0.0362284427746906,4.799693802506121e-05,5
MANC,missed_synapses,5.0,connected_components,metric_wcc_count,25.8,0.9797958971132713,5
MANC,missed_synapses,5.0,connected_components,metric_wcc_max_size,23639.8,1.5999999999999999,5
MANC,missed_synapses,5.0,connected_components,metric_scc_count,97.8,1.3266499161421599,5
MANC,missed_synapses,5.0,connected_components,metric_scc_max_size,23566.6,0.7999999999999999,5
MANC,missed_synapses,5.0,reciprocity,metric_reciprocity,0.28066722866644234,6.340766630934377e-05,5
MANC,missed_synapses,10.0,basic_structure,metric_node_count,23665.0,0.0,5
MANC,missed_synapses,10.0,basic_structure,metric_edge_count,5950083.6,519.0863511979486,5
MANC,missed_synapses,10.0,basic_structure,metric_total_synapses,27840545.2,1564.1635975817876,5
MANC,missed_synapses,10.0,basic_structure,metric_weight_mean,4.6790175158939995,0.0004405798790467341,5
MANC,missed_synapses,10.0,basic_structure,metric_weight_variance,135.03935258564107,0.01815139339616031,5
MANC,missed_synapses,10.0,basic_structure,metric_weight_std,11.6206433546379,0.0007809936533677346,5
MANC,missed_synapses,10.0,basic_structure,metric_weight_max,955.8,5.230678732248808,5
MANC,missed_synapses,10.0,basic_structure,metric_density,0.010624986875200578,9.269257441384725e-07,5
MANC,missed_synapses,10.0,degree_distribution,metric_total_degree_mean,502.85937882949503,0.04386954161825619,5
MANC,missed_synapses,10.0,degree_distribution,metric_in_degree_mean,251.42968941474751,0.021934770809130474,5
MANC,missed_synapses,10.0,degree_distribution,metric_out_degree_mean,251.42968941474751,0.021934770809130474,5
MANC,missed_synapses,10.0,degree_distribution,metric_total_degree_std,523.0974676790695,0.038739102669222286,5
MANC,missed_synapses,10.0,degree_distribution,metric_in_degree_max,3481.0,15.543487382180357,5
MANC,missed_synapses,10.0,degree_distribution,metric_out_degree_max,6249.4,8.333066662399863,5
MANC,missed_synapses,10.0,assortativity,metric_degree_assortativity,0.03535126754465493,5.8340671823142237e-05,5
MANC,missed_synapses,10.0,connected_components,metric_wcc_count,25.6,1.2000000000000002,5
MANC,missed_synapses,10.0,connected_components,metric_wcc_max_size,23640.2,1.5999999999999999,5
MANC,missed_synapses,10.0,connected_components,metric_scc_count,103.2,2.1354156504062622,5
MANC,missed_synapses,10.0,connected_components,metric_scc_max_size,23561.8,2.315167380558045,5
MANC,missed_synapses,10.0,reciprocity,metric_reciprocity,0.2758875796573891,8.631364618292427e-05,5
MANC,missed_synapses,15.0,basic_structure,metric_node_count,23665.0,0.0,5
MANC,missed_synapses,15.0,basic_structure,metric_edge_count,5795413.2,458.7201325427084,5
MANC,missed_synapses,15.0,basic_structure,metric_total_synapses,26293198.4,1703.1827382873512,5
MANC,missed_synapses,15.0,basic_structure,metric_weight_mean,4.536898012057099,0.0005580971063480692,5
MANC,missed_synapses,15.0,basic_structure,metric_weight_variance,124.62506806935059,0.051839062772525354,5
MANC,missed_synapses,15.0,basic_structure,metric_weight_std,11.163559588205052,0.0023216256466817233,5
MANC,missed_synapses,15.0,basic_structure,metric_weight_max,937.4,6.437390775772433,5
MANC,missed_synapses,15.0,basic_structure,metric_density,0.01034879395414952,8.191305728386846e-07,5
MANC,missed_synapses,15.0,degree_distribution,metric_total_degree_mean,489.7877202619902,0.03876781175091973,5
MANC,missed_synapses,15.0,degree_distribution,metric_in_degree_mean,244.8938601309951,0.019383905875430103,5
MANC,missed_synapses,15.0,degree_distribution,metric_out_degree_mean,244.8938601309951,0.019383905875430103,5
MANC,missed_synapses,15.0,degree_distribution,metric_total_degree_std,510.0382479208759,0.024681591498578688,5
MANC,missed_synapses,15.0,degree_distribution,metric_in_degree_max,3408.4,10.61319932913728,5
MANC,missed_synapses,15.0,degree_distribution,metric_out_degree_max,6087.0,15.760710643876436,5
MANC,missed_synapses,15.0,assortativity,metric_degree_assortativity,0.03451214227111818,0.00013688302379149015,5
MANC,missed_synapses,15.0,connected_components,metric_wcc_count,26.0,0.6324555320336759,5
MANC,missed_synapses,15.0,connected_components,metric_wcc_max_size,23639.8,0.9797958971132713,5
MANC,missed_synapses,15.0,connected_components,metric_scc_count,102.6,1.3564659966250536,5
MANC,missed_synapses,15.0,connected_components,metric_scc_max_size,23562.0,1.4142135623730951,5
MANC,missed_synapses,15.0,reciprocity,metric_reciprocity,0.2708486541138412,8.78955587350415e-05,5
MANC,missed_synapses,20.0,basic_structure,metric_node_count,23665.0,0.0,5
MANC,missed_synapses,20.0,basic_structure,metric_edge_count,5632660.6,326.21256873394685,5
MANC,missed_synapses,20.0,basic_structure,metric_total_synapses,24747244.0,2009.6536019921443,5
MANC,missed_synapses,20.0,basic_structure,metric_weight_mean,4.3935265765467975,0.00035956259054630225,5
MANC,missed_synapses,20.0,basic_structure,metric_weight_variance,114.61081389346535,0.037500976887665,5
MANC,missed_synapses,20.0,basic_structure,metric_weight_std,10.705643877222114,0.001751445686791969,5
MANC,missed_synapses,20.0,basic_structure,metric_weight_max,903.0,6.54217089351845,5
MANC,missed_synapses,20.0,basic_structure,metric_density,0.01005816875370616,5.825135400621079e-07,5
MANC,missed_synapses,20.0,degree_distribution,metric_total_degree_mean,476.03301077540675,0.027569200822619884,5
MANC,missed_synapses,20.0,degree_distribution,metric_in_degree_mean,238.01650538770338,0.01378460041130255,5
MANC,missed_synapses,20.0,degree_distribution,metric_out_degree_mean,238.01650538770338,0.01378460041130255,5
MANC,missed_synapses,20.0,degree_distribution,metric_total_degree_std,496.3621305130333,0.07647144742903184,5
MANC,missed_synapses,20.0,degree_distribution,metric_in_degree_max,3329.8,13.044539087296261,5
MANC,missed_synapses,20.0,degree_distribution,metric_out_degree_max,5925.8,13.541048703848604,5
MANC,missed_synapses,20.0,assortativity,metric_degree_assortativity,0.03350158829706294,0.00010997371158558711,5
MANC,missed_synapses,20.0,connected_components,metric_wcc_count,27.0,0.6324555320336759,5
MANC,missed_synapses,20.0,connected_components,metric_wcc_max_size,23638.2,1.4696938456699067,5
MANC,missed_synapses,20.0,connected_components,metric_scc_count,108.6,2.416609194718914,5
MANC,missed_synapses,20.0,connected_components,metric_scc_max_size,23556.4,2.4166091947189146,5
MANC,missed_synapses,20.0,reciprocity,metric_reciprocity,0.26554245092739037,8.626330662477937e-05,5
MANC,split_errors,0.0,basic_structure,metric_node_count,23665.0,0.0,5
MANC,split_errors,0.0,basic_structure,metric_edge_count,6239883.0,0.0,5
MANC,split_errors,0.0,basic_structure,metric_total_synapses,30934610.0,0.0,5
MANC,split_errors,0.0,basic_structure,metric_weight_mean,4.957562505579031,0.0,5
MANC,split_errors,0.0,basic_structure,metric_weight_variance,156.95645821232384,0.0,5
MANC,split_errors,0.0,basic_structure,metric_weight_std,12.528226459173055,0.0,5
MANC,split_errors,0.0,basic_structure,metric_weight_max,1001.0,0.0,5
MANC,split_errors,0.0,basic_structure,metric_density,0.0111424778935521,0.0,5
MANC,split_errors,0.0,degree_distribution,metric_total_degree_mean,527.3511937460385,0.0,5
MANC,split_errors,0.0,degree_distribution,metric_in_degree_mean,263.67559687301923,0.0,5
MANC,split_errors,0.0,degree_distribution,metric_out_degree_mean,263.67559687301923,0.0,5
MANC,split_errors,0.0,degree_distribution,metric_total_degree_std,547.819079564865,0.0,5
MANC,split_errors,0.0,degree_distribution,metric_in_degree_max,3625.0,0.0,5
MANC,split_errors,0.0,degree_distribution,metric_out_degree_max,6552.0,0.0,5
MANC,split_errors,0.0,assortativity,metric_degree_assortativity,0.0369423897310833,0.0,5
MANC,split_errors,0.0,connected_components,metric_wcc_count,25.0,0.0,5
MANC,split_errors,0.0,connected_components,metric_wcc_max_size,23641.0,0.0,5
MANC,split_errors,0.0,connected_components,metric_scc_count,95.0,0.0,5
MANC,split_errors,0.0,connected_components,metric_scc_max_size,23569.0,0.0,5
MANC,split_errors,0.0,reciprocity,metric_reciprocity,0.2852700894141373,0.0,5
MANC,split_errors,0.5,basic_structure,metric_node_count,23783.0,0.0,5
MANC,split_errors,0.5,basic_structure,metric_edge_count,6239882.8,0.39999999999999997,5
MANC,split_errors,0.5,basic_structure,metric_total_synapses,30934609.8,0.39999999999999997,5
MANC,split_errors,0.5,basic_structure,metric_weight_mean,4.957562632426382,2.5369470151304087e-07,5
MANC,split_errors,0.5,basic_structure,metric_weight_variance,156.95646274106826,9.057488887265208e-06,5
MANC,split_errors,0.5,basic_structure,metric_weight_std,12.52822663991469,3.614832714049498e-07,5
MANC,split_errors,0.5,basic_structure,metric_weight_max,1001.0,0.0,5
MANC,split_errors,0.5,basic_structure,metric_density,0.011032182105511882,7.072044401479349e-10,5
MANC,split_errors,0.5,degree_distribution,metric_total_degree_mean,524.7347096665685,3.363747214280011e-05,5
MANC,split_errors,0.5,degree_distribution,metric_in_degree_mean,262.36735483328425,1.6818736071400053e-05,5
MANC,split_errors,0.5,degree_distribution,metric_out_degree_mean,262.36735483328425,1.6818736071400053e-05,5
MANC,split_errors,0.5,degree_distribution,metric_total_degree_std,546.4373807109175,0.4887867397218643,5
MANC,split_errors,0.5,degree_distribution,metric_in_degree_max,3625.0,0.0,5
MANC,split_errors,0.5,degree_distribution,metric_out_degree_max,6552.0,0.0,5
MANC,split_errors,0.5,assortativity,metric_degree_assortativity,0.0370951183397924,0.0002476415788500911,5
MANC,split_errors,0.5,connected_components,metric_wcc_count,25.0,0.0,5
MANC,split_errors,0.5,connected_components,metric_wcc_max_size,23759.0,0.0,5
MANC,split_errors,0.5,connected_components,metric_scc_count,96.2,0.9797958971132712,5
MANC,split_errors,0.5,connected_components,metric_scc_max_size,23685.8,0.9797958971132713,5
MANC,split_errors,0.5,reciprocity,metric_reciprocity,0.2852700894141373,0.0,5
MANC,split_errors,1.0,basic_structure,metric_node_count,23900.8,0.39999999999999997,5
MANC,split_errors,1.0,basic_structure,metric_edge_count,6239882.8,0.39999999999999997,5
MANC,split_errors,1.0,basic_structure,metric_total_synapses,30934609.0,2.0,5
MANC,split_errors,1.0,basic_structure,metric_weight_mean,4.95756250421883,2.7204038133277266e-09,5
MANC,split_errors,1.0,basic_structure,metric_weight_variance,156.95646324301694,1.0061386240067806e-05,5
MANC,split_errors,1.0,basic_structure,metric_weight_std,12.5282266599474,4.0154869012098966e-07,5
MANC,split_errors,1.0,basic_structure,metric_weight_max,1001.0,0.0,5
MANC,split_errors,1.0,basic_structure,metric_density,0.010923699096916381,3.658317109883313e-07,5
MANC,split_errors,1.0,degree_distribution,metric_total_degree_mean,522.1484470603021,0.008747241183046494,5
MANC,split_errors,1.0,degree_distribution,metric_in_degree_mean,261.0742235301511,0.004373620591523247,5
MANC,split_errors,1.0,degree_distribution,metric_out_degree_mean,261.0742235301511,0.004373620591523247,5
MANC,split_errors,1.0,degree_distribution,metric_total_degree_std,544.9929965498372,0.7509985069937422,5
MANC,split_errors,1.0,degree_distribution,metric_in_degree_max,3625.0,0.0,5
MANC,split_errors,1.0,degree_distribution,metric_out_degree_max,6552.0,0.0,5
MANC,split_errors,1.0,assortativity,metric_degree_assortativity,0.036541644927613526,0.00047455626685102825,5
MANC,split_errors,1.0,connected_components,metric_wcc_count,25.0,0.0,5
MANC,split_errors,1.0,connected_components,metric_wcc_max_size,23876.8,0.39999999999999997,5
MANC,split_errors,1.0,connected_components,metric_scc_count,96.4,1.4966629547095764,5
MANC,split_errors,1.0,connected_components,metric_scc_max_size,23803.4,1.3564659966250536,5
MANC,split_errors,1.0,reciprocity,metric_reciprocity,0.2852700894141373,0.0,5
MANC,split_errors,2.0,basic_structure,metric_node_count,24135.2,1.3266499161421599,5
MANC,split_errors,2.0,basic_structure,metric_edge_count,6239882.2,0.39999999999999997,5
MANC,split_errors,2.0,basic_structure,metric_total_synapses,30934604.4,9.707728879609277,5
MANC,split_errors,2.0,basic_structure,metric_weight_mean,4.957562243723118,1.4953798729163255e-06,5
MANC,split_errors,2.0,basic_structure,metric_weight_variance,156.95646395408488,2.413200780047247e-05,5
MANC,split_errors,2.0,basic_structure,metric_weight_std,12.528226688326004,9.631055295808787e-07,5
MANC,split_errors,2.0,basic_structure,metric_weight_max,1001.0,0.0,5
MANC,split_errors,2.0,basic_structure,metric_density,0.01071254317833982,1.1777941707276936e-06,5
MANC,split_errors,2.0,degree_distribution,metric_total_degree_mean,517.0773160243408,0.028425505331016877,5
MANC,split_errors,2.0,degree_distribution,metric_in_degree_mean,258.5386580121704,0.014212752665508439,5
MANC,split_errors,2.0,degree_distribution,metric_out_degree_mean,258.5386580121704,0.014212752665508439,5
MANC,split_errors,2.0,degree_distribution,metric_total_degree_std,541.7947539099241,1.1774965690997636,5
MANC,split_errors,2.0,degree_distribution,metric_in_degree_max,3582.0,86.0,5
MANC,split_errors,2.0,degree_distribution,metric_out_degree_max,6552.0,0.0,5
MANC,split_errors,2.0,assortativity,metric_degree_assortativity,0.03689976434725486,0.0005267664745067526,5
MANC,split_errors,2.0,connected_components,metric_wcc_count,25.0,0.0,5
MANC,split_errors,2.0,connected_components,metric_wcc_max_size,24111.2,1.3266499161421599,5
MANC,split_errors,2.0,connected_components,metric_scc_count,98.0,1.2649110640673518,5
MANC,split_errors,2.0,connected_components,metric_scc_max_size,24036.2,2.315167380558045,5
MANC,split_errors,2.0,reciprocity,metric_reciprocity,0.2852700894141373,0.0,5
MANC,split_errors,3.0,basic_structure,metric_node_count,24368.4,1.3564659966250536,5
MANC,split_errors,3.0,basic_structure,metric_edge_count,6239881.8,0.9797958971132712,5
MANC,split_errors,3.0,basic_structure,metric_total_synapses,30934603.6,9.457272334029511,5
MANC,split_errors,3.0,basic_structure,metric_weight_mean,4.957562433314146,1.6491580432392518e-06,5
MANC,split_errors,3.0,basic_structure,metric_weight_variance,156.95647345486364,3.5560885468687154e-05,5
MANC,split_errors,3.0,basic_structure,metric_weight_std,12.528227067500877,1.4192305605558182e-06,5
MANC,split_errors,3.0,basic_structure,metric_weight_max,1001.0,0.0,5
MANC,split_errors,3.0,basic_structure,metric_density,0.01050848623715284,1.1706526362589359e-06,5
MANC,split_errors,3.0,degree_distribution,metric_total_degree_mean,512.1289718945,0.02854038331958991,5
MANC,split_errors,3.0,degree_distribution,metric_in_degree_mean,256.06448594725,0.014270191659794955,5
MANC,split_errors,3.0,degree_distribution,metric_out_degree_mean,256.06448594725,0.014270191659794955,5
MANC,split_errors,3.0,degree_distribution,metric_total_degree_std,539.2789530246107,1.1072782328173307,5
MANC,split_errors,3.0,degree_distribution,metric_in_degree_max,3582.0,86.0,5
MANC,split_errors,3.0,degree_distribution,metric_out_degree_max,6552.0,0.0,5
MANC,split_errors,3.0,assortativity,metric_degree_assortativity,0.0364704176538355,0.0007885388766732305,5
MANC,split_errors,3.0,connected_components,metric_wcc_count,25.0,0.0,5
MANC,split_errors,3.0,connected_components,metric_wcc_max_size,24344.4,1.3564659966250536,5
MANC,split_errors,3.0,connected_components,metric_scc_count,100.0,0.8944271909999159,5
MANC,split_errors,3.0,connected_components,metric_scc_max_size,24267.4,1.0198039027185568,5
MANC,split_errors,3.0,reciprocity,metric_reciprocity,0.2852700894141373,0.0,5
MANC,split_errors,5.0,basic_structure,metric_node_count,24831.4,1.4966629547095764,5
MANC,split_errors,5.0,basic_structure,metric_edge_count,6239880.4,1.4966629547095764,5
MANC,split_errors,5.0,basic_structure,metric_total_synapses,30934593.6,15.47384890710776,5
MANC,split_errors,5.0,basic_structure,metric_weight_mean,4.957561943013958,1.638410640534676e-06,5
MANC,split_errors,5.0,basic_structure,metric_weight_variance,156.95650090441484,2.4641408898275065e-05,5
MANC,split_errors,5.0,basic_structure,metric_weight_std,12.52822816300908,9.834355362528346e-07,5
MANC,split_errors,5.0,basic_structure,metric_weight_max,1001.0,0.0,5
MANC,split_errors,5.0,basic_structure,metric_density,0.010120252510141939,1.2202923390590556e-06,5
MANC,split_errors,5.0,degree_distribution,metric_total_degree_mean,502.5798322029327,0.03031026491188709,5
MANC,split_errors,5.0,degree_distribution,metric_in_degree_mean,251.2899161014663,0.01515513245595117,5
MANC,split_errors,5.0,degree_distribution,metric_out_degree_mean,251.2899161014663,0.01515513245595117,5
MANC,split_errors,5.0,degree_distribution,metric_total_degree_std,533.1059225927784,1.524590240419471,5
MANC,split_errors,5.0,degree_distribution,metric_in_degree_max,3582.0,86.0,5
MANC,split_errors,5.0,degree_distribution,metric_out_degree_max,6496.0,112.0,5
MANC,split_errors,5.0,assortativity,metric_degree_assortativity,0.03619387431618678,0.0009703738626556144,5
MANC,split_errors,5.0,connected_components,metric_wcc_count,25.0,0.0,5
MANC,split_errors,5.0,connected_components,metric_wcc_max_size,24807.4,1.4966629547095764,5
MANC,split_errors,5.0,connected_components,metric_scc_count,102.8,1.16619037896906,5
MANC,split_errors,5.0,connected_components,metric_scc_max_size,24727.6,1.7435595774162693,5
MANC,split_errors,5.0,reciprocity,metric_reciprocity,0.2852700894141373,0.0,5
MANC,split_errors,7.5,basic_structure,metric_node_count,25405.2,4.069397989875161,5
MANC,split_errors,7.5,basic_structure,metric_edge_count,6239878.6,2.5768197453450252,5
MANC,split_errors,7.5,basic_structure,metric_total_synapses,30934585.0,24.182638400306942,5
MANC,split_errors,7.5,basic_structure,metric_weight_mean,4.957561994875624,2.681656613426179e-06,5
MANC,split_errors,7.5,basic_structure,metric_weight_variance,156.95653451924335,4.612840644994873e-05,5
MANC,split_errors,7.5,basic_structure,metric_weight_std,12.528229504572462,1.840978713600968e-06,5
MANC,split_errors,7.5,basic_structure,metric_weight_max,1001.0,0.0,5
MANC,split_errors,7.5,basic_structure,metric_density,0.00966825357574922,3.0972082868911515e-06,5
MANC,split_errors,7.5,degree_distribution,metric_total_degree_mean,491.2284697705744,0.07868889792162241,5
MANC,split_errors,7.5,degree_distribution,metric_in_degree_mean,245.61423488528717,0.03934444896077575,5
MANC,split_errors,7.5,degree_distribution,metric_out_degree_mean,245.61423488528717,0.03934444896077575,5
MANC,split_errors,7.5,degree_distribution,metric_total_degree_std,526.1312985703044,1.67069053247255,5
MANC,split_errors,7.5,degree_distribution,metric_in_degree_max,3582.0,86.0,5
MANC,split_errors,7.5,degree_distribution,metric_out_degree_max,6496.0,112.0,5
MANC,split_errors,7.5,assortativity,metric_degree_assortativity,0.03554781178831558,0.0013994384684417535,5
MANC,split_errors,7.5,connected_components,metric_wcc_count,25.0,0.0,5
MANC,split_errors,7.5,connected_components,metric_wcc_max_size,25381.2,4.069397989875161,5
MANC,split_errors,7.5,connected_components,metric_scc_count,105.0,2.1908902300206643,5
MANC,split_errors,7.5,connected_components,metric_scc_max_size,25299.2,4.791659420284375,5
MANC,split_errors,7.5,reciprocity,metric_reciprocity,0.2852700894141373,0.0,5
MANC,split_errors,10.0,basic_structure,metric_node_count,25966.8,5.192301994298868,5
MANC,split_errors,10.0,basic_structure,metric_edge_count,6239877.8,2.5612496949731396,5
MANC,split_errors,10.0,basic_structure,metric_total_synapses,30934584.6,23.525305524052182,5
MANC,split_errors,10.0,basic_structure,metric_weight_mean,4.957562566369063,2.417939933706448e-06,5
MANC,split_errors,10.0,basic_structure,metric_weight_variance,156.95656110138822,4.0612119800273234e-05,5
MANC,split_errors,10.0,basic_structure,metric_weight_std,12.52823056546237,1.6208242388604388e-06,5
MANC,split_errors,10.0,basic_structure,metric_weight_max,1001.0,0.0,5
MANC,split_errors,10.0,basic_structure,metric_density,0.00925456470365112,3.7011166757160944e-06,5
MANC,split_errors,10.0,degree_distribution,metric_total_degree_mean,480.60431392952876,0.096093495657407,5
MANC,split_errors,10.0,degree_distribution,metric_in_degree_mean,240.30215696476438,0.048046747828702434,5
MANC,split_errors,10.0,degree_distribution,metric_out_degree_mean,240.30215696476438,0.048046747828702434,5
MANC,split_errors,10.0,degree_distribution,metric_total_degree_std,519.5051456894811,1.5377915635041584,5
MANC,split_errors,10.0,degree_distribution,metric_in_degree_max,3582.0,86.0,5
MANC,split_errors,10.0,degree_distribution,metric_out_degree_max,6496.0,112.0,5
MANC,split_errors,10.0,assortativity,metric_degree_assortativity,0.03525680143032406,0.001553452325094923,5
MANC,split_errors,10.0,connected_components,metric_wcc_count,25.0,0.0,5
MANC,split_errors,10.0,connected_components,metric_wcc_max_size,25942.8,5.192301994298868,5
MANC,split_errors,10.0,connected_components,metric_scc_count,110.0,2.6076809620810595,5
MANC,split_errors,10.0,connected_components,metric_scc_max_size,25855.8,4.534313619501853,5
MANC,split_errors,10.0,reciprocity,metric_reciprocity,0.2852700894141373,0.0,5
MANC,split_errors,15.0,basic_structure,metric_node_count,27073.8,7.249827584156744,5
MANC,split_errors,15.0,basic_structure,metric_edge_count,6239876.0,2.6832815729997477,5
MANC,split_errors,15.0,basic_structure,metric_total_synapses,30934573.8,20.380382724571195,5
MANC,split_errors,15.0,basic_structure,metric_weight_mean,4.957562265660262,2.161018591312509e-06,5
MANC,split_errors,15.0,basic_structure,metric_weight_variance,156.95659535941235,4.652451562479963e-05,5
MANC,split_errors,15.0,basic_structure,metric_weight_std,12.528231932695409,1.856786922974159e-06,5
MANC,split_errors,15.0,basic_structure,metric_weight_max,1001.0,0.0,5
MANC,split_errors,15.0,basic_structure,metric_density,0.008513216176174721,4.560909181917081e-06,5
MANC,split_errors,15.0,degree_distribution,metric_total_degree_mean,460.9531316570995,0.1235696335835661,5
MANC,split_errors,15.0,degree_distribution,metric_in_degree_mean,230.47656582854975,0.06178481679178305,5
MANC,split_errors,15.0,degree_distribution,metric_out_degree_mean,230.47656582854975,0.06178481679178305,5
MANC,split_errors,15.0,degree_distribution,metric_total_degree_std,505.6537882288603,1.6465631253537387,5
MANC,split_errors,15.0,degree_distribution,metric_in_degree_max,3578.8,92.39999999999999,5
MANC,split_errors,15.0,degree_distribution,metric_out_degree_max,6440.0,137.17142559585798,5
MANC,split_errors,15.0,assortativity,metric_degree_assortativity,0.03478606046896348,0.0015135584832381866,5
MANC,split_errors,15.0,connected_components,metric_wcc_count,25.0,0.0,5
MANC,split_errors,15.0,connected_components,metric_wcc_max_size,27049.8,7.249827584156744,5
MANC,split_errors,15.0,connected_components,metric_scc_count,118.4,1.9595917942265424,5
MANC,split_errors,15.0,connected_components,metric_scc_max_size,26954.4,7.172168430816443,5
MANC,split_errors,15.0,reciprocity,metric_reciprocity,0.2852700894141373,0.0,5
MANC,split_errors,20.0,basic_structure,metric_node_count,28149.6,4.363484845854286,5
MANC,split_errors,20.0,basic_structure,metric_edge_count,6239873.8,1.469693845669907,5
MANC,split_errors,20.0,basic_structure,metric_total_synapses,30934568.6,8.73155198117723,5
MANC,split_errors,20.0,basic_structure,metric_weight_mean,4.957563180204035,5.805288983413463e-07,5
MANC,split_errors,20.0,basic_structure,metric_weight_variance,156.95665343635102,2.1182954772528943e-05,5
MANC,split_errors,20.0,basic_structure,metric_weight_std,12.528234250537874,8.454086460158736e-07,5
MANC,split_errors,20.0,basic_structure,metric_weight_max,1001.0,0.0,5
MANC,split_errors,20.0,basic_structure,metric_density,0.007874931956223722,2.4408214562478134e-06,5
MANC,split_errors,20.0,degree_distribution,metric_total_degree_mean,443.33659802494986,0.0686981697289924,5
MANC,split_errors,20.0,degree_distribution,metric_in_degree_mean,221.66829901247493,0.03434908486452043,5
MANC,split_errors,20.0,degree_distribution,metric_out_degree_mean,221.66829901247493,0.03434908486452043,5
MANC,split_errors,20.0,degree_distribution,metric_total_degree_std,492.9935848578567,1.5573003850787333,5
MANC,split_errors,20.0,degree_distribution,metric_in_degree_max,3578.8,92.39999999999999,5
MANC,split_errors,20.0,degree_distribution,metric_out_degree_max,6440.0,137.17142559585798,5
MANC,split_errors,20.0,assortativity,metric_degree_assortativity,0.03324267640458679,0.0015845601319717064,5
MANC,split_errors,20.0,connected_components,metric_wcc_count,25.0,0.0,5
MANC,split_errors,20.0,connected_components,metric_wcc_max_size,28125.6,4.363484845854286,5
MANC,split_errors,20.0,connected_components,metric_scc_count,129.0,4.049691346263317,5
MANC,split_errors,20.0,connected_components,metric_scc_max_size,28019.6,5.71314274283428,5
MANC,split_errors,20.0,reciprocity,metric_reciprocity,0.2852700894141373,0.0,5
MANC,synapse_count_measurement,0.0,basic_structure,metric_node_count,23665.0,0.0,5
MANC,synapse_count_measurement,0.0,basic_structure,metric_edge_count,6239883.0,0.0,5
MANC,synapse_count_measurement,0.0,basic_structure,metric_total_synapses,30934610.0,0.0,5
MANC,synapse_count_measurement,0.0,basic_structure,metric_weight_mean,4.957562505579031,0.0,5
MANC,synapse_count_measurement,0.0,basic_structure,metric_weight_variance,156.95645821232384,0.0,5
MANC,synapse_count_measurement,0.0,basic_structure,metric_weight_std,12.528226459173055,0.0,5
MANC,synapse_count_measurement,0.0,basic_structure,metric_weight_max,1001.0,0.0,5
MANC,synapse_count_measurement,0.0,basic_structure,metric_density,0.0111424778935521,0.0,5
MANC,synapse_count_measurement,0.0,degree_distribution,metric_total_degree_mean,527.3511937460385,0.0,5
MANC,synapse_count_measurement,0.0,degree_distribution,metric_in_degree_mean,263.67559687301923,0.0,5
MANC,synapse_count_measurement,0.0,degree_distribution,metric_out_degree_mean,263.67559687301923,0.0,5
MANC,synapse_count_measurement,0.0,degree_distribution,metric_total_degree_std,547.819079564865,0.0,5
MANC,synapse_count_measurement,0.0,degree_distribution,metric_in_degree_max,3625.0,0.0,5
MANC,synapse_count_measurement,0.0,degree_distribution,metric_out_degree_max,6552.0,0.0,5
MANC,synapse_count_measurement,0.0,assortativity,metric_degree_assortativity,0.0369423897310833,0.0,5
MANC,synapse_count_measurement,0.0,connected_components,metric_wcc_count,25.0,0.0,5
MANC,synapse_count_measurement,0.0,connected_components,metric_wcc_max_size,23641.0,0.0,5
MANC,synapse_count_measurement,0.0,connected_components,metric_scc_count,95.0,0.0,5
MANC,synapse_count_measurement,0.0,connected_components,metric_scc_max_size,23569.0,0.0,5
MANC,synapse_count_measurement,0.0,reciprocity,metric_reciprocity,0.2852700894141373,0.0,5
MANC,synapse_count_measurement,0.5,basic_structure,metric_node_count,23665.0,0.0,5
MANC,synapse_count_measurement,0.5,basic_structure,metric_edge_count,6239883.0,0.0,5
MANC,synapse_count_measurement,0.5,basic_structure,metric_total_synapses,30934619.4,129.35470613781317,5
MANC,synapse_count_measurement,0.5,basic_structure,metric_weight_mean,4.957564012017533,2.0730309548659257e-05,5
MANC,synapse_count_measurement,0.5,basic_structure,metric_weight_variance,156.9677359550522,0.005620976747099296,5
MANC,synapse_count_measurement,0.5,basic_structure,metric_weight_std,12.52867654242582,0.0002243238860541248,5
MANC,synapse_count_measurement,0.5,basic_structure,metric_weight_max,1001.4,3.6110940170535577,5
MANC,synapse_count_measurement,0.5,basic_structure,metric_density,0.0111424778935521,0.0,5
MANC,synapse_count_measurement,0.5,degree_distribution,metric_total_degree_mean,527.3511937460385,0.0,5
MANC,synapse_count_measurement,0.5,degree_distribution,metric_in_degree_mean,263.67559687301923,0.0,5
MANC,synapse_count_measurement,0.5,degree_distribution,metric_out_degree_mean,263.67559687301923,0.0,5
MANC,synapse_count_measurement,0.5,degree_distribution,metric_total_degree_std,547.819079564865,0.0,5
MANC,synapse_count_measurement,0.5,degree_distribution,metric_in_degree_max,3625.0,0.0,5
MANC,synapse_count_measurement,0.5,degree_distribution,metric_out_degree_max,6552.0,0.0,5
MANC,synapse_count_measurement,0.5,assortativity,metric_degree_assortativity,0.0369423897310833,0.0,5
MANC,synapse_count_measurement,0.5,connected_components,metric_wcc_count,25.0,0.0,5
MANC,synapse_count_measurement,0.5,connected_components,metric_wcc_max_size,23641.0,0.0,5
MANC,synapse_count_measurement,0.5,connected_components,metric_scc_count,95.0,0.0,5
MANC,synapse_count_measurement,0.5,connected_components,metric_scc_max_size,23569.0,0.0,5
MANC,synapse_count_measurement,0.5,reciprocity,metric_reciprocity,0.2852700894141373,0.0,5
MANC,synapse_count_measurement,1.0,basic_structure,metric_node_count,23665.0,0.0,5
MANC,synapse_count_measurement,1.0,basic_structure,metric_edge_count,6239883.0,0.0,5
MANC,synapse_count_measurement,1.0,basic_structure,metric_total_synapses,30934432.6,418.2815319853364,5
MANC,synapse_count_measurement,1.0,basic_structure,metric_weight_mean,4.9575340755587884,6.703355367170612e-05,5
MANC,synapse_count_measurement,1.0,basic_structure,metric_weight_variance,156.97888772103332,0.013657238023053927,5
MANC,synapse_count_measurement,1.0,basic_structure,metric_weight_std,12.529121574315996,0.0005450163271582808,5
MANC,synapse_count_measurement,1.0,basic_structure,metric_weight_max,1001.4,7.059745037889116,5
MANC,synapse_count_measurement,1.0,basic_structure,metric_density,0.0111424778935521,0.0,5
MANC,synapse_count_measurement,1.0,degree_distribution,metric_total_degree_mean,527.3511937460385,0.0,5
MANC,synapse_count_measurement,1.0,degree_distribution,metric_in_degree_mean,263.67559687301923,0.0,5
MANC,synapse_count_measurement,1.0,degree_distribution,metric_out_degree_mean,263.67559687301923,0.0,5
MANC,synapse_count_measurement,1.0,degree_distribution,metric_total_degree_std,547.819079564865,0.0,5
MANC,synapse_count_measurement,1.0,degree_distribution,metric_in_degree_max,3625.0,0.0,5
MANC,synapse_count_measurement,1.0,degree_distribution,metric_out_degree_max,6552.0,0.0,5
MANC,synapse_count_measurement,1.0,assortativity,metric_degree_assortativity,0.0369423897310833,0.0,5
MANC,synapse_count_measurement,1.0,connected_components,metric_wcc_count,25.0,0.0,5
MANC,synapse_count_measurement,1.0,connected_components,metric_wcc_max_size,23641.0,0.0,5
MANC,synapse_count_measurement,1.0,connected_components,metric_scc_count,95.0,0.0,5
MANC,synapse_count_measurement,1.0,connected_components,metric_scc_max_size,23569.0,0.0,5
MANC,synapse_count_measurement,1.0,reciprocity,metric_reciprocity,0.2852700894141373,0.0,5
MANC,synapse_count_measurement,2.0,basic_structure,metric_node_count,23665.0,0.0,5
MANC,synapse_count_measurement,2.0,basic_structure,metric_edge_count,6239883.0,0.0,5
MANC,synapse_count_measurement,2.0,basic_structure,metric_total_synapses,30934482.0,614.7230270617817,5
MANC,synapse_count_measurement,2.0,basic_structure,metric_weight_mean,4.957541992373896,9.85151527779489e-05,5
MANC,synapse_count_measurement,2.0,basic_structure,metric_weight_variance,157.04628551722942,0.025710518931957797,5
MANC,synapse_count_measurement,2.0,basic_structure,metric_weight_std,12.531810901259954,0.0010258126746150245,5
MANC,synapse_count_measurement,2.0,basic_structure,metric_weight_max,1002.0,13.885243966167826,5
MANC,synapse_count_measurement,2.0,basic_structure,metric_density,0.0111424778935521,0.0,5
MANC,synapse_count_measurement,2.0,degree_distribution,metric_total_degree_mean,527.3511937460385,0.0,5
MANC,synapse_count_measurement,2.0,degree_distribution,metric_in_degree_mean,263.67559687301923,0.0,5
MANC,synapse_count_measurement,2.0,degree_distribution,metric_out_degree_mean,263.67559687301923,0.0,5
MANC,synapse_count_measurement,2.0,degree_distribution,metric_total_degree_std,547.819079564865,0.0,5
MANC,synapse_count_measurement,2.0,degree_distribution,metric_in_degree_max,3625.0,0.0,5
MANC,synapse_count_measurement,2.0,degree_distribution,metric_out_degree_max,6552.0,0.0,5
MANC,synapse_count_measurement,2.0,assortativity,metric_degree_assortativity,0.0369423897310833,0.0,5
MANC,synapse_count_measurement,2.0,connected_components,metric_wcc_count,25.0,0.0,5
MANC,synapse_count_measurement,2.0,connected_components,metric_wcc_max_size,23641.0,0.0,5
MANC,synapse_count_measurement,2.0,connected_components,metric_scc_count,95.0,0.0,5
MANC,synapse_count_measurement,2.0,connected_components,metric_scc_max_size,23569.0,0.0,5
MANC,synapse_count_measurement,2.0,reciprocity,metric_reciprocity,0.2852700894141373,0.0,5
MANC,synapse_count_measurement,3.0,basic_structure,metric_node_count,23665.0,0.0,5
MANC,synapse_count_measurement,3.0,basic_structure,metric_edge_count,6239883.0,0.0,5
MANC,synapse_count_measurement,3.0,basic_structure,metric_total_synapses,30934414.6,987.8814908682114,5
MANC,synapse_count_measurement,3.0,basic_structure,metric_weight_mean,4.957531190889316,0.00015831730993489754,5
MANC,synapse_count_measurement,3.0,basic_structure,metric_weight_variance,157.14624155488164,0.039489053107480195,5
MANC,synapse_count_measurement,3.0,basic_structure,metric_weight_std,12.535798302229628,0.0015750232894887653,5
MANC,synapse_count_measurement,3.0,basic_structure,metric_weight_max,1005.6,19.693653800145874,5
MANC,synapse_count_measurement,3.0,basic_structure,metric_density,0.0111424778935521,0.0,5
MANC,synapse_count_measurement,3.0,degree_distribution,metric_total_degree_mean,527.3511937460385,0.0,5
MANC,synapse_count_measurement,3.0,degree_distribution,metric_in_degree_mean,263.67559687301923,0.0,5
MANC,synapse_count_measurement,3.0,degree_distribution,metric_out_degree_mean,263.67559687301923,0.0,5
MANC,synapse_count_measurement,3.0,degree_distribution,metric_total_degree_std,547.819079564865,0.0,5
MANC,synapse_count_measurement,3.0,degree_distribution,metric_in_degree_max,3625.0,0.0,5
MANC,synapse_count_measurement,3.0,degree_distribution,metric_out_degree_max,6552.0,0.0,5
MANC,synapse_count_measurement,3.0,assortativity,metric_degree_assortativity,0.0369423897310833,0.0,5
MANC,synapse_count_measurement,3.0,connected_components,metric_wcc_count,25.0,0.0,5
MANC,synapse_count_measurement,3.0,connected_components,metric_wcc_max_size,23641.0,0.0,5
MANC,synapse_count_measurement,3.0,connected_components,metric_scc_count,95.0,0.0,5
MANC,synapse_count_measurement,3.0,connected_components,metric_scc_max_size,23569.0,0.0,5
MANC,synapse_count_measurement,3.0,reciprocity,metric_reciprocity,0.2852700894141373,0.0,5
MANC,synapse_count_measurement,5.0,basic_structure,metric_node_count,23665.0,0.0,5
MANC,synapse_count_measurement,5.0,basic_structure,metric_edge_count,6239883.0,0.0,5
MANC,synapse_count_measurement,5.0,basic_structure,metric_total_synapses,30933982.4,1500.5890310141547,5
MANC,synapse_count_measurement,5.0,basic_structure,metric_weight_mean,4.957461926770102,0.0002404835204462977,5
MANC,synapse_count_measurement,5.0,basic_structure,metric_weight_variance,157.4554356945085,0.06319334291162869,5
MANC,synapse_count_measurement,5.0,basic_structure,metric_weight_std,12.548124535338882,0.0025179624359990874,5
MANC,synapse_count_measurement,5.0,basic_structure,metric_weight_max,1022.6,33.61309268722532,5
MANC,synapse_count_measurement,5.0,basic_structure,metric_density,0.0111424778935521,0.0,5
MANC,synapse_count_measurement,5.0,degree_distribution,metric_total_degree_mean,527.3511937460385,0.0,5
MANC,synapse_count_measurement,5.0,degree_distribution,metric_in_degree_mean,263.67559687301923,0.0,5
MANC,synapse_count_measurement,5.0,degree_distribution,metric_out_degree_mean,263.67559687301923,0.0,5
MANC,synapse_count_measurement,5.0,degree_distribution,metric_total_degree_std,547.819079564865,0.0,5
MANC,synapse_count_measurement,5.0,degree_distribution,metric_in_degree_max,3625.0,0.0,5
MANC,synapse_count_measurement,5.0,degree_distribution,metric_out_degree_max,6552.0,0.0,5
MANC,synapse_count_measurement,5.0,assortativity,metric_degree_assortativity,0.0369423897310833,0.0,5
MANC,synapse_count_measurement,5.0,connected_components,metric_wcc_count,25.0,0.0,5
MANC,synapse_count_measurement,5.0,connected_components,metric_wcc_max_size,23641.0,0.0,5
MANC,synapse_count_measurement,5.0,connected_components,metric_scc_count,95.0,0.0,5
MANC,synapse_count_measurement,5.0,connected_components,metric_scc_max_size,23569.0,0.0,5
MANC,synapse_count_measurement,5.0,reciprocity,metric_reciprocity,0.2852700894141373,0.0,5
MANC,synapse_count_measurement,7.5,basic_structure,metric_node_count,23665.0,0.0,5
MANC,synapse_count_measurement,7.5,basic_structure,metric_edge_count,6239883.0,0.0,5
MANC,synapse_count_measurement,7.5,basic_structure,metric_total_synapses,30933637.4,2620.8690619716203,5
MANC,synapse_count_measurement,7.5,basic_structure,metric_weight_mean,4.957406637271885,0.0004200189429787767,5
MANC,synapse_count_measurement,7.5,basic_structure,metric_weight_variance,158.04641884110063,0.0977563128869931,5
MANC,synapse_count_measurement,7.5,basic_structure,metric_weight_std,12.57165079558609,0.0038877937569051753,5
MANC,synapse_count_measurement,7.5,basic_structure,metric_weight_max,1059.8,36.95619027984351,5
MANC,synapse_count_measurement,7.5,basic_structure,metric_density,0.0111424778935521,0.0,5
MANC,synapse_count_measurement,7.5,degree_distribution,metric_total_degree_mean,527.3511937460385,0.0,5
MANC,synapse_count_measurement,7.5,degree_distribution,metric_in_degree_mean,263.67559687301923,0.0,5
MANC,synapse_count_measurement,7.5,degree_distribution,metric_out_degree_mean,263.67559687301923,0.0,5
MANC,synapse_count_measurement,7.5,degree_distribution,metric_total_degree_std,547.819079564865,0.0,5
MANC,synapse_count_measurement,7.5,degree_distribution,metric_in_degree_max,3625.0,0.0,5
MANC,synapse_count_measurement,7.5,degree_distribution,metric_out_degree_max,6552.0,0.0,5
MANC,synapse_count_measurement,7.5,assortativity,metric_degree_assortativity,0.0369423897310833,0.0,5
MANC,synapse_count_measurement,7.5,connected_components,metric_wcc_count,25.0,0.0,5
MANC,synapse_count_measurement,7.5,connected_components,metric_wcc_max_size,23641.0,0.0,5
MANC,synapse_count_measurement,7.5,connected_components,metric_scc_count,95.0,0.0,5
MANC,synapse_count_measurement,7.5,connected_components,metric_scc_max_size,23569.0,0.0,5
MANC,synapse_count_measurement,7.5,reciprocity,metric_reciprocity,0.2852700894141373,0.0,5
MANC,synapse_count_measurement,10.0,basic_structure,metric_node_count,23665.0,0.0,5
MANC,synapse_count_measurement,10.0,basic_structure,metric_edge_count,6239883.0,0.0,5
MANC,synapse_count_measurement,10.0,basic_structure,metric_total_synapses,30933708.0,2941.9593471018597,5
MANC,synapse_count_measurement,10.0,basic_structure,metric_weight_mean,4.957417951586593,0.00047147668427497877,5
MANC,synapse_count_measurement,10.0,basic_structure,metric_weight_variance,158.86269189095322,0.13079503177117838,5
MANC,synapse_count_measurement,10.0,basic_structure,metric_weight_std,12.60407334843297,0.005188282468429642,5
MANC,synapse_count_measurement,10.0,basic_structure,metric_weight_max,1100.2,39.37207131965501,5
MANC,synapse_count_measurement,10.0,basic_structure,metric_density,0.0111424778935521,0.0,5
MANC,synapse_count_measurement,10.0,degree_distribution,metric_total_degree_mean,527.3511937460385,0.0,5
MANC,synapse_count_measurement,10.0,degree_distribution,metric_in_degree_mean,263.67559687301923,0.0,5
MANC,synapse_count_measurement,10.0,degree_distribution,metric_out_degree_mean,263.67559687301923,0.0,5
MANC,synapse_count_measurement,10.0,degree_distribution,metric_total_degree_std,547.819079564865,0.0,5
MANC,synapse_count_measurement,10.0,degree_distribution,metric_in_degree_max,3625.0,0.0,5
MANC,synapse_count_measurement,10.0,degree_distribution,metric_out_degree_max,6552.0,0.0,5
MANC,synapse_count_measurement,10.0,assortativity,metric_degree_assortativity,0.0369423897310833,0.0,5
MANC,synapse_count_measurement,10.0,connected_components,metric_wcc_count,25.0,0.0,5
MANC,synapse_count_measurement,10.0,connected_components,metric_wcc_max_size,23641.0,0.0,5
MANC,synapse_count_measurement,10.0,connected_components,metric_scc_count,95.0,0.0,5
MANC,synapse_count_measurement,10.0,connected_components,metric_scc_max_size,23569.0,0.0,5
MANC,synapse_count_measurement,10.0,reciprocity,metric_reciprocity,0.2852700894141373,0.0,5
MANC,synapse_count_measurement,15.0,basic_structure,metric_node_count,23665.0,0.0,5
MANC,synapse_count_measurement,15.0,basic_structure,metric_edge_count,6239883.0,0.0,5
MANC,synapse_count_measurement,15.0,basic_structure,metric_total_synapses,30934895.8,4535.146365885008,5
MANC,synapse_count_measurement,15.0,basic_structure,metric_weight_mean,4.957608307719871,0.0007267999040823641,5
MANC,synapse_count_measurement,15.0,basic_structure,metric_weight_variance,161.17416177311776,0.2012843067578384,5
MANC,synapse_count_measurement,15.0,basic_structure,metric_weight_std,12.695436146215089,0.007926568812800579,5
MANC,synapse_count_measurement,15.0,basic_structure,metric_weight_max,1180.8,47.35567547823598,5
MANC,synapse_count_measurement,15.0,basic_structure,metric_density,0.0111424778935521,0.0,5
MANC,synapse_count_measurement,15.0,degree_distribution,metric_total_degree_mean,527.3511937460385,0.0,5
MANC,synapse_count_measurement,15.0,degree_distribution,metric_in_degree_mean,263.67559687301923,0.0,5
MANC,synapse_count_measurement,15.0,degree_distribution,metric_out_degree_mean,263.67559687301923,0.0,5
MANC,synapse_count_measurement,15.0,degree_distribution,metric_total_degree_std,547.819079564865,0.0,5
MANC,synapse_count_measurement,15.0,degree_distribution,metric_in_degree_max,3625.0,0.0,5
MANC,synapse_count_measurement,15.0,degree_distribution,metric_out_degree_max,6552.0,0.0,5
MANC,synapse_count_measurement,15.0,assortativity,metric_degree_assortativity,0.0369423897310833,0.0,5
MANC,synapse_count_measurement,15.0,connected_components,metric_wcc_count,25.0,0.0,5
MANC,synapse_count_measurement,15.0,connected_components,metric_wcc_max_size,23641.0,0.0,5
MANC,synapse_count_measurement,15.0,connected_components,metric_scc_count,95.0,0.0,5
MANC,synapse_count_measurement,15.0,connected_components,metric_scc_max_size,23569.0,0.0,5
MANC,synapse_count_measurement,15.0,reciprocity,metric_reciprocity,0.2852700894141373,0.0,5
MANC,synapse_count_measurement,20.0,basic_structure,metric_node_count,23665.0,0.0,5
MANC,synapse_count_measurement,20.0,basic_structure,metric_edge_count,6239883.0,0.0,5
MANC,synapse_count_measurement,20.0,basic_structure,metric_total_synapses,30950281.6,7167.9725892333045,5
MANC,synapse_count_measurement,20.0,basic_structure,metric_weight_mean,4.960074027029032,0.0011487350947500903,5
MANC,synapse_count_measurement,20.0,basic_structure,metric_weight_variance,164.36568542591323,0.27810763798762056,5
MANC,synapse_count_measurement,20.0,basic_structure,metric_weight_std,12.82051355528714,0.010844566008946203,5
MANC,synapse_count_measurement,20.0,basic_structure,metric_weight_max,1261.2,59.31407927296857,5
MANC,synapse_count_measurement,20.0,basic_structure,metric_density,0.0111424778935521,0.0,5
MANC,synapse_count_measurement,20.0,degree_distribution,metric_total_degree_mean,527.3511937460385,0.0,5
MANC,synapse_count_measurement,20.0,degree_distribution,metric_in_degree_mean,263.67559687301923,0.0,5
MANC,synapse_count_measurement,20.0,degree_distribution,metric_out_degree_mean,263.67559687301923,0.0,5
MANC,synapse_count_measurement,20.0,degree_distribution,metric_total_degree_std,547.819079564865,0.0,5
MANC,synapse_count_measurement,20.0,degree_distribution,metric_in_degree_max,3625.0,0.0,5
MANC,synapse_count_measurement,20.0,degree_distribution,metric_out_degree_max,6552.0,0.0,5
MANC,synapse_count_measurement,20.0,assortativity,metric_degree_assortativity,0.0369423897310833,0.0,5
MANC,synapse_count_measurement,20.0,connected_components,metric_wcc_count,25.0,0.0,5
MANC,synapse_count_measurement,20.0,connected_components,metric_wcc_max_size,23641.0,0.0,5
MANC,synapse_count_measurement,20.0,connected_components,metric_scc_count,95.0,0.0,5
MANC,synapse_count_measurement,20.0,connected_components,metric_scc_max_size,23569.0,0.0,5
MANC,synapse_count_measurement,20.0,reciprocity,metric_reciprocity,0.2852700894141373,0.0,5
MAOL,missed_synapses,0.0,basic_structure,metric_node_count,52445.0,0.0,5
MAOL,missed_synapses,0.0,basic_structure,metric_edge_count,6736968.0,0.0,5
MAOL,missed_synapses,0.0,basic_structure,metric_total_synapses,26492194.0,0.0,5
MAOL,missed_synapses,0.0,basic_structure,metric_weight_mean,3.932361560868331,0.0,5
MAOL,missed_synapses,0.0,basic_structure,metric_weight_variance,52.68035125761817,0.0,5
MAOL,missed_synapses,0.0,basic_structure,metric_weight_std,7.258123122241601,0.0,5
MAOL,missed_synapses,0.0,basic_structure,metric_weight_max,2589.0,0.0,5
MAOL,missed_synapses,0.0,basic_structure,metric_density,0.0024494274809646,0.0,5
MAOL,missed_synapses,0.0,degree_distribution,metric_total_degree_mean,256.915549623415,0.0,5
MAOL,missed_synapses,0.0,degree_distribution,metric_in_degree_mean,128.4577748117075,0.0,5
MAOL,missed_synapses,0.0,degree_distribution,metric_out_degree_mean,128.4577748117075,0.0,5
MAOL,missed_synapses,0.0,degree_distribution,metric_total_degree_std,373.1623058805182,0.0,5
MAOL,missed_synapses,0.0,degree_distribution,metric_in_degree_max,11700.0,0.0,5
MAOL,missed_synapses,0.0,degree_distribution,metric_out_degree_max,15947.0,0.0,5
MAOL,missed_synapses,0.0,assortativity,metric_degree_assortativity,-0.05352990548572421,6.938893903907228e-18,5
MAOL,missed_synapses,0.0,connected_components,metric_wcc_count,821.0,0.0,5
MAOL,missed_synapses,0.0,connected_components,metric_wcc_max_size,51503.0,0.0,5
MAOL,missed_synapses,0.0,connected_components,metric_scc_count,1705.0,0.0,5
MAOL,missed_synapses,0.0,connected_components,metric_scc_max_size,50709.0,0.0,5
MAOL,missed_synapses,0.0,reciprocity,metric_reciprocity,0.2776333037886953,0.0,5
MAOL,missed_synapses,0.25,basic_structure,metric_node_count,52445.0,0.0,5
MAOL,missed_synapses,0.25,basic_structure,metric_edge_count,6730231.0,66.14529461722881,5
MAOL,missed_synapses,0.25,basic_structure,metric_total_synapses,26426140.0,151.68783735026352,5
MAOL,missed_synapses,0.25,basic_structure,metric_weight_mean,3.9264833558501615,4.4352030438443024e-05,5
MAOL,missed_synapses,0.25,basic_structure,metric_weight_variance,52.48942438466712,0.0025751003787548394,5
MAOL,missed_synapses,0.25,basic_structure,metric_weight_std,7.244958547368251,0.0001777156464774605,5
MAOL,missed_synapses,0.25,basic_structure,metric_weight_max,2586.4,1.3564659966250538,5
MAOL,missed_synapses,0.25,basic_structure,metric_density,0.00244697804184902,2.4049112641329453e-08,5
MAOL,missed_synapses,0.25,degree_distribution,metric_total_degree_mean,256.6586328534655,0.002522463327936831,5
MAOL,missed_synapses,0.25,degree_distribution,metric_in_degree_mean,128.32931642673276,0.0012612316639684154,5
MAOL,missed_synapses,0.25,degree_distribution,metric_out_degree_mean,128.32931642673276,0.0012612316639684154,5
MAOL,missed_synapses,0.25,degree_distribution,metric_total_degree_std,372.8349463441051,0.004160958458569127,5
MAOL,missed_synapses,0.25,degree_distribution,metric_in_degree_max,11696.8,1.4696938456699067,5
MAOL,missed_synapses,0.25,degree_distribution,metric_out_degree_max,15935.4,2.0591260281974,5
MAOL,missed_synapses,0.25,assortativity,metric_degree_assortativity,-0.05352942779186152,6.019061062142865e-06,5
MAOL,missed_synapses,0.25,connected_components,metric_wcc_count,821.4,0.48989794855663565,5
MAOL,missed_synapses,0.25,connected_components,metric_wcc_max_size,51502.6,0.4898979485566356,5
MAOL,missed_synapses,0.25,connected_components,metric_scc_count,1706.4,1.019803902718557,5
MAOL,missed_synapses,0.25,connected_components,metric_scc_max_size,50707.8,0.7483314773547882,5
MAOL,missed_synapses,0.25,reciprocity,metric_reciprocity,0.2774356740722096,9.696925965594958e-06,5
MAOL,missed_synapses,0.5,basic_structure,metric_node_count,52445.0,0.0,5
MAOL,missed_synapses,0.5,basic_structure,metric_edge_count,6723437.0,115.43656266538778,5
MAOL,missed_synapses,0.5,basic_structure,metric_total_synapses,26359818.2,267.50805595346094,5
MAOL,missed_synapses,0.5,basic_structure,metric_weight_mean,3.9205867778938432,4.4190792375851147e-05,5
MAOL,missed_synapses,0.5,basic_structure,metric_weight_variance,52.29769380008277,0.003609283818134235,5
MAOL,missed_synapses,0.5,basic_structure,metric_weight_std,7.231714439730706,0.00024954591699541547,5
MAOL,missed_synapses,0.5,basic_structure,metric_weight_max,2584.2,2.4819347291981715,5
MAOL,missed_synapses,0.5,basic_structure,metric_density,0.00244450787866796,4.19704366654765e-08,5
MAOL,missed_synapses,0.5,degree_distribution,metric_total_degree_mean,256.39954237772906,0.0044021951631670895,5
MAOL,missed_synapses,0.5,degree_distribution,metric_in_degree_mean,128.19977118886453,0.002201097581572268,5
MAOL,missed_synapses,0.5,degree_distribution,metric_out_degree_mean,128.19977118886453,0.002201097581572268,5
MAOL,missed_synapses,0.5,degree_distribution,metric_total_degree_std,372.50264980372305,0.008148235258474083,5
MAOL,missed_synapses,0.5,degree_distribution,metric_in_degree_max,11694.8,1.9390719429665317,5
MAOL,missed_synapses,0.5,degree_distribution,metric_out_degree_max,15924.0,4.049691346263317,5
MAOL,missed_synapses,0.5,assortativity,metric_degree_assortativity,-0.05352401508232792,8.327018866078718e-06,5
MAOL,missed_synapses,0.5,connected_components,metric_wcc_count,821.4,0.48989794855663565,5
MAOL,missed_synapses,0.5,connected_components,metric_wcc_max_size,51502.6,0.4898979485566356,5
MAOL,missed_synapses,0.5,connected_components,metric_scc_count,1707.2,1.9390719429665317,5
MAOL,missed_synapses,0.5,connected_components,metric_scc_max_size,50707.0,1.6733200530681511,5
MAOL,missed_synapses,0.5,reciprocity,metric_reciprocity,0.27725327465824245,7.14786042124337e-06,5
MAOL,missed_synapses,0.75,basic_structure,metric_node_count,52445.0,0.0,5
MAOL,missed_synapses,0.75,basic_structure,metric_edge_count,6716637.0,114.18931648801477,5
MAOL,missed_synapses,0.75,basic_structure,metric_total_synapses,26293696.4,200.69738413840875,5
MAOL,missed_synapses,0.75,basic_structure,metric_weight_mean,3.914711544860294,6.38915658770204e-05,5
MAOL,missed_synapses,0.75,basic_structure,metric_weight_variance,52.1073413716873,0.006870349077714804,5
MAOL,missed_synapses,0.75,basic_structure,metric_weight_std,7.218541483237033,0.0004758922047075088,5
MAOL,missed_synapses,0.75,basic_structure,metric_weight_max,2582.0,2.8284271247461903,5
MAOL,missed_synapses,0.75,basic_structure,metric_density,0.0024420355340063,4.151696279188089e-08,5
MAOL,missed_synapses,0.75,degree_distribution,metric_total_degree_mean,256.1402230908571,0.004354631194122756,5
MAOL,missed_synapses,0.75,degree_distribution,metric_in_degree_mean,128.07011154542855,0.002177315597061378,5
MAOL,missed_synapses,0.75,degree_distribution,metric_out_degree_mean,128.07011154542855,0.002177315597061378,5
MAOL,missed_synapses,0.75,degree_distribution,metric_total_degree_std,372.166087700961,0.006494749575750501,5
MAOL,missed_synapses,0.75,degree_distribution,metric_in_degree_max,11693.2,2.315167380558045,5
MAOL,missed_synapses,0.75,degree_distribution,metric_out_degree_max,15909.6,7.3375745311376575,5
MAOL,missed_synapses,0.75,assortativity,metric_degree_assortativity,-0.053521753298469074,8.765200072034965e-06,5
MAOL,missed_synapses,0.75,connected_components,metric_wcc_count,822.6,1.019803902718557,5
MAOL,missed_synapses,0.75,connected_components,metric_wcc_max_size,51501.8,0.7483314773547882,5
MAOL,missed_synapses,0.75,connected_components,metric_scc_count,1708.2,1.9390719429665317,5
MAOL,missed_synapses,0.75,connected_components,metric_scc_max_size,50706.0,1.6733200530681511,5
MAOL,missed_synapses,0.75,reciprocity,metric_reciprocity,0.27706520674753726,6.949915165698232e-06,5
MAOL,missed_synapses,1.0,basic_structure,metric_node_count,52445.0,0.0,5
MAOL,missed_synapses,1.0,basic_structure,metric_edge_count,6709857.4,176.06998608507922,5
MAOL,missed_synapses,1.0,basic_structure,metric_total_synapses,26227381.0,204.78281177872327,5
MAOL,missed_synapses,1.0,basic_structure,metric_weight_mean,3.908783666994828,7.442551358438506e-05,5
MAOL,missed_synapses,1.0,basic_structure,metric_weight_variance,51.91711069211616,0.007995657082730617,5
MAOL,missed_synapses,1.0,basic_structure,metric_weight_std,7.205352897967783,0.0005548544143610238,5
MAOL,missed_synapses,1.0,basic_structure,metric_weight_max,2579.8,2.925747767665559,5
MAOL,missed_synapses,1.0,basic_structure,metric_density,0.0024395706063786403,6.401554268759161e-08,5
MAOL,missed_synapses,1.0,degree_distribution,metric_total_degree_mean,255.88168176184575,0.006714462239886106,5
MAOL,missed_synapses,1.0,degree_distribution,metric_in_degree_mean,127.94084088092286,0.0033572311199259546,5
MAOL,missed_synapses,1.0,degree_distribution,metric_out_degree_mean,127.94084088092286,0.0033572311199259546,5
MAOL,missed_synapses,1.0,degree_distribution,metric_total_degree_std,371.83599374648645,0.003667176167423266,5
MAOL,missed_synapses,1.0,degree_distribution,metric_in_degree_max,11691.2,2.315167380558045,5
MAOL,missed_synapses,1.0,degree_distribution,metric_out_degree_max,15897.6,7.059745037889116,5
MAOL,missed_synapses,1.0,assortativity,metric_degree_assortativity,-0.05351546516124752,6.214683673088232e-06,5
MAOL,missed_synapses,1.0,connected_components,metric_wcc_count,822.8,1.1661903789690602,5
MAOL,missed_synapses,1.0,connected_components,metric_wcc_max_size,51501.6,1.019803902718557,5
MAOL,missed_synapses,1.0,connected_components,metric_scc_count,1708.8,2.2271057451320084,5
MAOL,missed_synapses,1.0,connected_components,metric_scc_max_size,50705.4,2.0591260281974,5
MAOL,missed_synapses,1.0,reciprocity,metric_reciprocity,0.27688157924705525,1.407571939101037e-05,5
MAOL,missed_synapses,2.0,basic_structure,metric_node_count,52445.0,0.0,5
MAOL,missed_synapses,2.0,basic_structure,metric_edge_count,6682503.4,269.9108000803228,5
MAOL,missed_synapses,2.0,basic_structure,metric_total_synapses,25962456.0,528.8398623401984,5
MAOL,missed_synapses,2.0,basic_structure,metric_weight_mean,3.8851392171453853,0.00011937688548466743,5
MAOL,missed_synapses,2.0,basic_structure,metric_weight_variance,51.16082976855086,0.010573113351814578,5
MAOL,missed_synapses,2.0,basic_structure,metric_weight_std,7.152679862977854,0.0007391224288440054,5
MAOL,missed_synapses,2.0,basic_structure,metric_weight_max,2571.0,4.147288270665544,5
MAOL,missed_synapses,2.0,basic_structure,metric_density,0.0024296252363969796,9.813419496427242e-08,5
MAOL,missed_synapses,2.0,degree_distribution,metric_total_degree_mean,254.83853179521407,0.010293099440570297,5
MAOL,missed_synapses,2.0,degree_distribution,metric_in_degree_mean,127.419265897607,0.005146549720281023,5
MAOL,missed_synapses,2.0,degree_distribution,metric_out_degree_mean,127.419265897607,0.005146549720281023,5
MAOL,missed_synapses,2.0,degree_distribution,metric_total_degree_std,370.49197670672316,0.0198429537909596,5
MAOL,missed_synapses,2.0,degree_distribution,metric_in_degree_max,11680.6,2.939387691339814,5
MAOL,missed_synapses,2.0,degree_distribution,metric_out_degree_max,15845.4,11.706408501329518,5
MAOL,missed_synapses,2.0,assortativity,metric_degree_assortativity,-0.05350260526098945,1.2592699160600348e-05,5
MAOL,missed_synapses,2.0,connected_components,metric_wcc_count,824.0,0.8944271909999159,5
MAOL,missed_synapses,2.0,connected_components,metric_wcc_max_size,51501.2,0.7483314773547882,5
MAOL,missed_synapses,2.0,connected_components,metric_scc_count,1710.6,3.2619012860600183,5
MAOL,missed_synapses,2.0,connected_components,metric_scc_max_size,50704.0,2.898275349237888,5
MAOL,missed_synapses,2.0,reciprocity,metric_reciprocity,0.27611754142851913,2.294462658182399e-05,5
MAOL,missed_synapses,5.0,basic_structure,metric_node_count,52445.0,0.0,5
MAOL,missed_synapses,5.0,basic_structure,metric_edge_count,6598599.4,166.27399075020722,5
MAOL,missed_synapses,5.0,basic_structure,metric_total_synapses,25167876.8,730.3816536578668,5
MAOL,missed_synapses,5.0,basic_structure,metric_weight_mean,3.814124072650788,0.00015177770882114492,5
MAOL,missed_synapses,5.0,basic_structure,metric_weight_variance,48.92735790206724,0.010411926177701992,5
MAOL,missed_synapses,5.0,basic_structure,metric_weight_std,6.994809314635248,0.0007442843718859275,5
MAOL,missed_synapses,5.0,basic_structure,metric_weight_max,2553.8,5.6000000000000005,5
MAOL,missed_synapses,5.0,basic_structure,metric_density,0.00239911941191292,6.04539137415925e-08,5
MAOL,missed_synapses,5.0,degree_distribution,metric_total_degree_mean,251.63883687672802,0.006340890103944785,5
MAOL,missed_synapses,5.0,degree_distribution,metric_in_degree_mean,125.81941843836401,0.0031704450519560307,5
MAOL,missed_synapses,5.0,degree_distribution,metric_out_degree_mean,125.81941843836401,0.0031704450519560307,5
MAOL,missed_synapses,5.0,degree_distribution,metric_total_degree_std,366.3642839648261,0.010989592700725822,5
MAOL,missed_synapses,5.0,degree_distribution,metric_in_degree_max,11636.8,5.775811631277461,5
MAOL,missed_synapses,5.0,degree_distribution,metric_out_degree_max,15674.4,13.778243719719867,5
MAOL,missed_synapses,5.0,assortativity,metric_degree_assortativity,-0.053484412217245446,7.009316242127128e-06,5
MAOL,missed_synapses,5.0,connected_components,metric_wcc_count,828.8,3.249615361854384,5
MAOL,missed_synapses,5.0,connected_components,metric_wcc_max_size,51495.0,8.12403840463596,5
MAOL,missed_synapses,5.0,connected_components,metric_scc_count,1719.2,3.4871191548325386,5
MAOL,missed_synapses,5.0,connected_components,metric_scc_max_size,50696.4,3.1368774282716245,5
MAOL,missed_synapses,5.0,reciprocity,metric_reciprocity,0.27381263244332876,4.652177027704479e-05,5
MAOL,missed_synapses,10.0,basic_structure,metric_node_count,52445.0,0.0,5
MAOL,missed_synapses,10.0,basic_structure,metric_edge_count,6452627.2,588.7564521939441,5
MAOL,missed_synapses,10.0,basic_structure,metric_total_synapses,23842669.2,1446.890099489246,5
MAOL,missed_synapses,10.0,basic_structure,metric_weight_mean,3.695032821920524,0.00020380513580071742,5
MAOL,missed_synapses,10.0,basic_structure,metric_weight_variance,45.31270205287211,0.018840416962028098,5
MAOL,missed_synapses,10.0,basic_structure,metric_weight_std,6.73147087154314,0.0013994421604733142,5
MAOL,missed_synapses,10.0,basic_structure,metric_weight_max,2500.4,7.525955088890711,5
MAOL,missed_synapses,10.0,basic_structure,metric_density,0.00234604682523346,2.1406012815278713e-07,5
MAOL,missed_synapses,10.0,degree_distribution,metric_total_degree_mean,246.07215940509104,0.022452338724166288,5
MAOL,missed_synapses,10.0,degree_distribution,metric_in_degree_mean,123.03607970254552,0.01122616936207243,5
MAOL,missed_synapses,10.0,degree_distribution,metric_out_degree_mean,123.03607970254552,0.01122616936207243,5
MAOL,missed_synapses,10.0,degree_distribution,metric_total_degree_std,359.23429342503226,0.03861160733421129,5
MAOL,missed_synapses,10.0,degree_distribution,metric_in_degree_max,11570.6,8.82269800004511,5
MAOL,missed_synapses,10.0,degree_distribution,metric_out_degree_max,15377.6,20.14547095503106,5
MAOL,missed_synapses,10.0,assortativity,metric_degree_assortativity,-0.053448748959027306,1.1495866807830517e-05,5
MAOL,missed_synapses,10.0,connected_components,metric_wcc_count,837.4,4.498888751680798,5
MAOL,missed_synapses,10.0,connected_components,metric_wcc_max_size,51490.8,10.851727973000429,5
MAOL,missed_synapses,10.0,connected_components,metric_scc_count,1734.4,6.437390775772433,5
MAOL,missed_synapses,10.0,connected_components,metric_scc_max_size,50682.8,5.635601121442148,5
MAOL,missed_synapses,10.0,reciprocity,metric_reciprocity,0.269643858722011,5.063377987804015e-05,5
MAOL,missed_synapses,15.0,basic_structure,metric_node_count,52445.0,0.0,5
MAOL,missed_synapses,15.0,basic_structure,metric_edge_count,6298842.0,455.93420577973745,5
MAOL,missed_synapses,15.0,basic_structure,metric_total_synapses,22518127.2,617.8774635799562,5
MAOL,missed_synapses,15.0,basic_structure,metric_weight_mean,3.57496303781845,0.0003023743630293226,5
MAOL,missed_synapses,15.0,basic_structure,metric_weight_variance,41.83649842209829,0.025809784305701217,5
MAOL,missed_synapses,15.0,basic_structure,metric_weight_std,6.468113669471546,0.0019952176842364887,5
MAOL,missed_synapses,15.0,basic_structure,metric_weight_max,2468.2,6.493073232299171,5
MAOL,missed_synapses,15.0,basic_structure,metric_density,0.0022901335872537397,1.6576860287794244e-07,5
MAOL,missed_synapses,15.0,degree_distribution,metric_total_degree_mean,240.20753169987606,0.017387137221080297,5
MAOL,missed_synapses,15.0,degree_distribution,metric_in_degree_mean,120.10376584993803,0.008693568610536408,5
MAOL,missed_synapses,15.0,degree_distribution,metric_out_degree_mean,120.10376584993803,0.008693568610536408,5
MAOL,missed_synapses,15.0,degree_distribution,metric_total_degree_std,351.76144670534245,0.06135629623607448,5
MAOL,missed_synapses,15.0,degree_distribution,metric_in_degree_max,11512.4,7.552483035399682,5
MAOL,missed_synapses,15.0,degree_distribution,metric_out_degree_max,15059.8,30.042636369000636,5
MAOL,missed_synapses,15.0,assortativity,metric_degree_assortativity,-0.05335577051475898,2.4886639761112984e-05,5
MAOL,missed_synapses,15.0,connected_components,metric_wcc_count,843.4,4.841487374764082,5
MAOL,missed_synapses,15.0,connected_components,metric_wcc_max_size,51481.2,11.160645142642965,5
MAOL,missed_synapses,15.0,connected_components,metric_scc_count,1749.4,7.227724399837061,5
MAOL,missed_synapses,15.0,connected_components,metric_scc_max_size,50669.4,6.151422599691879,5
MAOL,missed_synapses,15.0,reciprocity,metric_reciprocity,0.2654493096545871,8.877878161647424e-05,5
MAOL,missed_synapses,20.0,basic_structure,metric_node_count,52445.0,0.0,5
MAOL,missed_synapses,20.0,basic_structure,metric_edge_count,6136289.6,322.17485935435747,5
MAOL,missed_synapses,20.0,basic_structure,metric_total_synapses,21192959.4,2103.482693059299,5
MAOL,missed_synapses,20.0,basic_structure,metric_weight_mean,3.453709142188692,0.00043204099403001213,5
MAOL,missed_synapses,20.0,basic_structure,metric_weight_variance,38.50469894904916,0.026611565791641558,5
MAOL,missed_synapses,20.0,basic_structure,metric_weight_std,6.205215093004464,0.0021444343688166527,5
MAOL,missed_synapses,20.0,basic_structure,metric_weight_max,2420.0,6.782329983125268,5
MAOL,missed_synapses,20.0,basic_structure,metric_density,0.0022310327698449803,1.1713636669782467e-07,5
MAOL,missed_synapses,20.0,degree_distribution,metric_total_degree_mean,234.00856516350464,0.012286199231759882,5
MAOL,missed_synapses,20.0,degree_distribution,metric_in_degree_mean,117.00428258175232,0.006143099615859153,5
MAOL,missed_synapses,20.0,degree_distribution,metric_out_degree_mean,117.00428258175232,0.006143099615859153,5
MAOL,missed_synapses,20.0,degree_distribution,metric_total_degree_std,343.9223738132631,0.05367628250054182,5
MAOL,missed_synapses,20.0,degree_distribution,metric_in_degree_max,11435.2,10.533755265810953,5
MAOL,missed_synapses,20.0,degree_distribution,metric_out_degree_max,14745.4,25.421250952697036,5
MAOL,missed_synapses,20.0,assortativity,metric_degree_assortativity,-0.05325657130463544,9.629248454756264e-06,5
MAOL,missed_synapses,20.0,connected_components,metric_wcc_count,860.8,6.794115100585212,5
MAOL,missed_synapses,20.0,connected_components,metric_wcc_max_size,51469.4,6.8,5
MAOL,missed_synapses,20.0,connected_components,metric_scc_count,1767.6,3.6110940170535577,5
MAOL,missed_synapses,20.0,connected_components,metric_scc_max_size,50653.0,3.847076812334269,5
MAOL,missed_synapses,20.0,reciprocity,metric_reciprocity,0.2608306379122191,3.762890189195264e-05,5
MAOL,split_errors,0.0,basic_structure,metric_node_count,52445.0,0.0,5
MAOL,split_errors,0.0,basic_structure,metric_edge_count,6736968.0,0.0,5
MAOL,split_errors,0.0,basic_structure,metric_total_synapses,26492194.0,0.0,5
MAOL,split_errors,0.0,basic_structure,metric_weight_mean,3.932361560868331,0.0,5
MAOL,split_errors,0.0,basic_structure,metric_weight_variance,52.68035125761817,0.0,5
MAOL,split_errors,0.0,basic_structure,metric_weight_std,7.258123122241601,0.0,5
MAOL,split_errors,0.0,basic_structure,metric_weight_max,2589.0,0.0,5
MAOL,split_errors,0.0,basic_structure,metric_density,0.0024494274809646,0.0,5
MAOL,split_errors,0.0,degree_distribution,metric_total_degree_mean,256.915549623415,0.0,5
MAOL,split_errors,0.0,degree_distribution,metric_in_degree_mean,128.4577748117075,0.0,5
MAOL,split_errors,0.0,degree_distribution,metric_out_degree_mean,128.4577748117075,0.0,5
MAOL,split_errors,0.0,degree_distribution,metric_total_degree_std,373.1623058805182,0.0,5
MAOL,split_errors,0.0,degree_distribution,metric_in_degree_max,11700.0,0.0,5
MAOL,split_errors,0.0,degree_distribution,metric_out_degree_max,15947.0,0.0,5
MAOL,split_errors,0.0,assortativity,metric_degree_assortativity,-0.05352990548572421,6.938893903907228e-18,5
MAOL,split_errors,0.0,connected_components,metric_wcc_count,821.0,0.0,5
MAOL,split_errors,0.0,connected_components,metric_wcc_max_size,51503.0,0.0,5
MAOL,split_errors,0.0,connected_components,metric_scc_count,1705.0,0.0,5
MAOL,split_errors,0.0,connected_components,metric_scc_max_size,50709.0,0.0,5
MAOL,split_errors,0.0,reciprocity,metric_reciprocity,0.2776333037886953,0.0,5
MAOL,split_errors,0.5,basic_structure,metric_node_count,52700.8,0.4,5
MAOL,split_errors,0.5,basic_structure,metric_edge_count,6736966.4,0.7999999999999999,5
MAOL,split_errors,0.5,basic_structure,metric_total_synapses,26492192.0,0.8944271909999159,5
MAOL,split_errors,0.5,basic_structure,metric_weight_mean,3.932362197917495,4.0787792321647383e-07,5
MAOL,split_errors,0.5,basic_structure,metric_weight_variance,52.68036195627038,5.080342419842147e-06,5
MAOL,split_errors,0.5,basic_structure,metric_weight_std,7.258123859253868,3.4997627591599715e-07,5
MAOL,split_errors,0.5,basic_structure,metric_weight_max,2589.0,0.0,5
MAOL,split_errors,0.5,basic_structure,metric_density,0.00242570624627802,3.693226996474813e-08,5
MAOL,split_errors,0.5,degree_distribution,metric_total_degree_mean,255.66846804566103,0.001952138316657363,5
MAOL,split_errors,0.5,degree_distribution,metric_in_degree_mean,127.83423402283054,0.0009760691583472228,5
MAOL,split_errors,0.5,degree_distribution,metric_out_degree_mean,127.83423402283054,0.0009760691583472228,5
MAOL,split_errors,0.5,degree_distribution,metric_total_degree_std,368.61664875924487,2.8619483950372464,5
MAOL,split_errors,0.5,degree_distribution,metric_in_degree_max,9547.8,1757.263941472652,5
MAOL,split_errors,0.5,degree_distribution,metric_out_degree_max,15947.0,0.0,5
MAOL,split_errors,0.5,assortativity,metric_degree_assortativity,-0.05551670693602388,0.001709262553634139,5
MAOL,split_errors,0.5,connected_components,metric_wcc_count,821.0,0.0,5
MAOL,split_errors,0.5,connected_components,metric_wcc_max_size,51758.8,0.4,5
MAOL,split_errors,0.5,connected_components,metric_scc_count,1711.8,3.1874754901018454,5
MAOL,split_errors,0.5,connected_components,metric_scc_max_size,50958.0,3.3466401061363023,5
MAOL,split_errors,0.5,reciprocity,metric_reciprocity,0.2776333037886953,0.0,5
MAOL,split_errors,1.0,basic_structure,metric_node_count,52956.4,0.7999999999999999,5
MAOL,split_errors,1.0,basic_structure,metric_edge_count,6736965.4,1.624807680927192,5
MAOL,split_errors,1.0,basic_structure,metric_total_synapses,26492189.2,3.54400902933387,5
MAOL,split_errors,1.0,basic_structure,metric_weight_mean,3.932362365999502,5.375754411306463e-07,5
MAOL,split_errors,1.0,basic_structure,metric_weight_variance,52.68036932429565,1.1362021007546116e-05,5
MAOL,split_errors,1.0,basic_structure,metric_weight_std,7.25812436682474,7.827105321582396e-07,5
MAOL,split_errors,1.0,basic_structure,metric_weight_max,2589.0,0.0,5
MAOL,split_errors,1.0,basic_structure,metric_density,0.0024023462944518003,7.283693483626649e-08,5
MAOL,split_errors,1.0,degree_distribution,metric_total_degree_mean,254.4344178058957,0.003870563376036722,5
MAOL,split_errors,1.0,degree_distribution,metric_in_degree_mean,127.21720890294785,0.0019352816880178272,5
MAOL,split_errors,1.0,degree_distribution,metric_out_degree_mean,127.21720890294785,0.0019352816880178272,5
MAOL,split_errors,1.0,degree_distribution,metric_total_degree_std,367.33748748180267,3.103036364673751,5
MAOL,split_errors,1.0,degree_distribution,metric_in_degree_max,9547.8,1757.263941472652,5
MAOL,split_errors,1.0,degree_distribution,metric_out_degree_max,15947.0,0.0,5
MAOL,split_errors,1.0,assortativity,metric_degree_assortativity,-0.0553175297941057,0.0016527129593319595,5
MAOL,split_errors,1.0,connected_components,metric_wcc_count,821.0,0.0,5
MAOL,split_errors,1.0,connected_components,metric_wcc_max_size,52014.4,0.7999999999999999,5
MAOL,split_errors,1.0,connected_components,metric_scc_count,1715.8,3.9698866482558417,5
MAOL,split_errors,1.0,connected_components,metric_scc_max_size,51209.6,4.409081537009721,5
MAOL,split_errors,1.0,reciprocity,metric_reciprocity,0.2776333037886953,0.0,5
MAOL,split_errors,2.0,basic_structure,metric_node_count,53467.0,2.0976176963403033,5
MAOL,split_errors,2.0,basic_structure,metric_edge_count,6736963.0,2.6832815729997477,5
MAOL,split_errors,2.0,basic_structure,metric_total_synapses,26492183.4,7.889233169326408,5
MAOL,split_errors,2.0,basic_structure,metric_weight_mean,3.932362905956468,5.692931101044065e-07,5
MAOL,split_errors,2.0,basic_structure,metric_weight_variance,52.68038564262529,1.903854755747851e-05,5
MAOL,split_errors,2.0,basic_structure,metric_weight_std,7.258125490966904,1.3115333352085649e-06,5
MAOL,split_errors,2.0,basic_structure,metric_weight_max,2589.0,0.0,5
MAOL,split_errors,2.0,basic_structure,metric_density,0.00235668020163112,1.850229872333576e-07,5
MAOL,split_errors,2.0,degree_distribution,metric_total_degree_mean,252.00452654461932,0.009897998085728495,5
MAOL,split_errors,2.0,degree_distribution,metric_in_degree_mean,126.00226327230965,0.004948999042857546,5
MAOL,split_errors,2.0,degree_distribution,metric_out_degree_mean,126.00226327230965,0.004948999042857546,5
MAOL,split_errors,2.0,degree_distribution,metric_total_degree_std,365.5580983405566,2.531717697979018,5
MAOL,split_errors,2.0,degree_distribution,metric_in_degree_max,9547.8,1757.263941472652,5
MAOL,split_errors,2.0,degree_distribution,metric_out_degree_max,15947.0,0.0,5
MAOL,split_errors,2.0,assortativity,metric_degree_assortativity,-0.05508830733246184,0.001836753284313892,5
MAOL,split_errors,2.0,connected_components,metric_wcc_count,821.0,0.0,5
MAOL,split_errors,2.0,connected_components,metric_wcc_max_size,52525.0,2.0976176963403033,5
MAOL,split_errors,2.0,connected_components,metric_scc_count,1733.8,3.6551333764994136,5
MAOL,split_errors,2.0,connected_components,metric_scc_max_size,51702.2,4.707440918375928,5
MAOL,split_errors,2.0,reciprocity,metric_reciprocity,0.2776333037886953,0.0,5
MAOL,split_errors,3.0,basic_structure,metric_node_count,53975.8,2.1354156504062622,5
MAOL,split_errors,3.0,basic_structure,metric_edge_count,6736960.8,2.638181191654584,5
MAOL,split_errors,3.0,basic_structure,metric_total_synapses,26492178.4,8.01498596380555,5
MAOL,split_errors,3.0,basic_structure,metric_weight_mean,3.9323634479216407,3.659271218706976e-07,5
MAOL,split_errors,3.0,basic_structure,metric_weight_variance,52.680400159678946,1.8006888550698626e-05,5
MAOL,split_errors,3.0,basic_structure,metric_weight_std,7.258126491022144,1.2404639773390407e-06,5
MAOL,split_errors,3.0,basic_structure,metric_weight_max,2589.0,0.0,5
MAOL,split_errors,3.0,basic_structure,metric_density,0.00231245820811734,1.827568440618253e-07,5
MAOL,split_errors,3.0,degree_distribution,metric_total_degree_mean,249.62893780247305,0.009852743261552001,5
MAOL,split_errors,3.0,degree_distribution,metric_in_degree_mean,124.8144689012365,0.004926371630773565,5
MAOL,split_errors,3.0,degree_distribution,metric_out_degree_mean,124.8144689012365,0.004926371630773565,5
MAOL,split_errors,3.0,degree_distribution,metric_total_degree_std,362.5367380653628,1.8130263846609769,5
MAOL,split_errors,3.0,degree_distribution,metric_in_degree_max,9547.8,1757.263941472652,5
MAOL,split_errors,3.0,degree_distribution,metric_out_degree_max,15947.0,0.0,5
MAOL,split_errors,3.0,assortativity,metric_degree_assortativity,-0.05509019423680336,0.0015092095345795597,5
MAOL,split_errors,3.0,connected_components,metric_wcc_count,821.0,0.0,5
MAOL,split_errors,3.0,connected_components,metric_wcc_max_size,53033.8,2.1354156504062622,5
MAOL,split_errors,3.0,connected_components,metric_scc_count,1743.8,2.9257477676655586,5
MAOL,split_errors,3.0,connected_components,metric_scc_max_size,52201.0,4.1952353926806065,5
MAOL,split_errors,3.0,reciprocity,metric_reciprocity,0.2776333037886953,0.0,5
MAOL,split_errors,5.0,basic_structure,metric_node_count,54989.4,3.2619012860600183,5
MAOL,split_errors,5.0,basic_structure,metric_edge_count,6736954.8,3.655133376499413,5
MAOL,split_errors,5.0,basic_structure,metric_total_synapses,26492167.4,8.662563131083086,5
MAOL,split_errors,5.0,basic_structure,metric_weight_mean,3.932365317339408,9.427947796632861e-07,5
MAOL,split_errors,5.0,basic_structure,metric_weight_variance,52.68044184223832,2.4990854220820394e-05,5
MAOL,split_errors,5.0,basic_structure,metric_weight_std,7.258129362462159,1.7215768220970494e-06,5
MAOL,split_errors,5.0,basic_structure,metric_weight_max,2589.0,0.0,5
MAOL,split_errors,5.0,basic_structure,metric_density,0.00222799172738054,2.6505773537577463e-07,5
MAOL,split_errors,5.0,degree_distribution,metric_total_degree_mean,245.02739887461252,0.01461627953528742,5
MAOL,split_errors,5.0,degree_distribution,metric_in_degree_mean,122.51369943730626,0.007308139767644775,5
MAOL,split_errors,5.0,degree_distribution,metric_out_degree_mean,122.51369943730626,0.007308139767644775,5
MAOL,split_errors,5.0,degree_distribution,metric_total_degree_std,355.8301752597371,1.8866790487369145,5
MAOL,split_errors,5.0,degree_distribution,metric_in_degree_max,8113.0,0.0,5
MAOL,split_errors,5.0,degree_distribution,metric_out_degree_max,15947.0,0.0,5
MAOL,split_errors,5.0,assortativity,metric_degree_assortativity,-0.05597942749196676,0.0009429273881672479,5
MAOL,split_errors,5.0,connected_components,metric_wcc_count,821.0,0.0,5
MAOL,split_errors,5.0,connected_components,metric_wcc_max_size,54047.4,3.2619012860600183,5
MAOL,split_errors,5.0,connected_components,metric_scc_count,1768.8,2.85657137141714,5
MAOL,split_errors,5.0,connected_components,metric_scc_max_size,53189.4,3.3823069050575527,5
MAOL,split_errors,5.0,reciprocity,metric_reciprocity,0.2776333037886953,0.0,5
MAOL,split_errors,7.5,basic_structure,metric_node_count,56248.8,5.775811631277461,5
MAOL,split_errors,7.5,basic_structure,metric_edge_count,6736947.4,4.17612260356422,5
MAOL,split_errors,7.5,basic_structure,metric_total_synapses,26492151.6,8.452218643646175,5
MAOL,split_errors,7.5,basic_structure,metric_weight_mean,3.9323672914539065,1.4063535540135568e-06,5
MAOL,split_errors,7.5,basic_structure,metric_weight_variance,52.68049324061,2.768819989947996e-05,5
MAOL,split_errors,7.5,basic_structure,metric_weight_std,7.258132903206331,1.9073911658783903e-06,5
MAOL,split_errors,7.5,basic_structure,metric_weight_max,2589.0,0.0,5
MAOL,split_errors,7.5,basic_structure,metric_density,0.00212933683954972,4.3840092157309737e-07,5
MAOL,split_errors,7.5,degree_distribution,metric_total_degree_mean,239.54102030301684,0.024727402343168347,5
MAOL,split_errors,7.5,degree_distribution,metric_in_degree_mean,119.77051015150842,0.012363701171582992,5
MAOL,split_errors,7.5,degree_distribution,metric_out_degree_mean,119.77051015150842,0.012363701171582992,5
MAOL,split_errors,7.5,degree_distribution,metric_total_degree_std,350.8356209213124,2.189610433364443,5
MAOL,split_errors,7.5,degree_distribution,metric_in_degree_max,8113.0,0.0,5
MAOL,split_errors,7.5,degree_distribution,metric_out_degree_max,15947.0,0.0,5
MAOL,split_errors,7.5,assortativity,metric_degree_assortativity,-0.05537455933981979,0.000989295799397034,5
MAOL,split_errors,7.5,connected_components,metric_wcc_count,821.0,0.0,5
MAOL,split_errors,7.5,connected_components,metric_wcc_max_size,55306.8,5.775811631277461,5
MAOL,split_errors,7.5,connected_components,metric_scc_count,1797.4,2.727636339397171,5
MAOL,split_errors,7.5,connected_components,metric_scc_max_size,54420.2,7.277362159464101,5
MAOL,split_errors,7.5,reciprocity,metric_reciprocity,0.2776333037886953,0.0,5
MAOL,split_errors,10.0,basic_structure,metric_node_count,57500.2,7.573638491504594,5
MAOL,split_errors,10.0,basic_structure,metric_edge_count,6736942.6,5.1613951602255765,5
MAOL,split_errors,10.0,basic_structure,metric_total_synapses,26492139.6,16.752313273097542,5
MAOL,split_errors,10.0,basic_structure,metric_weight_mean,3.9323683120002166,1.4789423072553527e-06,5
MAOL,split_errors,10.0,basic_structure,metric_weight_variance,52.680520822607676,2.7386244297621993e-05,5
MAOL,split_errors,10.0,basic_structure,metric_weight_std,7.258134803281358,1.8865898931268522e-06,5
MAOL,split_errors,10.0,basic_structure,metric_weight_max,2589.0,0.0,5
MAOL,split_errors,10.0,basic_structure,metric_density,0.0020376599626304196,5.38147489369934e-07,5
MAOL,split_errors,10.0,degree_distribution,metric_total_degree_mean,234.32762729510105,0.03102793440080566,5
MAOL,split_errors,10.0,degree_distribution,metric_in_degree_mean,117.16381364755053,0.015513967200392479,5
MAOL,split_errors,10.0,degree_distribution,metric_out_degree_mean,117.16381364755053,0.015513967200392479,5
MAOL,split_errors,10.0,degree_distribution,metric_total_degree_std,346.44721889443235,2.208605553308553,5
MAOL,split_errors,10.0,degree_distribution,metric_in_degree_max,8113.0,0.0,5
MAOL,split_errors,10.0,degree_distribution,metric_out_degree_max,15947.0,0.0,5
MAOL,split_errors,10.0,assortativity,metric_degree_assortativity,-0.054858611363601886,0.0009842394264340973,5
MAOL,split_errors,10.0,connected_components,metric_wcc_count,821.0,0.0,5
MAOL,split_errors,10.0,connected_components,metric_wcc_max_size,56558.2,7.573638491504594,5
MAOL,split_errors,10.0,connected_components,metric_scc_count,1827.6,7.002856560004639,5
MAOL,split_errors,10.0,connected_components,metric_scc_max_size,55641.4,11.825396399275586,5
MAOL,split_errors,10.0,reciprocity,metric_reciprocity,0.2776333037886953,0.0,5
MAOL,split_errors,15.0,basic_structure,metric_node_count,59982.2,16.557777628655362,5
MAOL,split_errors,15.0,basic_structure,metric_edge_count,6736929.2,2.785677655436824,5
MAOL,split_errors,15.0,basic_structure,metric_total_synapses,26492107.4,8.187795796183488,5
MAOL,split_errors,15.0,basic_structure,metric_weight_mean,3.9323713539993754,1.0416627198742867e-06,5
MAOL,split_errors,15.0,basic_structure,metric_weight_variance,52.680609015927985,1.4337665558713692e-05,5
MAOL,split_errors,15.0,basic_structure,metric_weight_std,7.258140878760001,9.876953812579092e-07,5
MAOL,split_errors,15.0,basic_structure,metric_weight_max,2589.0,0.0,5
MAOL,split_errors,15.0,basic_structure,metric_density,0.0018725117084793402,1.0344531885905192e-06,5
MAOL,split_errors,15.0,degree_distribution,metric_total_degree_mean,224.63096432080255,0.06209067317528396,5
MAOL,split_errors,15.0,degree_distribution,metric_in_degree_mean,112.31548216040127,0.031045336587633116,5
MAOL,split_errors,15.0,degree_distribution,metric_out_degree_mean,112.31548216040127,0.031045336587633116,5
MAOL,split_errors,15.0,degree_distribution,metric_total_degree_std,336.83638968337954,2.33743550737588,5
MAOL,split_errors,15.0,degree_distribution,metric_in_degree_max,8113.0,0.0,5
MAOL,split_errors,15.0,degree_distribution,metric_out_degree_max,15947.0,0.0,5
MAOL,split_errors,15.0,assortativity,metric_degree_assortativity,-0.053538329032867836,0.0010460254718367482,5
MAOL,split_errors,15.0,connected_components,metric_wcc_count,821.0,0.0,5
MAOL,split_errors,15.0,connected_components,metric_wcc_max_size,59040.0,16.272676485446393,5
MAOL,split_errors,15.0,connected_components,metric_scc_count,1888.8,5.2687759489277965,5
MAOL,split_errors,15.0,connected_components,metric_scc_max_size,58061.8,21.018087448671444,5
MAOL,split_errors,15.0,reciprocity,metric_reciprocity,0.2776333037886953,0.0,5
MAOL,split_errors,20.0,basic_structure,metric_node_count,62431.0,12.37739875741264,5
MAOL,split_errors,20.0,basic_structure,metric_edge_count,6736916.2,4.489988864128729,5
MAOL,split_errors,20.0,basic_structure,metric_total_synapses,26492079.6,11.359577456930342,5
MAOL,split_errors,20.0,basic_structure,metric_weight_mean,3.932374815647095,1.3141228258818487e-06,5
MAOL,split_errors,20.0,basic_structure,metric_weight_variance,52.68069235697617,1.978920797440531e-05,5
MAOL,split_errors,20.0,basic_structure,metric_weight_std,7.258146619969476,1.3632410873878778e-06,5
MAOL,split_errors,20.0,basic_structure,metric_weight_max,2589.0,0.0,5
MAOL,split_errors,20.0,basic_structure,metric_density,0.00172849278144666,6.858476373741351e-07,5
MAOL,split_errors,20.0,degree_distribution,metric_total_degree_mean,215.81959171344005,0.04284134993531448,5
MAOL,split_errors,20.0,degree_distribution,metric_in_degree_mean,107.90979585672002,0.021420674967659082,5
MAOL,split_errors,20.0,degree_distribution,metric_out_degree_mean,107.90979585672002,0.021420674967659082,5
MAOL,split_errors,20.0,degree_distribution,metric_total_degree_std,327.39882634837306,2.165745711061442,5
MAOL,split_errors,20.0,degree_distribution,metric_in_degree_max,8113.0,0.0,5
MAOL,split_errors,20.0,degree_distribution,metric_out_degree_max,15947.0,0.0,5
MAOL,split_errors,20.0,assortativity,metric_degree_assortativity,-0.05244339806961472,0.0010517778764733757,5
MAOL,split_errors,20.0,connected_components,metric_wcc_count,821.0,0.0,5
MAOL,split_errors,20.0,connected_components,metric_wcc_max_size,61488.8,12.155657119218196,5
MAOL,split_errors,20.0,connected_components,metric_scc_count,1934.2,8.518215775618742,5
MAOL,split_errors,20.0,connected_components,metric_scc_max_size,60465.6,18.380424369420854,5
MAOL,split_errors,20.0,reciprocity,metric_reciprocity,0.2776333037886953,0.0,5
MAOL,synapse_count_measurement,0.0,basic_structure,metric_node_count,52445.0,0.0,5
MAOL,synapse_count_measurement,0.0,basic_structure,metric_edge_count,6736968.0,0.0,5
MAOL,synapse_count_measurement,0.0,basic_structure,metric_total_synapses,26492194.0,0.0,5
MAOL,synapse_count_measurement,0.0,basic_structure,metric_weight_mean,3.932361560868331,0.0,5
MAOL,synapse_count_measurement,0.0,basic_structure,metric_weight_variance,52.68035125761817,0.0,5
MAOL,synapse_count_measurement,0.0,basic_structure,metric_weight_std,7.258123122241601,0.0,5
MAOL,synapse_count_measurement,0.0,basic_structure,metric_weight_max,2589.0,0.0,5
MAOL,synapse_count_measurement,0.0,basic_structure,metric_density,0.0024494274809646,0.0,5
MAOL,synapse_count_measurement,0.0,degree_distribution,metric_total_degree_mean,256.915549623415,0.0,5
MAOL,synapse_count_measurement,0.0,degree_distribution,metric_in_degree_mean,128.4577748117075,0.0,5
MAOL,synapse_count_measurement,0.0,degree_distribution,metric_out_degree_mean,128.4577748117075,0.0,5
MAOL,synapse_count_measurement,0.0,degree_distribution,metric_total_degree_std,373.1623058805182,0.0,5
MAOL,synapse_count_measurement,0.0,degree_distribution,metric_in_degree_max,11700.0,0.0,5
MAOL,synapse_count_measurement,0.0,degree_distribution,metric_out_degree_max,15947.0,0.0,5
MAOL,synapse_count_measurement,0.0,assortativity,metric_degree_assortativity,-0.05352990548572421,6.938893903907228e-18,5
MAOL,synapse_count_measurement,0.0,connected_components,metric_wcc_count,821.0,0.0,5
MAOL,synapse_count_measurement,0.0,connected_components,metric_wcc_max_size,51503.0,0.0,5
MAOL,synapse_count_measurement,0.0,connected_components,metric_scc_count,1705.0,0.0,5
MAOL,synapse_count_measurement,0.0,connected_components,metric_scc_max_size,50709.0,0.0,5
MAOL,synapse_count_measurement,0.0,reciprocity,metric_reciprocity,0.2776333037886953,0.0,5
MAOL,synapse_count_measurement,0.5,basic_structure,metric_node_count,52445.0,0.0,5
MAOL,synapse_count_measurement,0.5,basic_structure,metric_edge_count,6736968.0,0.0,5
MAOL,synapse_count_measurement,0.5,basic_structure,metric_total_synapses,26492174.8,92.57083774061894,5
MAOL,synapse_count_measurement,0.5,basic_structure,metric_weight_mean,3.9323587109215894,1.3740726947208634e-05,5
MAOL,synapse_count_measurement,0.5,basic_structure,metric_weight_variance,52.68092163309824,0.008359259614111261,5
MAOL,synapse_count_measurement,0.5,basic_structure,metric_weight_std,7.258162391507628,0.0005758493942772584,5
MAOL,synapse_count_measurement,0.5,basic_structure,metric_weight_max,2598.4,13.245376551838758,5
MAOL,synapse_count_measurement,0.5,basic_structure,metric_density,0.0024494274809646,0.0,5
MAOL,synapse_count_measurement,0.5,degree_distribution,metric_total_degree_mean,256.915549623415,0.0,5
MAOL,synapse_count_measurement,0.5,degree_distribution,metric_in_degree_mean,128.4577748117075,0.0,5
MAOL,synapse_count_measurement,0.5,degree_distribution,metric_out_degree_mean,128.4577748117075,0.0,5
MAOL,synapse_count_measurement,0.5,degree_distribution,metric_total_degree_std,373.1623058805182,0.0,5
MAOL,synapse_count_measurement,0.5,degree_distribution,metric_in_degree_max,11700.0,0.0,5
MAOL,synapse_count_measurement,0.5,degree_distribution,metric_out_degree_max,15947.0,0.0,5
MAOL,synapse_count_measurement,0.5,assortativity,metric_degree_assortativity,-0.05352990548572421,6.938893903907228e-18,5
MAOL,synapse_count_measurement,0.5,connected_components,metric_wcc_count,821.0,0.0,5
MAOL,synapse_count_measurement,0.5,connected_components,metric_wcc_max_size,51503.0,0.0,5
MAOL,synapse_count_measurement,0.5,connected_components,metric_scc_count,1705.0,0.0,5
MAOL,synapse_count_measurement,0.5,connected_components,metric_scc_max_size,50709.0,0.0,5
MAOL,synapse_count_measurement,0.5,reciprocity,metric_reciprocity,0.2776333037886953,0.0,5
MAOL,synapse_count_measurement,1.0,basic_structure,metric_node_count,52445.0,0.0,5
MAOL,synapse_count_measurement,1.0,basic_structure,metric_edge_count,6736968.0,0.0,5
MAOL,synapse_count_measurement,1.0,basic_structure,metric_total_synapses,26492136.4,142.4381971242265,5
MAOL,synapse_count_measurement,1.0,basic_structure,metric_weight_mean,3.9323530110281064,2.114277478012331e-05,5
MAOL,synapse_count_measurement,1.0,basic_structure,metric_weight_variance,52.68486441614108,0.015187810826121032,5
MAOL,synapse_count_measurement,1.0,basic_structure,metric_weight_std,7.258433944149627,0.001046211057263089,5
MAOL,synapse_count_measurement,1.0,basic_structure,metric_weight_max,2608.4,26.82237871628838,5
MAOL,synapse_count_measurement,1.0,basic_structure,metric_density,0.0024494274809646,0.0,5
MAOL,synapse_count_measurement,1.0,degree_distribution,metric_total_degree_mean,256.915549623415,0.0,5
MAOL,synapse_count_measurement,1.0,degree_distribution,metric_in_degree_mean,128.4577748117075,0.0,5
MAOL,synapse_count_measurement,1.0,degree_distribution,metric_out_degree_mean,128.4577748117075,0.0,5
MAOL,synapse_count_measurement,1.0,degree_distribution,metric_total_degree_std,373.1623058805182,0.0,5
MAOL,synapse_count_measurement,1.0,degree_distribution,metric_in_degree_max,11700.0,0.0,5
MAOL,synapse_count_measurement,1.0,degree_distribution,metric_out_degree_max,15947.0,0.0,5
MAOL,synapse_count_measurement,1.0,assortativity,metric_degree_assortativity,-0.05352990548572421,6.938893903907228e-18,5
MAOL,synapse_count_measurement,1.0,connected_components,metric_wcc_count,821.0,0.0,5
MAOL,synapse_count_measurement,1.0,connected_components,metric_wcc_max_size,51503.0,0.0,5
MAOL,synapse_count_measurement,1.0,connected_components,metric_scc_count,1705.0,0.0,5
MAOL,synapse_count_measurement,1.0,connected_components,metric_scc_max_size,50709.0,0.0,5
MAOL,synapse_count_measurement,1.0,reciprocity,metric_reciprocity,0.2776333037886953,0.0,5
MAOL,synapse_count_measurement,2.0,basic_structure,metric_node_count,52445.0,0.0,5
MAOL,synapse_count_measurement,2.0,basic_structure,metric_edge_count,6736968.0,0.0,5
MAOL,synapse_count_measurement,2.0,basic_structure,metric_total_synapses,26491851.0,318.7795476500963,5
MAOL,synapse_count_measurement,2.0,basic_structure,metric_weight_mean,3.9323106477572694,4.731795485006817e-05,5
MAOL,synapse_count_measurement,2.0,basic_structure,metric_weight_variance,52.70342801373213,0.031038303796005348,5
MAOL,synapse_count_measurement,2.0,basic_structure,metric_weight_std,7.259712352701665,0.002137700398100906,5
MAOL,synapse_count_measurement,2.0,basic_structure,metric_weight_max,2627.6,53.619399474443945,5
MAOL,synapse_count_measurement,2.0,basic_structure,metric_density,0.0024494274809646,0.0,5
MAOL,synapse_count_measurement,2.0,degree_distribution,metric_total_degree_mean,256.915549623415,0.0,5
MAOL,synapse_count_measurement,2.0,degree_distribution,metric_in_degree_mean,128.4577748117075,0.0,5
MAOL,synapse_count_measurement,2.0,degree_distribution,metric_out_degree_mean,128.4577748117075,0.0,5
MAOL,synapse_count_measurement,2.0,degree_distribution,metric_total_degree_std,373.1623058805182,0.0,5
MAOL,synapse_count_measurement,2.0,degree_distribution,metric_in_degree_max,11700.0,0.0,5
MAOL,synapse_count_measurement,2.0,degree_distribution,metric_out_degree_max,15947.0,0.0,5
MAOL,synapse_count_measurement,2.0,assortativity,metric_degree_assortativity,-0.05352990548572421,6.938893903907228e-18,5
MAOL,synapse_count_measurement,2.0,connected_components,metric_wcc_count,821.0,0.0,5
MAOL,synapse_count_measurement,2.0,connected_components,metric_wcc_max_size,51503.0,0.0,5
MAOL,synapse_count_measurement,2.0,connected_components,metric_scc_count,1705.0,0.0,5
MAOL,synapse_count_measurement,2.0,connected_components,metric_scc_max_size,50709.0,0.0,5
MAOL,synapse_count_measurement,2.0,reciprocity,metric_reciprocity,0.2776333037886953,0.0,5
MAOL,synapse_count_measurement,3.0,basic_structure,metric_node_count,52445.0,0.0,5
MAOL,synapse_count_measurement,3.0,basic_structure,metric_edge_count,6736968.0,0.0,5
MAOL,synapse_count_measurement,3.0,basic_structure,metric_total_synapses,26491865.6,504.9200332725965,5
MAOL,synapse_count_measurement,3.0,basic_structure,metric_weight_mean,3.9323128149042716,7.49476668545034e-05,5
MAOL,synapse_count_measurement,3.0,basic_structure,metric_weight_variance,52.73895856007566,0.04630250006560552,5
MAOL,synapse_count_measurement,3.0,basic_structure,metric_weight_std,7.262158659605809,0.003187912798538734,5
MAOL,synapse_count_measurement,3.0,basic_structure,metric_weight_max,2646.8,80.25060747433629,5
MAOL,synapse_count_measurement,3.0,basic_structure,metric_density,0.0024494274809646,0.0,5
MAOL,synapse_count_measurement,3.0,degree_distribution,metric_total_degree_mean,256.915549623415,0.0,5
MAOL,synapse_count_measurement,3.0,degree_distribution,metric_in_degree_mean,128.4577748117075,0.0,5
MAOL,synapse_count_measurement,3.0,degree_distribution,metric_out_degree_mean,128.4577748117075,0.0,5
MAOL,synapse_count_measurement,3.0,degree_distribution,metric_total_degree_std,373.1623058805182,0.0,5
MAOL,synapse_count_measurement,3.0,degree_distribution,metric_in_degree_max,11700.0,0.0,5
MAOL,synapse_count_measurement,3.0,degree_distribution,metric_out_degree_max,15947.0,0.0,5
MAOL,synapse_count_measurement,3.0,assortativity,metric_degree_assortativity,-0.05352990548572421,6.938893903907228e-18,5
MAOL,synapse_count_measurement,3.0,connected_components,metric_wcc_count,821.0,0.0,5
MAOL,synapse_count_measurement,3.0,connected_components,metric_wcc_max_size,51503.0,0.0,5
MAOL,synapse_count_measurement,3.0,connected_components,metric_scc_count,1705.0,0.0,5
MAOL,synapse_count_measurement,3.0,connected_components,metric_scc_max_size,50709.0,0.0,5
MAOL,synapse_count_measurement,3.0,reciprocity,metric_reciprocity,0.2776333037886953,0.0,5
MAOL,synapse_count_measurement,5.0,basic_structure,metric_node_count,52445.0,0.0,5
MAOL,synapse_count_measurement,5.0,basic_structure,metric_edge_count,6736968.0,0.0,5
MAOL,synapse_count_measurement,5.0,basic_structure,metric_total_synapses,26491707.6,799.9286468179521,5
MAOL,synapse_count_measurement,5.0,basic_structure,metric_weight_mean,3.9322893622175434,0.00011873718961060966,5
MAOL,synapse_count_measurement,5.0,basic_structure,metric_weight_variance,52.85395565520885,0.07558757152517746,5
MAOL,synapse_count_measurement,5.0,basic_structure,metric_weight_std,7.27007074448152,0.005198600077422692,5
MAOL,synapse_count_measurement,5.0,basic_structure,metric_weight_max,2692.0,121.68483882554968,5
MAOL,synapse_count_measurement,5.0,basic_structure,metric_density,0.0024494274809646,0.0,5
MAOL,synapse_count_measurement,5.0,degree_distribution,metric_total_degree_mean,256.915549623415,0.0,5
MAOL,synapse_count_measurement,5.0,degree_distribution,metric_in_degree_mean,128.4577748117075,0.0,5
MAOL,synapse_count_measurement,5.0,degree_distribution,metric_out_degree_mean,128.4577748117075,0.0,5
MAOL,synapse_count_measurement,5.0,degree_distribution,metric_total_degree_std,373.1623058805182,0.0,5
MAOL,synapse_count_measurement,5.0,degree_distribution,metric_in_degree_max,11700.0,0.0,5
MAOL,synapse_count_measurement,5.0,degree_distribution,metric_out_degree_max,15947.0,0.0,5
MAOL,synapse_count_measurement,5.0,assortativity,metric_degree_assortativity,-0.05352990548572421,6.938893903907228e-18,5
MAOL,synapse_count_measurement,5.0,connected_components,metric_wcc_count,821.0,0.0,5
MAOL,synapse_count_measurement,5.0,connected_components,metric_wcc_max_size,51503.0,0.0,5
MAOL,synapse_count_measurement,5.0,connected_components,metric_scc_count,1705.0,0.0,5
MAOL,synapse_count_measurement,5.0,connected_components,metric_scc_max_size,50709.0,0.0,5
MAOL,synapse_count_measurement,5.0,reciprocity,metric_reciprocity,0.2776333037886953,0.0,5
MAOL,synapse_count_measurement,7.5,basic_structure,metric_node_count,52445.0,0.0,5
MAOL,synapse_count_measurement,7.5,basic_structure,metric_edge_count,6736968.0,0.0,5
MAOL,synapse_count_measurement,7.5,basic_structure,metric_total_synapses,26491276.0,1545.8469523209599,5
MAOL,synapse_count_measurement,7.5,basic_structure,metric_weight_mean,3.932225297789748,0.00022945736900039846,5
MAOL,synapse_count_measurement,7.5,basic_structure,metric_weight_variance,53.07515451867423,0.11080811884398159,5
MAOL,synapse_count_measurement,7.5,basic_structure,metric_weight_std,7.285265725033083,0.0076048887171190314,5
MAOL,synapse_count_measurement,7.5,basic_structure,metric_weight_max,2777.4,119.84756985437795,5
MAOL,synapse_count_measurement,7.5,basic_structure,metric_density,0.0024494274809646,0.0,5
MAOL,synapse_count_measurement,7.5,degree_distribution,metric_total_degree_mean,256.915549623415,0.0,5
MAOL,synapse_count_measurement,7.5,degree_distribution,metric_in_degree_mean,128.4577748117075,0.0,5
MAOL,synapse_count_measurement,7.5,degree_distribution,metric_out_degree_mean,128.4577748117075,0.0,5
MAOL,synapse_count_measurement,7.5,degree_distribution,metric_total_degree_std,373.1623058805182,0.0,5
MAOL,synapse_count_measurement,7.5,degree_distribution,metric_in_degree_max,11700.0,0.0,5
MAOL,synapse_count_measurement,7.5,degree_distribution,metric_out_degree_max,15947.0,0.0,5
MAOL,synapse_count_measurement,7.5,assortativity,metric_degree_assortativity,-0.05352990548572421,6.938893903907228e-18,5
MAOL,synapse_count_measurement,7.5,connected_components,metric_wcc_count,821.0,0.0,5
MAOL,synapse_count_measurement,7.5,connected_components,metric_wcc_max_size,51503.0,0.0,5
MAOL,synapse_count_measurement,7.5,connected_components,metric_scc_count,1705.0,0.0,5
MAOL,synapse_count_measurement,7.5,connected_components,metric_scc_max_size,50709.0,0.0,5
MAOL,synapse_count_measurement,7.5,reciprocity,metric_reciprocity,0.2776333037886953,0.0,5
MAOL,synapse_count_measurement,10.0,basic_structure,metric_node_count,52445.0,0.0,5
MAOL,synapse_count_measurement,10.0,basic_structure,metric_edge_count,6736968.0,0.0,5
MAOL,synapse_count_measurement,10.0,basic_structure,metric_total_synapses,26491101.8,1893.998669482109,5
MAOL,synapse_count_measurement,10.0,basic_structure,metric_weight_mean,3.9321994404604568,0.0002811351737876569,5
MAOL,synapse_count_measurement,10.0,basic_structure,metric_weight_variance,53.384983629488715,0.14287232178154563,5
MAOL,synapse_count_measurement,10.0,basic_structure,metric_weight_std,7.306496290112167,0.009777119507039182,5
MAOL,synapse_count_measurement,10.0,basic_structure,metric_weight_max,2862.8,122.11207966454423,5
MAOL,synapse_count_measurement,10.0,basic_structure,metric_density,0.0024494274809646,0.0,5
MAOL,synapse_count_measurement,10.0,degree_distribution,metric_total_degree_mean,256.915549623415,0.0,5
MAOL,synapse_count_measurement,10.0,degree_distribution,metric_in_degree_mean,128.4577748117075,0.0,5
MAOL,synapse_count_measurement,10.0,degree_distribution,metric_out_degree_mean,128.4577748117075,0.0,5
MAOL,synapse_count_measurement,10.0,degree_distribution,metric_total_degree_std,373.1623058805182,0.0,5
MAOL,synapse_count_measurement,10.0,degree_distribution,metric_in_degree_max,11700.0,0.0,5
MAOL,synapse_count_measurement,10.0,degree_distribution,metric_out_degree_max,15947.0,0.0,5
MAOL,synapse_count_measurement,10.0,assortativity,metric_degree_assortativity,-0.05352990548572421,6.938893903907228e-18,5
MAOL,synapse_count_measurement,10.0,connected_components,metric_wcc_count,821.0,0.0,5
MAOL,synapse_count_measurement,10.0,connected_components,metric_wcc_max_size,51503.0,0.0,5
MAOL,synapse_count_measurement,10.0,connected_components,metric_scc_count,1705.0,0.0,5
MAOL,synapse_count_measurement,10.0,connected_components,metric_scc_max_size,50709.0,0.0,5
MAOL,synapse_count_measurement,10.0,reciprocity,metric_reciprocity,0.2776333037886953,0.0,5
MAOL,synapse_count_measurement,15.0,basic_structure,metric_node_count,52445.0,0.0,5
MAOL,synapse_count_measurement,15.0,basic_structure,metric_edge_count,6736968.0,0.0,5
MAOL,synapse_count_measurement,15.0,basic_structure,metric_total_synapses,26491674.6,2969.9728348926024,5
MAOL,synapse_count_measurement,15.0,basic_structure,metric_weight_mean,3.932284463871581,0.0004408471043488328,5
MAOL,synapse_count_measurement,15.0,basic_structure,metric_weight_variance,54.26917593183977,0.20804413725942805,5
MAOL,synapse_count_measurement,15.0,basic_structure,metric_weight_std,7.366748031604769,0.014119868520193776,5
MAOL,synapse_count_measurement,15.0,basic_structure,metric_weight_max,3033.6,136.97532624527673,5
MAOL,synapse_count_measurement,15.0,basic_structure,metric_density,0.0024494274809646,0.0,5
MAOL,synapse_count_measurement,15.0,degree_distribution,metric_total_degree_mean,256.915549623415,0.0,5
MAOL,synapse_count_measurement,15.0,degree_distribution,metric_in_degree_mean,128.4577748117075,0.0,5
MAOL,synapse_count_measurement,15.0,degree_distribution,metric_out_degree_mean,128.4577748117075,0.0,5
MAOL,synapse_count_measurement,15.0,degree_distribution,metric_total_degree_std,373.1623058805182,0.0,5
MAOL,synapse_count_measurement,15.0,degree_distribution,metric_in_degree_max,11700.0,0.0,5
MAOL,synapse_count_measurement,15.0,degree_distribution,metric_out_degree_max,15947.0,0.0,5
MAOL,synapse_count_measurement,15.0,assortativity,metric_degree_assortativity,-0.05352990548572421,6.938893903907228e-18,5
MAOL,synapse_count_measurement,15.0,connected_components,metric_wcc_count,821.0,0.0,5
MAOL,synapse_count_measurement,15.0,connected_components,metric_wcc_max_size,51503.0,0.0,5
MAOL,synapse_count_measurement,15.0,connected_components,metric_scc_count,1705.0,0.0,5
MAOL,synapse_count_measurement,15.0,connected_components,metric_scc_max_size,50709.0,0.0,5
MAOL,synapse_count_measurement,15.0,reciprocity,metric_reciprocity,0.2776333037886953,0.0,5
MAOL,synapse_count_measurement,20.0,basic_structure,metric_node_count,52445.0,0.0,5
MAOL,synapse_count_measurement,20.0,basic_structure,metric_edge_count,6736968.0,0.0,5
MAOL,synapse_count_measurement,20.0,basic_structure,metric_total_synapses,26505938.6,3920.244818885678,5
MAOL,synapse_count_measurement,20.0,basic_structure,metric_weight_mean,3.934401736805043,0.0005819004660383747,5
MAOL,synapse_count_measurement,20.0,basic_structure,metric_weight_variance,55.48354687974173,0.2731551229415436,5
MAOL,synapse_count_measurement,20.0,basic_structure,metric_weight_std,7.448705306295167,0.018334113339827825,5
MAOL,synapse_count_measurement,20.0,basic_structure,metric_weight_max,3204.6,162.53565762625752,5
MAOL,synapse_count_measurement,20.0,basic_structure,metric_density,0.0024494274809646,0.0,5
MAOL,synapse_count_measurement,20.0,degree_distribution,metric_total_degree_mean,256.915549623415,0.0,5
MAOL,synapse_count_measurement,20.0,degree_distribution,metric_in_degree_mean,128.4577748117075,0.0,5
MAOL,synapse_count_measurement,20.0,degree_distribution,metric_out_degree_mean,128.4577748117075,0.0,5
MAOL,synapse_count_measurement,20.0,degree_distribution,metric_total_degree_std,373.1623058805182,0.0,5
MAOL,synapse_count_measurement,20.0,degree_distribution,metric_in_degree_max,11700.0,0.0,5
MAOL,synapse_count_measurement,20.0,degree_distribution,metric_out_degree_max,15947.0,0.0,5
MAOL,synapse_count_measurement,20.0,assortativity,metric_degree_assortativity,-0.05352990548572421,6.938893903907228e-18,5
MAOL,synapse_count_measurement,20.0,connected_components,metric_wcc_count,821.0,0.0,5
MAOL,synapse_count_measurement,20.0,connected_components,metric_wcc_max_size,51503.0,0.0,5
MAOL,synapse_count_measurement,20.0,connected_components,metric_scc_count,1705.0,0.0,5
MAOL,synapse_count_measurement,20.0,connected_components,metric_scc_max_size,50709.0,0.0,5
MAOL,synapse_count_measurement,20.0,reciprocity,metric_reciprocity,0.2776333037886953,0.0,5
MCNS,false_synapses,0.0,basic_structure,metric_node_count,166694.0,0.0,5
MCNS,false_synapses,0.0,basic_structure,metric_edge_count,6239112.0,0.0,5
MCNS,false_synapses,0.0,basic_structure,metric_total_synapses,89797169.0,0.0,5
MCNS,false_synapses,0.0,basic_structure,metric_weight_mean,14.392620135685977,1.7763568394002505e-15,5
MCNS,false_synapses,0.0,basic_structure,metric_weight_variance,414.009432483822,0.0,5
MCNS,false_synapses,0.0,basic_structure,metric_weight_std,20.347221738699904,0.0,5
MCNS,false_synapses,0.0,basic_structure,metric_weight_max,2591.0,0.0,5
MCNS,false_synapses,0.0,basic_structure,metric_density,0.0002245357256781,0.0,5
MCNS,false_synapses,0.0,degree_distribution,metric_total_degree_mean,74.85706744093969,0.0,5
MCNS,false_synapses,0.0,degree_distribution,metric_in_degree_mean,37.42853372046984,0.0,5
MCNS,false_synapses,0.0,degree_distribution,metric_out_degree_mean,37.42853372046984,0.0,5
MCNS,false_synapses,0.0,degree_distribution,metric_total_degree_std,125.87163733424268,0.0,5
MCNS,false_synapses,0.0,degree_distribution,metric_in_degree_max,6660.0,0.0,5
MCNS,false_synapses,0.0,degree_distribution,metric_out_degree_max,7570.0,0.0,5
MCNS,false_synapses,0.0,assortativity,metric_degree_assortativity,-0.0568881377134471,0.0,5
MCNS,false_synapses,0.0,connected_components,metric_wcc_count,875.0,0.0,5
MCNS,false_synapses,0.0,connected_components,metric_wcc_max_size,165820.0,0.0,5
MCNS,false_synapses,0.0,connected_components,metric_scc_count,8859.0,0.0,5
MCNS,false_synapses,0.0,connected_components,metric_scc_max_size,157789.0,0.0,5
MCNS,false_synapses,0.0,reciprocity,metric_reciprocity,0.1567291661257227,0.0,5
MCNS,false_synapses,0.25,basic_structure,metric_node_count,166694.0,0.0,5
MCNS,false_synapses,0.25,basic_structure,metric_edge_count,6254710.0,0.0,5
MCNS,false_synapses,0.25,basic_structure,metric_total_synapses,89875159.0,0.0,5
MCNS,false_synapses,0.25,basic_structure,metric_weight_mean,14.36919681328151,0.0,5
MCNS,false_synapses,0.25,basic_structure,metric_weight_variance,413.1964332005849,5.684341886080802e-14,5
MCNS,false_synapses,0.25,basic_structure,metric_weight_std,20.32723378132364,0.0,5
MCNS,false_synapses,0.25,basic_structure,metric_weight_max,2591.0,0.0,5
MCNS,false_synapses,0.25,basic_structure,metric_density,0.0002250970729098,0.0,5
MCNS,false_synapses,0.25,degree_distribution,metric_total_degree_mean,75.04421274910915,0.0,5
MCNS,false_synapses,0.25,degree_distribution,metric_in_degree_mean,37.522106374554575,0.0,5
MCNS,false_synapses,0.25,degree_distribution,metric_out_degree_mean,37.522106374554575,0.0,5
MCNS,false_synapses,0.25,degree_distribution,metric_total_degree_std,125.8689312590697,0.00045095040839522767,5
MCNS,false_synapses,0.25,degree_distribution,metric_in_degree_max,6660.0,0.0,5
MCNS,false_synapses,0.25,degree_distribution,metric_out_degree_max,7570.0,0.0,5
MCNS,false_synapses,0.25,assortativity,metric_degree_assortativity,-0.0565567527452505,6.1427266719323e-07,5
MCNS,false_synapses,0.25,connected_components,metric_wcc_count,875.0,0.0,5
MCNS,false_synapses,0.25,connected_components,metric_wcc_max_size,165820.0,0.0,5
MCNS,false_synapses,0.25,connected_components,metric_scc_count,8766.2,5.192301994298868,5
MCNS,false_synapses,0.25,connected_components,metric_scc_max_size,157881.2,4.791659420284375,5
MCNS,false_synapses,0.25,reciprocity,metric_reciprocity,0.15684673202133692,1.377122616264421e-05,5
MCNS,false_synapses,0.5,basic_structure,metric_node_count,166694.0,0.0,5
MCNS,false_synapses,0.5,basic_structure,metric_edge_count,6270308.0,0.0,5
MCNS,false_synapses,0.5,basic_structure,metric_total_synapses,89953149.0,0.0,5
MCNS,false_synapses,0.5,basic_structure,metric_weight_mean,14.345890026454843,1.7763568394002505e-15,5
MCNS,false_synapses,0.5,basic_structure,metric_weight_variance,412.3863896179731,0.0,5
MCNS,false_synapses,0.5,basic_structure,metric_weight_std,20.30729892472096,0.0,5
MCNS,false_synapses,0.5,basic_structure,metric_weight_max,2591.0,0.0,5
MCNS,false_synapses,0.5,basic_structure,metric_density,0.0002256584201414,0.0,5
MCNS,false_synapses,0.5,degree_distribution,metric_total_degree_mean,75.23135805727861,0.0,5
MCNS,false_synapses,0.5,degree_distribution,metric_in_degree_mean,37.615679028639306,0.0,5
MCNS,false_synapses,0.5,degree_distribution,metric_out_degree_mean,37.615679028639306,0.0,5
MCNS,false_synapses,0.5,degree_distribution,metric_total_degree_std,125.9045470488248,0.0006974796960033505,5
MCNS,false_synapses,0.5,degree_distribution,metric_in_degree_max,6660.0,0.0,5
MCNS,false_synapses,0.5,degree_distribution,metric_out_degree_max,7570.0,0.0,5
MCNS,false_synapses,0.5,assortativity,metric_degree_assortativity,-0.0562856337939109,2.2289571299704588e-06,5
MCNS,false_synapses,0.5,connected_components,metric_wcc_count,875.0,0.0,5
MCNS,false_synapses,0.5,connected_components,metric_wcc_max_size,165820.0,0.0,5
MCNS,false_synapses,0.5,connected_components,metric_scc_count,8739.8,1.5999999999999999,5
MCNS,false_synapses,0.5,connected_components,metric_scc_max_size,157907.4,1.8547236990991407,5
MCNS,false_synapses,0.5,reciprocity,metric_reciprocity,0.15702450763840264,6.40983772657817e-06,5
MCNS,false_synapses,0.75,basic_structure,metric_node_count,166694.0,0.0,5
MCNS,false_synapses,0.75,basic_structure,metric_edge_count,6285905.0,0.0,5
MCNS,false_synapses,0.75,basic_structure,metric_total_synapses,90031134.0,0.0,5
MCNS,false_synapses,0.75,basic_structure,metric_weight_mean,14.32270039079496,1.7763568394002505e-15,5
MCNS,false_synapses,0.75,basic_structure,metric_weight_variance,411.57933947052754,0.0,5
MCNS,false_synapses,0.75,basic_structure,metric_weight_std,20.28741825542441,0.0,5
MCNS,false_synapses,0.75,basic_structure,metric_weight_max,2591.0,0.0,5
MCNS,false_synapses,0.75,basic_structure,metric_density,0.00022621973138460002,2.710505431213761e-20,5
MCNS,false_synapses,0.75,degree_distribution,metric_total_degree_mean,75.41849136741574,0.0,5
MCNS,false_synapses,0.75,degree_distribution,metric_in_degree_mean,37.70924568370787,0.0,5
MCNS,false_synapses,0.75,degree_distribution,metric_out_degree_mean,37.70924568370787,0.0,5
MCNS,false_synapses,0.75,degree_distribution,metric_total_degree_std,125.95772533684979,0.0015012600765034587,5
MCNS,false_synapses,0.75,degree_distribution,metric_in_degree_max,6660.0,0.0,5
MCNS,false_synapses,0.75,degree_distribution,metric_out_degree_max,7570.0,0.0,5
MCNS,false_synapses,0.75,assortativity,metric_degree_assortativity,-0.05603010387484596,2.33112553166435e-06,5
MCNS,false_synapses,0.75,connected_components,metric_wcc_count,875.0,0.0,5
MCNS,false_synapses,0.75,connected_components,metric_wcc_max_size,165820.0,0.0,5
MCNS,false_synapses,0.75,connected_components,metric_scc_count,8723.8,5.075431016179809,5
MCNS,false_synapses,0.75,connected_components,metric_scc_max_size,157924.0,5.329165037789691,5
MCNS,false_synapses,0.75,reciprocity,metric_reciprocity,0.15716432700746924,3.831839603185808e-06,5
MCNS,false_synapses,1.0,basic_structure,metric_node_count,166694.0,0.0,5
MCNS,false_synapses,1.0,basic_structure,metric_edge_count,6301503.0,0.0,5
MCNS,false_synapses,1.0,basic_structure,metric_total_synapses,90109124.0,0.0,5
MCNS,false_synapses,1.0,basic_structure,metric_weight_mean,14.29962407381223,1.7763568394002505e-15,5
MCNS,false_synapses,1.0,basic_structure,metric_weight_variance,410.7751654136273,0.0,5
MCNS,false_synapses,1.0,basic_structure,metric_weight_std,20.26758903800912,0.0,5
MCNS,false_synapses,1.0,basic_structure,metric_weight_max,2591.0,0.0,5
MCNS,false_synapses,1.0,basic_structure,metric_density,0.0002267810786163,0.0,5
MCNS,false_synapses,1.0,degree_distribution,metric_total_degree_mean,75.6056366755852,0.0,5
MCNS,false_synapses,1.0,degree_distribution,metric_in_degree_mean,37.8028183377926,0.0,5
MCNS,false_synapses,1.0,degree_distribution,metric_out_degree_mean,37.8028183377926,0.0,5
MCNS,false_synapses,1.0,degree_distribution,metric_total_degree_std,125.99221359358596,0.0014273106352486878,5
MCNS,false_synapses,1.0,degree_distribution,metric_in_degree_max,6660.0,0.0,5
MCNS,false_synapses,1.0,degree_distribution,metric_out_degree_max,7570.0,0.0,5
MCNS,false_synapses,1.0,assortativity,metric_degree_assortativity,-0.05575908166490752,2.694836983549989e-06,5
MCNS,false_synapses,1.0,connected_components,metric_wcc_count,875.0,0.0,5
MCNS,false_synapses,1.0,connected_components,metric_wcc_max_size,165820.0,0.0,5
MCNS,false_synapses,1.0,connected_components,metric_scc_count,8708.2,2.7129319932501073,5
MCNS,false_synapses,1.0,connected_components,metric_scc_max_size,157939.8,2.7129319932501073,5
MCNS,false_synapses,1.0,reciprocity,metric_reciprocity,0.15735452833736802,1.2941547216172676e-05,5
MCNS,false_synapses,2.0,basic_structure,metric_node_count,166694.0,0.0,5
MCNS,false_synapses,2.0,basic_structure,metric_edge_count,6363894.0,0.0,5
MCNS,false_synapses,2.0,basic_structure,metric_total_synapses,90421079.0,0.0,5
MCNS,false_synapses,2.0,basic_structure,metric_weight_mean,14.20845146069372,0.0,5
MCNS,false_synapses,2.0,basic_structure,metric_weight_variance,407.5875240858738,0.0,5
MCNS,false_synapses,2.0,basic_structure,metric_weight_std,20.188796994518366,0.0,5
MCNS,false_synapses,2.0,basic_structure,metric_weight_max,2591.0,0.0,5
MCNS,false_synapses,2.0,basic_structure,metric_density,0.0002290264315545,0.0,5
MCNS,false_synapses,2.0,degree_distribution,metric_total_degree_mean,76.35420591023072,0.0,5
MCNS,false_synapses,2.0,degree_distribution,metric_in_degree_mean,38.17710295511536,0.0,5
MCNS,false_synapses,2.0,degree_distribution,metric_out_degree_mean,38.17710295511536,0.0,5
MCNS,false_synapses,2.0,degree_distribution,metric_total_degree_std,126.2141219237661,0.0015032572738784041,5
MCNS,false_synapses,2.0,degree_distribution,metric_in_degree_max,6660.0,0.0,5
MCNS,false_synapses,2.0,degree_distribution,metric_out_degree_max,7570.0,0.0,5
MCNS,false_synapses,2.0,assortativity,metric_degree_assortativity,-0.054758671706714876,3.819854789052994e-06,5
MCNS,false_synapses,2.0,connected_components,metric_wcc_count,875.0,0.0,5
MCNS,false_synapses,2.0,connected_components,metric_wcc_max_size,165820.0,0.0,5
MCNS,false_synapses,2.0,connected_components,metric_scc_count,8642.8,3.1240998703626617,5
MCNS,false_synapses,2.0,connected_components,metric_scc_max_size,158006.4,3.0724582991474434,5
MCNS,false_synapses,2.0,reciprocity,metric_reciprocity,0.1580314261308674,1.2778856699991872e-05,5
MCNS,false_synapses,5.0,basic_structure,metric_node_count,166694.0,0.0,5
MCNS,false_synapses,5.0,basic_structure,metric_edge_count,6551068.0,0.0,5
MCNS,false_synapses,5.0,basic_structure,metric_total_synapses,91356949.0,0.0,5
MCNS,false_synapses,5.0,basic_structure,metric_weight_mean,13.94535196398511,0.0,5
MCNS,false_synapses,5.0,basic_structure,metric_weight_variance,398.2956447466525,0.0,5
MCNS,false_synapses,5.0,basic_structure,metric_weight_std,19.9573456337924,0.0,5
MCNS,false_synapses,5.0,basic_structure,metric_weight_max,2591.0,0.0,5
MCNS,false_synapses,5.0,basic_structure,metric_density,0.00023576252635740003,2.710505431213761e-20,5
MCNS,false_synapses,5.0,degree_distribution,metric_total_degree_mean,78.5999256121996,0.0,5
MCNS,false_synapses,5.0,degree_distribution,metric_in_degree_mean,39.2999628060998,0.0,5
MCNS,false_synapses,5.0,degree_distribution,metric_out_degree_mean,39.2999628060998,0.0,5
MCNS,false_synapses,5.0,degree_distribution,metric_total_degree_std,127.78234470059974,0.0031178135922048634,5
MCNS,false_synapses,5.0,degree_distribution,metric_in_degree_max,6660.0,0.0,5
MCNS,false_synapses,5.0,degree_distribution,metric_out_degree_max,7570.0,0.0,5
MCNS,false_synapses,5.0,assortativity,metric_degree_assortativity,-0.05164086309028974,1.0788023434723042e-05,5
MCNS,false_synapses,5.0,connected_components,metric_wcc_count,875.0,0.0,5
MCNS,false_synapses,5.0,connected_components,metric_wcc_max_size,165820.0,0.0,5
MCNS,false_synapses,5.0,connected_components,metric_scc_count,8542.8,5.491812087098393,5
MCNS,false_synapses,5.0,connected_components,metric_scc_max_size,158108.0,5.440588203494177,5
MCNS,false_synapses,5.0,reciprocity,metric_reciprocity,0.15841588752947994,2.9481656702531802e-05,5
MCNS,false_synapses,10.0,basic_structure,metric_node_count,166694.0,0.0,5
MCNS,false_synapses,10.0,basic_structure,metric_edge_count,6863023.0,0.0,5
MCNS,false_synapses,10.0,basic_structure,metric_total_synapses,92916724.0,0.0,5
MCNS,false_synapses,10.0,basic_structure,metric_weight_mean,13.538745826729706,1.7763568394002505e-15,5
MCNS,false_synapses,10.0,basic_structure,metric_weight_variance,383.6632380091986,0.0,5
MCNS,false_synapses,10.0,basic_structure,metric_weight_std,19.587323400842664,0.0,5
MCNS,false_synapses,10.0,basic_structure,metric_weight_max,2591.0,0.0,5
MCNS,false_synapses,10.0,basic_structure,metric_density,0.0002469892910482,0.0,5
MCNS,false_synapses,10.0,degree_distribution,metric_total_degree_mean,82.34277178542719,0.0,5
MCNS,false_synapses,10.0,degree_distribution,metric_in_degree_mean,41.1713858927136,0.0,5
MCNS,false_synapses,10.0,degree_distribution,metric_out_degree_mean,41.1713858927136,0.0,5
MCNS,false_synapses,10.0,degree_distribution,metric_total_degree_std,136.37218395038934,0.013494686485195605,5
MCNS,false_synapses,10.0,degree_distribution,metric_in_degree_max,6660.0,0.0,5
MCNS,false_synapses,10.0,degree_distribution,metric_out_degree_max,7570.0,0.0,5
MCNS,false_synapses,10.0,assortativity,metric_degree_assortativity,-0.025356858338372156,0.00010435719516453136,5
MCNS,false_synapses,10.0,connected_components,metric_wcc_count,875.0,0.0,5
MCNS,false_synapses,10.0,connected_components,metric_wcc_max_size,165820.0,0.0,5
MCNS,false_synapses,10.0,connected_components,metric_scc_count,8486.4,2.244994432064365,5
MCNS,false_synapses,10.0,connected_components,metric_scc_max_size,158165.4,2.5768197453450252,5
MCNS,false_synapses,10.0,reciprocity,metric_reciprocity,0.15736418667915875,4.697144453108551e-05,5
MCNS,false_synapses,15.0,basic_structure,metric_node_count,166694.0,0.0,5
MCNS,false_synapses,15.0,basic_structure,metric_edge_count,7174979.0,0.0,5
MCNS,false_synapses,15.0,basic_structure,metric_total_synapses,94476504.0,0.0,5
MCNS,false_synapses,15.0,basic_structure,metric_weight_mean,13.167495542495663,0.0,5
MCNS,false_synapses,15.0,basic_structure,metric_weight_variance,370.0143917786277,0.0,5
MCNS,false_synapses,15.0,basic_structure,metric_weight_std,19.23575815450557,0.0,5
MCNS,false_synapses,15.0,basic_structure,metric_weight_max,2591.0,0.0,5
MCNS,false_synapses,15.0,basic_structure,metric_density,0.0002582160917275,0.0,5
MCNS,false_synapses,15.0,degree_distribution,metric_total_degree_mean,86.0856299566871,0.0,5
MCNS,false_synapses,15.0,degree_distribution,metric_in_degree_mean,43.04281497834355,0.0,5
MCNS,false_synapses,15.0,degree_distribution,metric_out_degree_mean,43.04281497834355,0.0,5
MCNS,false_synapses,15.0,degree_distribution,metric_total_degree_std,150.69872523547338,0.013846684732590629,5
MCNS,false_synapses,15.0,degree_distribution,metric_in_degree_max,6660.0,0.0,5
MCNS,false_synapses,15.0,degree_distribution,metric_out_degree_max,7570.0,0.0,5
MCNS,false_synapses,15.0,assortativity,metric_degree_assortativity,0.05706999347690776,0.00011190055793236239,5
MCNS,false_synapses,15.0,connected_components,metric_wcc_count,875.0,0.0,5
MCNS,false_synapses,15.0,connected_components,metric_wcc_max_size,165820.0,0.0,5
MCNS,false_synapses,15.0,connected_components,metric_scc_count,8460.0,4.979959839195493,5
MCNS,false_synapses,15.0,connected_components,metric_scc_max_size,158192.0,4.979959839195493,5
MCNS,false_synapses,15.0,reciprocity,metric_reciprocity,0.15894497545004072,3.0414368162885236e-05,5
MCNS,false_synapses,20.0,basic_structure,metric_node_count,166694.0,0.0,5
MCNS,false_synapses,20.0,basic_structure,metric_edge_count,7373261.0,0.0,5
MCNS,false_synapses,20.0,basic_structure,metric_total_synapses,95467914.0,0.0,5
MCNS,false_synapses,20.0,basic_structure,metric_weight_mean,12.947854958613291,0.0,5
MCNS,false_synapses,20.0,basic_structure,metric_weight_variance,361.8096229506365,0.0,5
MCNS,false_synapses,20.0,basic_structure,metric_weight_std,19.021293934710027,0.0,5
MCNS,false_synapses,20.0,basic_structure,metric_weight_max,2591.0,0.0,5
MCNS,false_synapses,20.0,basic_structure,metric_density,0.0002653519457976,0.0,5
MCNS,false_synapses,20.0,degree_distribution,metric_total_degree_mean,88.46462380169652,0.0,5
MCNS,false_synapses,20.0,degree_distribution,metric_in_degree_mean,44.23231190084826,0.0,5
MCNS,false_synapses,20.0,degree_distribution,metric_out_degree_mean,44.23231190084826,0.0,5
MCNS,false_synapses,20.0,degree_distribution,metric_total_degree_std,163.7723180158571,0.0,5
MCNS,false_synapses,20.0,degree_distribution,metric_in_degree_max,6660.0,0.0,5
MCNS,false_synapses,20.0,degree_distribution,metric_out_degree_max,7570.0,0.0,5
MCNS,false_synapses,20.0,assortativity,metric_degree_assortativity,0.1459896440947969,0.0,5
MCNS,false_synapses,20.0,connected_components,metric_wcc_count,875.0,0.0,5
MCNS,false_synapses,20.0,connected_components,metric_wcc_max_size,165820.0,0.0,5
MCNS,false_synapses,20.0,connected_components,metric_scc_count,8446.0,0.0,5
MCNS,false_synapses,20.0,connected_components,metric_scc_max_size,158206.0,0.0,5
MCNS,false_synapses,20.0,reciprocity,metric_reciprocity,0.1602369540784157,0.0,5
MCNS,merge_errors,0.0,basic_structure,metric_node_count,166694.0,0.0,5
MCNS,merge_errors,0.0,basic_structure,metric_edge_count,6239112.0,0.0,5
MCNS,merge_errors,0.0,basic_structure,metric_total_synapses,89797169.0,0.0,5
MCNS,merge_errors,0.0,basic_structure,metric_weight_mean,14.392620135685977,1.7763568394002505e-15,5
MCNS,merge_errors,0.0,basic_structure,metric_weight_variance,414.009432483822,0.0,5
MCNS,merge_errors,0.0,basic_structure,metric_weight_std,20.347221738699904,0.0,5
MCNS,merge_errors,0.0,basic_structure,metric_weight_max,2591.0,0.0,5
MCNS,merge_errors,0.0,basic_structure,metric_density,0.0002245357256781,0.0,5
MCNS,merge_errors,0.0,degree_distribution,metric_total_degree_mean,74.85706744093969,0.0,5
MCNS,merge_errors,0.0,degree_distribution,metric_in_degree_mean,37.42853372046984,0.0,5
MCNS,merge_errors,0.0,degree_distribution,metric_out_degree_mean,37.42853372046984,0.0,5
MCNS,merge_errors,0.0,degree_distribution,metric_total_degree_std,125.87163733424268,0.0,5
MCNS,merge_errors,0.0,degree_distribution,metric_in_degree_max,6660.0,0.0,5
MCNS,merge_errors,0.0,degree_distribution,metric_out_degree_max,7570.0,0.0,5
MCNS,merge_errors,0.0,assortativity,metric_degree_assortativity,-0.0568881377134471,0.0,5
MCNS,merge_errors,0.0,connected_components,metric_wcc_count,875.0,0.0,5
MCNS,merge_errors,0.0,connected_components,metric_wcc_max_size,165820.0,0.0,5
MCNS,merge_errors,0.0,connected_components,metric_scc_count,8859.0,0.0,5
MCNS,merge_errors,0.0,connected_components,metric_scc_max_size,157789.0,0.0,5
MCNS,merge_errors,0.0,reciprocity,metric_reciprocity,0.1567291661257227,0.0,5
MCNS,merge_errors,0.5,basic_structure,metric_node_count,166361.0,0.0,5
MCNS,merge_errors,0.5,basic_structure,metric_edge_count,6232093.0,1341.7974511825546,5
MCNS,merge_errors,0.5,basic_structure,metric_total_synapses,89796648.6,228.97999912656127,5
MCNS,merge_errors,0.5,basic_structure,metric_weight_mean,14.40874722431891,0.0030671367012775255,5
MCNS,merge_errors,0.5,basic_structure,metric_weight_variance,415.11173851028707,0.238836953947284,5
MCNS,merge_errors,0.5,basic_structure,metric_weight_std,20.374290273609624,0.005861483024250081,5
MCNS,merge_errors,0.5,basic_structure,metric_weight_max,2591.0,0.0,5
MCNS,merge_errors,0.5,basic_structure,metric_density,0.00022518190643432,4.848266996414245e-08,5
MCNS,merge_errors,0.5,degree_distribution,metric_total_degree_mean,74.92252390884883,0.016131153950537224,5
MCNS,merge_errors,0.5,degree_distribution,metric_in_degree_mean,37.461261954424415,0.008065576975268612,5
MCNS,merge_errors,0.5,degree_distribution,metric_out_degree_mean,37.461261954424415,0.008065576975268612,5
MCNS,merge_errors,0.5,degree_distribution,metric_total_degree_std,125.72286595384756,0.03326675468333989,5
MCNS,merge_errors,0.5,degree_distribution,metric_in_degree_max,6642.4,2.727636339397171,5
MCNS,merge_errors,0.5,degree_distribution,metric_out_degree_max,7540.6,4.317406628984581,5
MCNS,merge_errors,0.5,assortativity,metric_degree_assortativity,-0.05679008432455822,5.594590238912088e-05,5
MCNS,merge_errors,0.5,connected_components,metric_wcc_count,875.0,0.0,5
MCNS,merge_errors,0.5,connected_components,metric_wcc_max_size,165487.0,0.0,5
MCNS,merge_errors,0.5,connected_components,metric_scc_count,8848.8,1.16619037896906,5
MCNS,merge_errors,0.5,connected_components,metric_scc_max_size,157466.2,1.1661903789690602,5
MCNS,merge_errors,0.5,reciprocity,metric_reciprocity,0.1567670515935184,1.9862536546182884e-05,5
MCNS,merge_errors,1.0,basic_structure,metric_node_count,166028.0,0.0,5
MCNS,merge_errors,1.0,basic_structure,metric_edge_count,6224641.0,543.3713279148984,5
MCNS,merge_errors,1.0,basic_structure,metric_total_synapses,89795512.8,306.1806002998884,5
MCNS,merge_errors,1.0,basic_structure,metric_weight_mean,14.425814029036625,0.0012215052284740109,5
MCNS,merge_errors,1.0,basic_structure,metric_weight_variance,416.57878649033717,0.2009598495734486,5
MCNS,merge_errors,1.0,basic_structure,metric_weight_std,20.41026120011913,0.004922727767227506,5
MCNS,merge_errors,1.0,basic_structure,metric_weight_max,2591.0,0.0,5
MCNS,merge_errors,1.0,basic_structure,metric_density,0.00022581576177154003,1.971227102125983e-08,5
MCNS,merge_errors,1.0,degree_distribution,metric_total_degree_mean,74.98302695930806,0.006545538438274224,5
MCNS,merge_errors,1.0,degree_distribution,metric_in_degree_mean,37.49151347965403,0.003272769219137112,5
MCNS,merge_errors,1.0,degree_distribution,metric_out_degree_mean,37.49151347965403,0.003272769219137112,5
MCNS,merge_errors,1.0,degree_distribution,metric_total_degree_std,125.5820187708022,0.010011514773939403,5
MCNS,merge_errors,1.0,degree_distribution,metric_in_degree_max,6625.6,3.6660605559646724,5
MCNS,merge_errors,1.0,degree_distribution,metric_out_degree_max,7507.2,4.621688003316537,5
MCNS,merge_errors,1.0,assortativity,metric_degree_assortativity,-0.05670797852651864,2.4947112619818087e-05,5
MCNS,merge_errors,1.0,connected_components,metric_wcc_count,875.0,0.0,5
MCNS,merge_errors,1.0,connected_components,metric_wcc_max_size,165154.0,0.0,5
MCNS,merge_errors,1.0,connected_components,metric_scc_count,8841.6,2.5768197453450252,5
MCNS,merge_errors,1.0,connected_components,metric_scc_max_size,157140.4,2.576819745345025,5
MCNS,merge_errors,1.0,reciprocity,metric_reciprocity,0.15674150705662218,2.207775837571667e-05,5
MCNS,merge_errors,2.0,basic_structure,metric_node_count,165363.0,0.0,5
MCNS,merge_errors,2.0,basic_structure,metric_edge_count,6209642.8,1076.1370544684353,5
MCNS,merge_errors,2.0,basic_structure,metric_total_synapses,89791570.2,477.39350644934416,5
MCNS,merge_errors,2.0,basic_structure,metric_weight_mean,14.46002221213314,0.0024323458131173333,5
MCNS,merge_errors,2.0,basic_structure,metric_weight_variance,420.6071279787525,0.6096891058705928,5
MCNS,merge_errors,2.0,basic_structure,metric_weight_std,20.50870320047724,0.01486652236098899,5
MCNS,merge_errors,2.0,basic_structure,metric_weight_max,2591.0,0.0,5
MCNS,merge_errors,2.0,basic_structure,metric_density,0.00022708715001156003,3.935442093509588e-08,5
MCNS,merge_errors,2.0,degree_distribution,metric_total_degree_mean,75.10317060043661,0.013015451515377603,5
MCNS,merge_errors,2.0,degree_distribution,metric_in_degree_mean,37.55158530021831,0.006507725757688338,5
MCNS,merge_errors,2.0,degree_distribution,metric_out_degree_mean,37.55158530021831,0.006507725757688338,5
MCNS,merge_errors,2.0,degree_distribution,metric_total_degree_std,125.36170974418232,0.014304289177016507,5
MCNS,merge_errors,2.0,degree_distribution,metric_in_degree_max,6598.0,5.215361924162119,5
MCNS,merge_errors,2.0,degree_distribution,metric_out_degree_max,7455.8,5.035871324805668,5
MCNS,merge_errors,2.0,assortativity,metric_degree_assortativity,-0.056645364091218176,2.9723468272181417e-05,5
MCNS,merge_errors,2.0,connected_components,metric_wcc_count,875.0,0.0,5
MCNS,merge_errors,2.0,connected_components,metric_wcc_max_size,164489.0,0.0,5
MCNS,merge_errors,2.0,connected_components,metric_scc_count,8823.2,5.192301994298868,5
MCNS,merge_errors,2.0,connected_components,metric_scc_max_size,156493.8,5.192301994298868,5
MCNS,merge_errors,2.0,reciprocity,metric_reciprocity,0.15648352030824836,5.312847893358136e-05,5
MCNS,merge_errors,3.0,basic_structure,metric_node_count,164697.0,0.0,5
MCNS,merge_errors,3.0,basic_structure,metric_edge_count,6189590.0,2472.5496961638605,5
MCNS,merge_errors,3.0,basic_structure,metric_total_synapses,89785686.6,1068.2547636214874,5
MCNS,merge_errors,3.0,basic_structure,metric_weight_mean,14.50592050672373,0.005625618671660859,5
MCNS,merge_errors,3.0,basic_structure,metric_weight_variance,429.64739522457455,2.039736541305922,5
MCNS,merge_errors,3.0,basic_structure,metric_weight_std,20.72787906070231,0.04924296369486395,5
MCNS,merge_errors,3.0,basic_structure,metric_weight_max,2591.0,0.0,5
MCNS,merge_errors,3.0,basic_structure,metric_density,0.00022818817881278,9.115411719537361e-08,5
MCNS,merge_errors,3.0,degree_distribution,metric_total_degree_mean,75.16336059551784,0.030025436968057644,5
MCNS,merge_errors,3.0,degree_distribution,metric_in_degree_mean,37.58168029775892,0.015012718484028822,5
MCNS,merge_errors,3.0,degree_distribution,metric_out_degree_mean,37.58168029775892,0.015012718484028822,5
MCNS,merge_errors,3.0,degree_distribution,metric_total_degree_std,125.0690572666199,0.04353291892108217,5
MCNS,merge_errors,3.0,degree_distribution,metric_in_degree_max,6568.0,4.979959839195493,5
MCNS,merge_errors,3.0,degree_distribution,metric_out_degree_max,7401.2,5.912698199637793,5
MCNS,merge_errors,3.0,assortativity,metric_degree_assortativity,-0.05658572397232344,4.3213870235786516e-05,5
MCNS,merge_errors,3.0,connected_components,metric_wcc_count,875.0,0.0,5
MCNS,merge_errors,3.0,connected_components,metric_wcc_max_size,163823.0,0.0,5
MCNS,merge_errors,3.0,connected_components,metric_scc_count,8801.6,9.393614852653903,5
MCNS,merge_errors,3.0,connected_components,metric_scc_max_size,155849.4,9.393614852653903,5
MCNS,merge_errors,3.0,reciprocity,metric_reciprocity,0.1560602472483469,0.00011612629447098543,5
MCNS,merge_errors,5.0,basic_structure,metric_node_count,163366.0,0.0,5
MCNS,merge_errors,5.0,basic_structure,metric_edge_count,6144852.0,1740.7082466628347,5
MCNS,merge_errors,5.0,basic_structure,metric_total_synapses,89773866.4,407.7173530768589,5
MCNS,merge_errors,5.0,basic_structure,metric_weight_mean,14.609607131268419,0.004136649301505902,5
MCNS,merge_errors,5.0,basic_structure,metric_weight_variance,454.10168419327357,1.0130531744743445,5
MCNS,merge_errors,5.0,basic_structure,metric_weight_std,21.30964850194596,0.02376797816222374,5
MCNS,merge_errors,5.0,basic_structure,metric_weight_max,2591.0,0.0,5
MCNS,merge_errors,5.0,basic_structure,metric_density,0.0002302452793017,6.522367934589751e-08,5
MCNS,merge_errors,5.0,degree_distribution,metric_total_degree_mean,75.22804010626447,0.021310532750547034,5
MCNS,merge_errors,5.0,degree_distribution,metric_in_degree_mean,37.61402005313223,0.010655266375275207,5
MCNS,merge_errors,5.0,degree_distribution,metric_out_degree_mean,37.61402005313223,0.010655266375275207,5
MCNS,merge_errors,5.0,degree_distribution,metric_total_degree_std,124.35977827219676,0.028058241614342203,5
MCNS,merge_errors,5.0,degree_distribution,metric_in_degree_max,6513.6,5.122499389946279,5
MCNS,merge_errors,5.0,degree_distribution,metric_out_degree_max,7306.0,7.92464510246358,5
MCNS,merge_errors,5.0,assortativity,metric_degree_assortativity,-0.056165732112064326,6.599329616930291e-05,5
MCNS,merge_errors,5.0,connected_components,metric_wcc_count,875.0,0.0,5
MCNS,merge_errors,5.0,connected_components,metric_wcc_max_size,162492.0,0.0,5
MCNS,merge_errors,5.0,connected_components,metric_scc_count,8764.2,6.144916598294887,5
MCNS,merge_errors,5.0,connected_components,metric_scc_max_size,154556.0,6.0,5
MCNS,merge_errors,5.0,reciprocity,metric_reciprocity,0.1551052239989211,6.801619131464671e-05,5
MCNS,merge_errors,7.5,basic_structure,metric_node_count,161701.0,0.0,5
MCNS,merge_errors,7.5,basic_structure,metric_edge_count,6091253.0,2388.4749946356983,5
MCNS,merge_errors,7.5,basic_structure,metric_total_synapses,89762662.8,191.11190439111843,5
MCNS,merge_errors,7.5,basic_structure,metric_weight_mean,14.736323797175316,0.005752028311637672,5
MCNS,merge_errors,7.5,basic_structure,metric_weight_variance,474.3889951403568,1.1047232432959564,5
MCNS,merge_errors,7.5,basic_structure,metric_weight_std,21.7804580313669,0.02535910530566829,5
MCNS,merge_errors,7.5,basic_structure,metric_weight_max,2591.0,0.0,5
MCNS,merge_errors,7.5,basic_structure,metric_density,0.00023296137055479996,9.134777494780216e-08,5
MCNS,merge_errors,7.5,degree_distribution,metric_total_degree_mean,75.33970723743205,0.029541870423009067,5
MCNS,merge_errors,7.5,degree_distribution,metric_in_degree_mean,37.669853618716026,0.014770935211504533,5
MCNS,merge_errors,7.5,degree_distribution,metric_out_degree_mean,37.669853618716026,0.014770935211504533,5
MCNS,merge_errors,7.5,degree_distribution,metric_total_degree_std,123.72580095622675,0.036708003668679316,5
MCNS,merge_errors,7.5,degree_distribution,metric_in_degree_max,6448.4,10.287856919689348,5
MCNS,merge_errors,7.5,degree_distribution,metric_out_degree_max,7190.2,11.685888926393234,5
MCNS,merge_errors,7.5,assortativity,metric_degree_assortativity,-0.055893432886191155,6.062294590100229e-05,5
MCNS,merge_errors,7.5,connected_components,metric_wcc_count,875.0,0.0,5
MCNS,merge_errors,7.5,connected_components,metric_wcc_max_size,160827.0,0.0,5
MCNS,merge_errors,7.5,connected_components,metric_scc_count,8720.4,8.16333265278342,5
MCNS,merge_errors,7.5,connected_components,metric_scc_max_size,152936.2,8.44748483277715,5
MCNS,merge_errors,7.5,reciprocity,metric_reciprocity,0.1547095267503116,4.452698477387163e-05,5
MCNS,merge_errors,10.0,basic_structure,metric_node_count,160037.0,0.0,5
MCNS,merge_errors,10.0,basic_structure,metric_edge_count,6037781.0,1781.3326472054566,5
MCNS,merge_errors,10.0,basic_structure,metric_total_synapses,89752869.4,664.5451376693686,5
MCNS,merge_errors,10.0,basic_structure,metric_weight_mean,14.865209101619627,0.004309145940665643,5
MCNS,merge_errors,10.0,basic_structure,metric_weight_variance,494.3716863109659,0.8564583017925956,5
MCNS,merge_errors,10.0,basic_structure,metric_weight_std,22.23446233772973,0.019257804757802095,5
MCNS,merge_errors,10.0,basic_structure,metric_weight_max,2875.0,0.0,5
MCNS,merge_errors,10.0,basic_structure,metric_density,0.00023574325018852,6.955157001650042e-08,5
MCNS,merge_errors,10.0,degree_distribution,metric_total_degree_mean,75.45481357436093,0.022261510115851625,5
MCNS,merge_errors,10.0,degree_distribution,metric_in_degree_mean,37.72740678718046,0.011130755057923743,5
MCNS,merge_errors,10.0,degree_distribution,metric_out_degree_mean,37.72740678718046,0.011130755057923743,5
MCNS,merge_errors,10.0,degree_distribution,metric_total_degree_std,123.22478119949908,0.04842474971587874,5
MCNS,merge_errors,10.0,degree_distribution,metric_in_degree_max,6386.6,16.5843299533023,5
MCNS,merge_errors,10.0,degree_distribution,metric_out_degree_max,7080.4,23.53380547212881,5
MCNS,merge_errors,10.0,assortativity,metric_degree_assortativity,-0.05586690591589496,9.764181168273635e-05,5
MCNS,merge_errors,10.0,connected_components,metric_wcc_count,875.0,0.0,5
MCNS,merge_errors,10.0,connected_components,metric_wcc_max_size,159163.0,0.0,5
MCNS,merge_errors,10.0,connected_components,metric_scc_count,8675.8,6.013318551349164,5
MCNS,merge_errors,10.0,connected_components,metric_scc_max_size,151317.0,6.387487769068525,5
MCNS,merge_errors,10.0,reciprocity,metric_reciprocity,0.15448947860907628,5.240325170667175e-05,5
MCNS,merge_errors,15.0,basic_structure,metric_node_count,156708.0,0.0,5
MCNS,merge_errors,15.0,basic_structure,metric_edge_count,5917387.0,2906.509728179144,5
MCNS,merge_errors,15.0,basic_structure,metric_total_synapses,89734741.2,447.65138221611693,5
MCNS,merge_errors,15.0,basic_structure,metric_weight_mean,15.164592532135497,0.007400839358410895,5
MCNS,merge_errors,15.0,basic_structure,metric_weight_variance,531.3509334464945,0.8919580261168358,5
MCNS,merge_errors,15.0,basic_structure,metric_weight_std,23.051042477219347,0.01934321389659814,5
MCNS,merge_errors,15.0,basic_structure,metric_weight_max,2875.0,0.0,5
MCNS,merge_errors,15.0,basic_structure,metric_density,0.00024096302622049996,1.183565279311383e-07,5
MCNS,merge_errors,15.0,degree_distribution,metric_total_degree_mean,75.52118589989024,0.03709459285013132,5
MCNS,merge_errors,15.0,degree_distribution,metric_in_degree_mean,37.76059294994512,0.01854729642506566,5
MCNS,merge_errors,15.0,degree_distribution,metric_out_degree_mean,37.76059294994512,0.01854729642506566,5
MCNS,merge_errors,15.0,degree_distribution,metric_total_degree_std,122.24033087596858,0.06269887447117713,5
MCNS,merge_errors,15.0,degree_distribution,metric_in_degree_max,6282.6,11.959933110180843,5
MCNS,merge_errors,15.0,degree_distribution,metric_out_degree_max,6886.4,27.295420861382592,5
MCNS,merge_errors,15.0,assortativity,metric_degree_assortativity,-0.05566152466143291,6.481757968638117e-05,5
MCNS,merge_errors,15.0,connected_components,metric_wcc_count,875.0,0.0,5
MCNS,merge_errors,15.0,connected_components,metric_wcc_max_size,155834.0,0.0,5
MCNS,merge_errors,15.0,connected_components,metric_scc_count,8616.4,8.452218643646175,5
MCNS,merge_errors,15.0,connected_components,metric_scc_max_size,148047.8,8.930845424706444,5
MCNS,merge_errors,15.0,reciprocity,metric_reciprocity,0.15444621851732568,7.874575329108364e-05,5
MCNS,merge_errors,20.0,basic_structure,metric_node_count,153380.0,0.0,5
MCNS,merge_errors,20.0,basic_structure,metric_edge_count,5795150.8,1174.1893203397824,5
MCNS,merge_errors,20.0,basic_structure,metric_total_synapses,89722954.0,694.9883452260189,5
MCNS,merge_errors,20.0,basic_structure,metric_weight_mean,15.482419811557133,0.003029671400508616,5
MCNS,merge_errors,20.0,basic_structure,metric_weight_variance,572.1802909859178,0.6348951562580158,5
MCNS,merge_errors,20.0,basic_structure,metric_weight_std,23.920286677648825,0.01327573026456781,5
MCNS,merge_errors,20.0,basic_structure,metric_weight_max,4795.0,0.0,5
MCNS,merge_errors,20.0,basic_structure,metric_density,0.00024633725983738,4.991182968746417e-08,5
MCNS,merge_errors,20.0,degree_distribution,metric_total_degree_mean,75.56592515321424,0.015310853049152282,5
MCNS,merge_errors,20.0,degree_distribution,metric_in_degree_mean,37.78296257660712,0.007655426524576335,5
MCNS,merge_errors,20.0,degree_distribution,metric_out_degree_mean,37.78296257660712,0.007655426524576335,5
MCNS,merge_errors,20.0,degree_distribution,metric_total_degree_std,121.1884950155094,0.06710785694896011,5
MCNS,merge_errors,20.0,degree_distribution,metric_in_degree_max,6155.0,15.786069808536892,5
MCNS,merge_errors,20.0,degree_distribution,metric_out_degree_max,6644.4,28.931643575849613,5
MCNS,merge_errors,20.0,assortativity,metric_degree_assortativity,-0.05575130307987912,8.993752748746739e-05,5
MCNS,merge_errors,20.0,connected_components,metric_wcc_count,875.0,0.0,5
MCNS,merge_errors,20.0,connected_components,metric_wcc_max_size,152506.0,0.0,5
MCNS,merge_errors,20.0,connected_components,metric_scc_count,8556.0,8.67179335547152,5
MCNS,merge_errors,20.0,connected_components,metric_scc_max_size,144781.2,8.634813257969162,5
MCNS,merge_errors,20.0,reciprocity,metric_reciprocity,0.15475736120025885,9.375809418612379e-05,5
MCNS,missed_synapses,0.0,basic_structure,metric_node_count,166694.0,0.0,5
MCNS,missed_synapses,0.0,basic_structure,metric_edge_count,6239112.0,0.0,5
MCNS,missed_synapses,0.0,basic_structure,metric_total_synapses,89797169.0,0.0,5
MCNS,missed_synapses,0.0,basic_structure,metric_weight_mean,14.392620135685977,1.7763568394002505e-15,5
MCNS,missed_synapses,0.0,basic_structure,metric_weight_variance,414.009432483822,0.0,5
MCNS,missed_synapses,0.0,basic_structure,metric_weight_std,20.347221738699904,0.0,5
MCNS,missed_synapses,0.0,basic_structure,metric_weight_max,2591.0,0.0,5
MCNS,missed_synapses,0.0,basic_structure,metric_density,0.0002245357256781,0.0,5
MCNS,missed_synapses,0.0,degree_distribution,metric_total_degree_mean,74.85706744093969,0.0,5
MCNS,missed_synapses,0.0,degree_distribution,metric_in_degree_mean,37.42853372046984,0.0,5
MCNS,missed_synapses,0.0,degree_distribution,metric_out_degree_mean,37.42853372046984,0.0,5
MCNS,missed_synapses,0.0,degree_distribution,metric_total_degree_std,125.87163733424268,0.0,5
MCNS,missed_synapses,0.0,degree_distribution,metric_in_degree_max,6660.0,0.0,5
MCNS,missed_synapses,0.0,degree_distribution,metric_out_degree_max,7570.0,0.0,5
MCNS,missed_synapses,0.0,assortativity,metric_degree_assortativity,-0.0568881377134471,0.0,5
MCNS,missed_synapses,0.0,connected_components,metric_wcc_count,875.0,0.0,5
MCNS,missed_synapses,0.0,connected_components,metric_wcc_max_size,165820.0,0.0,5
MCNS,missed_synapses,0.0,connected_components,metric_scc_count,8859.0,0.0,5
MCNS,missed_synapses,0.0,connected_components,metric_scc_max_size,157789.0,0.0,5
MCNS,missed_synapses,0.0,reciprocity,metric_reciprocity,0.1567291661257227,0.0,5
MCNS,missed_synapses,0.25,basic_structure,metric_node_count,166694.0,0.0,5
MCNS,missed_synapses,0.25,basic_structure,metric_edge_count,6239112.0,0.0,5
MCNS,missed_synapses,0.25,basic_structure,metric_total_synapses,89572995.0,290.5904334282187,5
MCNS,missed_synapses,0.25,basic_structure,metric_weight_mean,14.356689701996052,4.657560778385026e-05,5
MCNS,missed_synapses,0.25,basic_structure,metric_weight_variance,412.08468270693356,0.011576477132118958,5
MCNS,missed_synapses,0.25,basic_structure,metric_weight_std,20.299869029765475,0.00028513523332792176,5
MCNS,missed_synapses,0.25,basic_structure,metric_weight_max,2588.8,1.6,5
MCNS,missed_synapses,0.25,basic_structure,metric_density,0.0002245357256781,0.0,5
MCNS,missed_synapses,0.25,degree_distribution,metric_total_degree_mean,74.85706744093969,0.0,5
MCNS,missed_synapses,0.25,degree_distribution,metric_in_degree_mean,37.42853372046984,0.0,5
MCNS,missed_synapses,0.25,degree_distribution,metric_out_degree_mean,37.42853372046984,0.0,5
MCNS,missed_synapses,0.25,degree_distribution,metric_total_degree_std,125.87163733424268,0.0,5
MCNS,missed_synapses,0.25,degree_distribution,metric_in_degree_max,6660.0,0.0,5
MCNS,missed_synapses,0.25,degree_distribution,metric_out_degree_max,7570.0,0.0,5
MCNS,missed_synapses,0.25,assortativity,metric_degree_assortativity,-0.0568881377134471,0.0,5
MCNS,missed_synapses,0.25,connected_components,metric_wcc_count,875.0,0.0,5
MCNS,missed_synapses,0.25,connected_components,metric_wcc_max_size,165820.0,0.0,5
MCNS,missed_synapses,0.25,connected_components,metric_scc_count,8859.0,0.0,5
MCNS,missed_synapses,0.25,connected_components,metric_scc_max_size,157789.0,0.0,5
MCNS,missed_synapses,0.25,reciprocity,metric_reciprocity,0.1567291661257227,0.0,5
MCNS,missed_synapses,0.5,basic_structure,metric_node_count,166694.0,0.0,5
MCNS,missed_synapses,0.5,basic_structure,metric_edge_count,6239112.0,0.0,5
MCNS,missed_synapses,0.5,basic_structure,metric_total_synapses,89348584.4,329.26621448305326,5
MCNS,missed_synapses,0.5,basic_structure,metric_weight_mean,14.320721346242866,5.277453177449474e-05,5
MCNS,missed_synapses,0.5,basic_structure,metric_weight_variance,410.16268855390973,0.015223759128899238,5
MCNS,missed_synapses,0.5,basic_structure,metric_weight_std,20.252473636883177,0.000375847923552076,5
MCNS,missed_synapses,0.5,basic_structure,metric_weight_max,2586.4,2.244994432064365,5
MCNS,missed_synapses,0.5,basic_structure,metric_density,0.0002245357256781,0.0,5
MCNS,missed_synapses,0.5,degree_distribution,metric_total_degree_mean,74.85706744093969,0.0,5
MCNS,missed_synapses,0.5,degree_distribution,metric_in_degree_mean,37.42853372046984,0.0,5
MCNS,missed_synapses,0.5,degree_distribution,metric_out_degree_mean,37.42853372046984,0.0,5
MCNS,missed_synapses,0.5,degree_distribution,metric_total_degree_std,125.87163733424268,0.0,5
MCNS,missed_synapses,0.5,degree_distribution,metric_in_degree_max,6660.0,0.0,5
MCNS,missed_synapses,0.5,degree_distribution,metric_out_degree_max,7570.0,0.0,5
MCNS,missed_synapses,0.5,assortativity,metric_degree_assortativity,-0.0568881377134471,0.0,5
MCNS,missed_synapses,0.5,connected_components,metric_wcc_count,875.0,0.0,5
MCNS,missed_synapses,0.5,connected_components,metric_wcc_max_size,165820.0,0.0,5
MCNS,missed_synapses,0.5,connected_components,metric_scc_count,8859.0,0.0,5
MCNS,missed_synapses,0.5,connected_components,metric_scc_max_size,157789.0,0.0,5
MCNS,missed_synapses,0.5,reciprocity,metric_reciprocity,0.1567291661257227,0.0,5
MCNS,missed_synapses,0.75,basic_structure,metric_node_count,166694.0,0.0,5
MCNS,missed_synapses,0.75,basic_structure,metric_edge_count,6239112.0,0.0,5
MCNS,missed_synapses,0.75,basic_structure,metric_total_synapses,89123743.2,353.22027121896616,5
MCNS,missed_synapses,0.75,basic_structure,metric_weight_mean,14.284683974257874,5.6613869284391954e-05,5
MCNS,missed_synapses,0.75,basic_structure,metric_weight_variance,408.2454767545588,0.02062872625947619,5
MCNS,missed_synapses,0.75,basic_structure,metric_weight_std,20.205085411696906,0.0005104817003404686,5
MCNS,missed_synapses,0.75,basic_structure,metric_weight_max,2584.0,2.5298221281347035,5
MCNS,missed_synapses,0.75,basic_structure,metric_density,0.0002245357256781,0.0,5
MCNS,missed_synapses,0.75,degree_distribution,metric_total_degree_mean,74.85706744093969,0.0,5
MCNS,missed_synapses,0.75,degree_distribution,metric_in_degree_mean,37.42853372046984,0.0,5
MCNS,missed_synapses,0.75,degree_distribution,metric_out_degree_mean,37.42853372046984,0.0,5
MCNS,missed_synapses,0.75,degree_distribution,metric_total_degree_std,125.87163733424268,0.0,5
MCNS,missed_synapses,0.75,degree_distribution,metric_in_degree_max,6660.0,0.0,5
MCNS,missed_synapses,0.75,degree_distribution,metric_out_degree_max,7570.0,0.0,5
MCNS,missed_synapses,0.75,assortativity,metric_degree_assortativity,-0.0568881377134471,0.0,5
MCNS,missed_synapses,0.75,connected_components,metric_wcc_count,875.0,0.0,5
MCNS,missed_synapses,0.75,connected_components,metric_wcc_max_size,165820.0,0.0,5
MCNS,missed_synapses,0.75,connected_components,metric_scc_count,8859.0,0.0,5
MCNS,missed_synapses,0.75,connected_components,metric_scc_max_size,157789.0,0.0,5
MCNS,missed_synapses,0.75,reciprocity,metric_reciprocity,0.1567291661257227,0.0,5
MCNS,missed_synapses,1.0,basic_structure,metric_node_count,166694.0,0.0,5
MCNS,missed_synapses,1.0,basic_structure,metric_edge_count,6239112.0,0.0,5
MCNS,missed_synapses,1.0,basic_structure,metric_total_synapses,88899243.2,533.7783809784731,5
MCNS,missed_synapses,1.0,basic_structure,metric_weight_mean,14.248701289542486,8.555358214106678e-05,5
MCNS,missed_synapses,1.0,basic_structure,metric_weight_variance,406.3332030473475,0.023208945996691495,5
MCNS,missed_synapses,1.0,basic_structure,metric_weight_std,20.157708270434494,0.0005756772679113233,5
MCNS,missed_synapses,1.0,basic_structure,metric_weight_max,2581.6,2.8705400188814645,5
MCNS,missed_synapses,1.0,basic_structure,metric_density,0.0002245357256781,0.0,5
MCNS,missed_synapses,1.0,degree_distribution,metric_total_degree_mean,74.85706744093969,0.0,5
MCNS,missed_synapses,1.0,degree_distribution,metric_in_degree_mean,37.42853372046984,0.0,5
MCNS,missed_synapses,1.0,degree_distribution,metric_out_degree_mean,37.42853372046984,0.0,5
MCNS,missed_synapses,1.0,degree_distribution,metric_total_degree_std,125.87163733424268,0.0,5
MCNS,missed_synapses,1.0,degree_distribution,metric_in_degree_max,6660.0,0.0,5
MCNS,missed_synapses,1.0,degree_distribution,metric_out_degree_max,7570.0,0.0,5
MCNS,missed_synapses,1.0,assortativity,metric_degree_assortativity,-0.0568881377134471,0.0,5
MCNS,missed_synapses,1.0,connected_components,metric_wcc_count,875.0,0.0,5
MCNS,missed_synapses,1.0,connected_components,metric_wcc_max_size,165820.0,0.0,5
MCNS,missed_synapses,1.0,connected_components,metric_scc_count,8859.0,0.0,5
MCNS,missed_synapses,1.0,connected_components,metric_scc_max_size,157789.0,0.0,5
MCNS,missed_synapses,1.0,reciprocity,metric_reciprocity,0.1567291661257227,0.0,5
MCNS,missed_synapses,2.0,basic_structure,metric_node_count,166694.0,0.0,5
MCNS,missed_synapses,2.0,basic_structure,metric_edge_count,6239112.0,0.0,5
MCNS,missed_synapses,2.0,basic_structure,metric_total_synapses,88000929.2,894.2275772978599,5
MCNS,missed_synapses,2.0,basic_structure,metric_weight_mean,14.104720223006092,0.00014332609789589619,5
MCNS,missed_synapses,2.0,basic_structure,metric_weight_variance,398.73747093196374,0.033264635248542035,5
MCNS,missed_synapses,2.0,basic_structure,metric_weight_std,19.968411810612444,0.0008329208621634745,5
MCNS,missed_synapses,2.0,basic_structure,metric_weight_max,2572.0,4.427188724235731,5
MCNS,missed_synapses,2.0,basic_structure,metric_density,0.0002245357256781,0.0,5
MCNS,missed_synapses,2.0,degree_distribution,metric_total_degree_mean,74.85706744093969,0.0,5
MCNS,missed_synapses,2.0,degree_distribution,metric_in_degree_mean,37.42853372046984,0.0,5
MCNS,missed_synapses,2.0,degree_distribution,metric_out_degree_mean,37.42853372046984,0.0,5
MCNS,missed_synapses,2.0,degree_distribution,metric_total_degree_std,125.87163733424268,0.0,5
MCNS,missed_synapses,2.0,degree_distribution,metric_in_degree_max,6660.0,0.0,5
MCNS,missed_synapses,2.0,degree_distribution,metric_out_degree_max,7570.0,0.0,5
MCNS,missed_synapses,2.0,assortativity,metric_degree_assortativity,-0.0568881377134471,0.0,5
MCNS,missed_synapses,2.0,connected_components,metric_wcc_count,875.0,0.0,5
MCNS,missed_synapses,2.0,connected_components,metric_wcc_max_size,165820.0,0.0,5
MCNS,missed_synapses,2.0,connected_components,metric_scc_count,8859.0,0.0,5
MCNS,missed_synapses,2.0,connected_components,metric_scc_max_size,157789.0,0.0,5
MCNS,missed_synapses,2.0,reciprocity,metric_reciprocity,0.1567291661257227,0.0,5
MCNS,missed_synapses,5.0,basic_structure,metric_node_count,166694.0,0.0,5
MCNS,missed_synapses,5.0,basic_structure,metric_edge_count,6239111.8,0.39999999999999997,5
MCNS,missed_synapses,5.0,basic_structure,metric_total_synapses,85307128.4,2020.5307817501814,5
MCNS,missed_synapses,5.0,basic_structure,metric_weight_mean,13.672960372344587,0.00032403409491846817,5
MCNS,missed_synapses,5.0,basic_structure,metric_weight_variance,376.38800825074424,0.035927973858691405,5
MCNS,missed_synapses,5.0,basic_structure,metric_weight_std,19.400721826605814,0.0009259616346398057,5
MCNS,missed_synapses,5.0,basic_structure,metric_weight_max,2538.0,7.615773105863909,5
MCNS,missed_synapses,5.0,basic_structure,metric_density,0.00022453571848042,1.4395360001685091e-11,5
MCNS,missed_synapses,5.0,degree_distribution,metric_total_degree_mean,74.85706504133323,4.7992129282192765e-06,5
MCNS,missed_synapses,5.0,degree_distribution,metric_in_degree_mean,37.4285325206666,2.399606461267467e-06,5
MCNS,missed_synapses,5.0,degree_distribution,metric_out_degree_mean,37.4285325206666,2.399606461267467e-06,5
MCNS,missed_synapses,5.0,degree_distribution,metric_total_degree_std,125.87163676913215,1.1302210623398423e-06,5
MCNS,missed_synapses,5.0,degree_distribution,metric_in_degree_max,6660.0,0.0,5
MCNS,missed_synapses,5.0,degree_distribution,metric_out_degree_max,7570.0,0.0,5
MCNS,missed_synapses,5.0,assortativity,metric_degree_assortativity,-0.056888138335133606,1.2433730406380403e-09,5
MCNS,missed_synapses,5.0,connected_components,metric_wcc_count,875.0,0.0,5
MCNS,missed_synapses,5.0,connected_components,metric_wcc_max_size,165820.0,0.0,5
MCNS,missed_synapses,5.0,connected_components,metric_scc_count,8859.0,0.0,5
MCNS,missed_synapses,5.0,connected_components,metric_scc_max_size,157789.0,0.0,5
MCNS,missed_synapses,5.0,reciprocity,metric_reciprocity,0.1567291711498237,1.004820195937839e-08,5
MCNS,missed_synapses,10.0,basic_structure,metric_node_count,166694.0,0.0,5
MCNS,missed_synapses,10.0,basic_structure,metric_edge_count,6239098.4,2.4166091947189146,5
MCNS,missed_synapses,10.0,basic_structure,metric_total_synapses,80816190.2,2627.142356249467,5
MCNS,missed_synapses,10.0,basic_structure,metric_weight_mean,12.953184101129926,0.0004223526811199297,5
MCNS,missed_synapses,10.0,basic_structure,metric_weight_variance,340.5681796993166,0.012147658860934631,5
MCNS,missed_synapses,10.0,basic_structure,metric_weight_std,18.45448941561358,0.00032912457266509967,5
MCNS,missed_synapses,10.0,basic_structure,metric_weight_max,2493.2,11.408768557561329,5
MCNS,missed_synapses,10.0,basic_structure,metric_density,0.00022453523623571997,8.696993807473422e-11,5
MCNS,missed_synapses,10.0,degree_distribution,metric_total_degree_mean,74.85690426770009,2.8994555228370205e-05,5
MCNS,missed_synapses,10.0,degree_distribution,metric_in_degree_mean,37.42845213385006,1.4497277614067494e-05,5
MCNS,missed_synapses,10.0,degree_distribution,metric_out_degree_mean,37.42845213385006,1.4497277614067494e-05,5
MCNS,missed_synapses,10.0,degree_distribution,metric_total_degree_std,125.87150588417066,2.596855064826284e-05,5
MCNS,missed_synapses,10.0,degree_distribution,metric_in_degree_max,6660.0,0.0,5
MCNS,missed_synapses,10.0,degree_distribution,metric_out_degree_max,7570.0,0.0,5
MCNS,missed_synapses,10.0,assortativity,metric_degree_assortativity,-0.05688805725333228,5.860706364187079e-08,5
MCNS,missed_synapses,10.0,connected_components,metric_wcc_count,875.0,0.0,5
MCNS,missed_synapses,10.0,connected_components,metric_wcc_max_size,165820.0,0.0,5
MCNS,missed_synapses,10.0,connected_components,metric_scc_count,8859.0,0.0,5
MCNS,missed_synapses,10.0,connected_components,metric_scc_max_size,157789.0,0.0,5
MCNS,missed_synapses,10.0,reciprocity,metric_reciprocity,0.1567291872052302,2.0388168117862377e-07,5
MCNS,missed_synapses,15.0,basic_structure,metric_node_count,166694.0,0.0,5
MCNS,missed_synapses,15.0,basic_structure,metric_edge_count,6239006.6,13.455110553243328,5
MCNS,missed_synapses,15.0,basic_structure,metric_total_synapses,76326024.6,2914.242584274686,5
MCNS,missed_synapses,15.0,basic_structure,metric_weight_mean,12.233682298241963,0.0004706850086008582,5
MCNS,missed_synapses,15.0,basic_structure,metric_weight_variance,306.57407206070263,0.028023814265560738,5
MCNS,missed_synapses,15.0,basic_structure,metric_weight_std,17.50925673523252,0.0008002607295417613,5
MCNS,missed_synapses,15.0,basic_structure,metric_weight_max,2441.2,3.54400902933387,5
MCNS,missed_synapses,15.0,basic_structure,metric_density,0.00022453193249964,4.842280418496844e-10,5
MCNS,missed_synapses,15.0,degree_distribution,metric_total_degree_mean,74.85580284833289,0.0001614348513246534,5
MCNS,missed_synapses,15.0,degree_distribution,metric_in_degree_mean,37.42790142416644,8.07174256602566e-05,5
MCNS,missed_synapses,15.0,degree_distribution,metric_out_degree_mean,37.42790142416644,8.07174256602566e-05,5
MCNS,missed_synapses,15.0,degree_distribution,metric_total_degree_std,125.87038535896404,0.0002998930337551848,5
MCNS,missed_synapses,15.0,degree_distribution,metric_in_degree_max,6660.0,0.0,5
MCNS,missed_synapses,15.0,degree_distribution,metric_out_degree_max,7570.0,0.0,5
MCNS,missed_synapses,15.0,assortativity,metric_degree_assortativity,-0.05688775990340268,3.736174685622477e-07,5
MCNS,missed_synapses,15.0,connected_components,metric_wcc_count,875.0,0.0,5
MCNS,missed_synapses,15.0,connected_components,metric_wcc_max_size,165820.0,0.0,5
MCNS,missed_synapses,15.0,connected_components,metric_scc_count,8859.0,0.0,5
MCNS,missed_synapses,15.0,connected_components,metric_scc_max_size,157789.0,0.0,5
MCNS,missed_synapses,15.0,reciprocity,metric_reciprocity,0.15672860822259077,6.914965877243106e-07,5
MCNS,missed_synapses,20.0,basic_structure,metric_node_count,166694.0,0.0,5
MCNS,missed_synapses,20.0,basic_structure,metric_edge_count,6238651.2,7.277362159464101,5
MCNS,missed_synapses,20.0,basic_structure,metric_total_synapses,71836049.2,3007.88001090469,5
MCNS,missed_synapses,20.0,basic_structure,metric_weight_mean,11.514676313139848,0.0004764855975907589,5
MCNS,missed_synapses,20.0,basic_structure,metric_weight_variance,274.32036412497337,0.09215346391475536,5
MCNS,missed_synapses,20.0,basic_structure,metric_weight_std,16.56261924892853,0.0027820847258639534,5
MCNS,missed_synapses,20.0,basic_structure,metric_weight_max,2386.8,13.43726162579266,5
MCNS,missed_synapses,20.0,basic_structure,metric_density,0.00022451914221842,2.6190069618888213e-10,5
MCNS,missed_synapses,20.0,degree_distribution,metric_total_degree_mean,74.85153874764539,8.731402641117578e-05,5
MCNS,missed_synapses,20.0,degree_distribution,metric_in_degree_mean,37.425769373822696,4.365701320558789e-05,5
MCNS,missed_synapses,20.0,degree_distribution,metric_out_degree_mean,37.425769373822696,4.365701320558789e-05,5
MCNS,missed_synapses,20.0,degree_distribution,metric_total_degree_std,125.8655268913069,0.0003833297426198591,5
MCNS,missed_synapses,20.0,degree_distribution,metric_in_degree_max,6659.8,0.39999999999999997,5
MCNS,missed_synapses,20.0,degree_distribution,metric_out_degree_max,7570.0,0.0,5
MCNS,missed_synapses,20.0,assortativity,metric_degree_assortativity,-0.05688758931866154,1.097326300511633e-06,5
MCNS,missed_synapses,20.0,connected_components,metric_wcc_count,875.0,0.0,5
MCNS,missed_synapses,20.0,connected_components,metric_wcc_max_size,165820.0,0.0,5
MCNS,missed_synapses,20.0,connected_components,metric_scc_count,8859.6,0.7999999999999999,5
MCNS,missed_synapses,20.0,connected_components,metric_scc_max_size,157788.4,0.8,5
MCNS,missed_synapses,20.0,reciprocity,metric_reciprocity,0.15672291808848435,2.770798215663951e-06,5
MCNS,split_errors,0.0,basic_structure,metric_node_count,166694.0,0.0,5
MCNS,split_errors,0.0,basic_structure,metric_edge_count,6239112.0,0.0,5
MCNS,split_errors,0.0,basic_structure,metric_total_synapses,89797169.0,0.0,5
MCNS,split_errors,0.0,basic_structure,metric_weight_mean,14.392620135685977,1.7763568394002505e-15,5
MCNS,split_errors,0.0,basic_structure,metric_weight_variance,414.009432483822,0.0,5
MCNS,split_errors,0.0,basic_structure,metric_weight_std,20.347221738699904,0.0,5
MCNS,split_errors,0.0,basic_structure,metric_weight_max,2591.0,0.0,5
MCNS,split_errors,0.0,basic_structure,metric_density,0.0002245357256781,0.0,5
MCNS,split_errors,0.0,degree_distribution,metric_total_degree_mean,74.85706744093969,0.0,5
MCNS,split_errors,0.0,degree_distribution,metric_in_degree_mean,37.42853372046984,0.0,5
MCNS,split_errors,0.0,degree_distribution,metric_out_degree_mean,37.42853372046984,0.0,5
MCNS,split_errors,0.0,degree_distribution,metric_total_degree_std,125.87163733424268,0.0,5
MCNS,split_errors,0.0,degree_distribution,metric_in_degree_max,6660.0,0.0,5
MCNS,split_errors,0.0,degree_distribution,metric_out_degree_max,7570.0,0.0,5
MCNS,split_errors,0.0,assortativity,metric_degree_assortativity,-0.0568881377134471,0.0,5
MCNS,split_errors,0.0,connected_components,metric_wcc_count,875.0,0.0,5
MCNS,split_errors,0.0,connected_components,metric_wcc_max_size,165820.0,0.0,5
MCNS,split_errors,0.0,connected_components,metric_scc_count,8859.0,0.0,5
MCNS,split_errors,0.0,connected_components,metric_scc_max_size,157789.0,0.0,5
MCNS,split_errors,0.0,reciprocity,metric_reciprocity,0.1567291661257227,0.0,5
MCNS,split_errors,0.5,basic_structure,metric_node_count,167470.0,0.6324555320336759,5
MCNS,split_errors,0.5,basic_structure,metric_edge_count,6239112.0,0.0,5
MCNS,split_errors,0.5,basic_structure,metric_total_synapses,89797169.0,0.0,5
MCNS,split_errors,0.5,basic_structure,metric_weight_mean,14.392620135685977,1.7763568394002505e-15,5
MCNS,split_errors,0.5,basic_structure,metric_weight_variance,414.009432483822,0.0,5
MCNS,split_errors,0.5,basic_structure,metric_weight_std,20.347221738699904,0.0,5
MCNS,split_errors,0.5,basic_structure,metric_weight_max,2591.0,0.0,5
MCNS,split_errors,0.5,basic_structure,metric_density,0.00022245969348351998,1.6802565654008875e-09,5
MCNS,split_errors,0.5,degree_distribution,metric_total_degree_mean,74.51020481386497,0.00028139004734553,5
MCNS,split_errors,0.5,degree_distribution,metric_in_degree_mean,37.25510240693249,0.000140695023672765,5
MCNS,split_errors,0.5,degree_distribution,metric_out_degree_mean,37.25510240693249,0.000140695023672765,5
MCNS,split_errors,0.5,degree_distribution,metric_total_degree_std,125.37203289569268,0.027466928570689966,5
MCNS,split_errors,0.5,degree_distribution,metric_in_degree_max,6652.2,15.6,5
MCNS,split_errors,0.5,degree_distribution,metric_out_degree_max,7552.8,34.4,5
MCNS,split_errors,0.5,assortativity,metric_degree_assortativity,-0.056654164672217545,0.00012764767215442586,5
MCNS,split_errors,0.5,connected_components,metric_wcc_count,875.0,0.0,5
MCNS,split_errors,0.5,connected_components,metric_wcc_max_size,166596.0,0.6324555320336759,5
MCNS,split_errors,0.5,connected_components,metric_scc_count,8893.6,8.138795979750322,5
MCNS,split_errors,0.5,connected_components,metric_scc_max_size,158529.8,8.565045242145542,5
MCNS,split_errors,0.5,reciprocity,metric_reciprocity,0.1567291661257227,0.0,5
MCNS,split_errors,1.0,basic_structure,metric_node_count,168242.6,1.8547236990991405,5
MCNS,split_errors,1.0,basic_structure,metric_edge_count,6239112.0,0.0,5
MCNS,split_errors,1.0,basic_structure,metric_total_synapses,89797169.0,0.0,5
MCNS,split_errors,1.0,basic_structure,metric_weight_mean,14.392620135685977,1.7763568394002505e-15,5
MCNS,split_errors,1.0,basic_structure,metric_weight_variance,414.009432483822,0.0,5
MCNS,split_errors,1.0,basic_structure,metric_weight_std,20.347221738699904,0.0,5
MCNS,split_errors,1.0,basic_structure,metric_weight_max,2591.0,0.0,5
MCNS,split_errors,1.0,basic_structure,metric_density,0.00022042122965314003,4.859829013368007e-09,5
MCNS,split_errors,1.0,degree_distribution,metric_total_degree_mean,74.16804068361088,0.0008176273491728727,5
MCNS,split_errors,1.0,degree_distribution,metric_in_degree_mean,37.08402034180544,0.00040881367458643636,5
MCNS,split_errors,1.0,degree_distribution,metric_out_degree_mean,37.08402034180544,0.00040881367458643636,5
MCNS,split_errors,1.0,degree_distribution,metric_total_degree_std,124.56059321928903,0.8050354864279916,5
MCNS,split_errors,1.0,degree_distribution,metric_in_degree_max,6621.0,0.0,5
MCNS,split_errors,1.0,degree_distribution,metric_out_degree_max,7484.0,0.0,5
MCNS,split_errors,1.0,assortativity,metric_degree_assortativity,-0.058004499492876914,0.0024509110263572034,5
MCNS,split_errors,1.0,connected_components,metric_wcc_count,875.0,0.0,5
MCNS,split_errors,1.0,connected_components,metric_wcc_max_size,167368.6,1.8547236990991405,5
MCNS,split_errors,1.0,connected_components,metric_scc_count,8923.2,6.675327707311456,5
MCNS,split_errors,1.0,connected_components,metric_scc_max_size,159272.4,4.67332857821917,5
MCNS,split_errors,1.0,reciprocity,metric_reciprocity,0.1567291661257227,0.0,5
MCNS,split_errors,2.0,basic_structure,metric_node_count,169777.4,5.535341001239219,5
MCNS,split_errors,2.0,basic_structure,metric_edge_count,6239111.6,0.48989794855663565,5
MCNS,split_errors,2.0,basic_structure,metric_total_synapses,89797166.6,3.0066592756745814,5
MCNS,split_errors,2.0,basic_structure,metric_weight_mean,14.392620673751102,6.667435017212588e-07,5
MCNS,split_errors,2.0,basic_structure,metric_weight_variance,414.009454446781,2.6952782685021062e-05,5
MCNS,split_errors,2.0,basic_structure,metric_weight_std,20.34722227840401,6.623209335346369e-07,5
MCNS,split_errors,2.0,basic_structure,metric_weight_max,2591.0,0.0,5
MCNS,split_errors,2.0,basic_structure,metric_density,0.00021645397044057997,1.4117438290956897e-08,5
MCNS,split_errors,2.0,degree_distribution,metric_total_degree_mean,73.49755157794615,0.002397256847868677,5
MCNS,split_errors,2.0,degree_distribution,metric_in_degree_mean,36.74877578897308,0.001198628423934437,5
MCNS,split_errors,2.0,degree_distribution,metric_out_degree_mean,36.74877578897308,0.001198628423934437,5
MCNS,split_errors,2.0,degree_distribution,metric_total_degree_std,124.09102636926642,0.16990293563864825,5
MCNS,split_errors,2.0,degree_distribution,metric_in_degree_max,6621.0,0.0,5
MCNS,split_errors,2.0,degree_distribution,metric_out_degree_max,7484.0,0.0,5
MCNS,split_errors,2.0,assortativity,metric_degree_assortativity,-0.05635347535535088,0.0001492363268546859,5
MCNS,split_errors,2.0,connected_components,metric_wcc_count,875.0,0.0,5
MCNS,split_errors,2.0,connected_components,metric_wcc_max_size,168903.4,5.535341001239219,5
MCNS,split_errors,2.0,connected_components,metric_scc_count,8995.0,10.411532067856296,5
MCNS,split_errors,2.0,connected_components,metric_scc_max_size,160734.2,10.087616170334794,5
MCNS,split_errors,2.0,reciprocity,metric_reciprocity,0.1567291661257227,0.0,5
MCNS,split_errors,3.0,basic_structure,metric_node_count,171287.0,11.15347479487895,5
MCNS,split_errors,3.0,basic_structure,metric_edge_count,6239111.4,0.8,5
MCNS,split_errors,3.0,basic_structure,metric_total_synapses,89797164.2,6.675327707311454,5
MCNS,split_errors,3.0,basic_structure,metric_weight_mean,14.392620750448634,7.851546249111034e-07,5
MCNS,split_errors,3.0,basic_structure,metric_weight_variance,414.0094683040409,4.83014006892166e-05,5
MCNS,split_errors,3.0,basic_structure,metric_weight_std,20.34722261892368,1.1869285646695373e-06,5
MCNS,split_errors,3.0,basic_structure,metric_weight_max,2591.0,0.0,5
MCNS,split_errors,3.0,basic_structure,metric_density,0.00021265542927072,2.7708946546486983e-08,5
MCNS,split_errors,3.0,degree_distribution,metric_total_degree_mean,72.84979509803946,0.004748113742526639,5
MCNS,split_errors,3.0,degree_distribution,metric_in_degree_mean,36.42489754901973,0.0023740568712607713,5
MCNS,split_errors,3.0,degree_distribution,metric_out_degree_mean,36.42489754901973,0.0023740568712607713,5
MCNS,split_errors,3.0,degree_distribution,metric_total_degree_std,123.4384269131679,0.1487013003194579,5
MCNS,split_errors,3.0,degree_distribution,metric_in_degree_max,6621.0,0.0,5
MCNS,split_errors,3.0,degree_distribution,metric_out_degree_max,7484.0,0.0,5
MCNS,split_errors,3.0,assortativity,metric_degree_assortativity,-0.056120793903036904,0.00010727575828691372,5
MCNS,split_errors,3.0,connected_components,metric_wcc_count,875.0,0.0,5
MCNS,split_errors,3.0,connected_components,metric_wcc_max_size,170413.0,11.15347479487895,5
MCNS,split_errors,3.0,connected_components,metric_scc_count,9057.2,6.462197768561405,5
MCNS,split_errors,3.0,connected_components,metric_scc_max_size,162181.8,14.702380759591284,5
MCNS,split_errors,3.0,reciprocity,metric_reciprocity,0.1567291661257227,0.0,5
MCNS,split_errors,5.0,basic_structure,metric_node_count,174292.0,10.714476188783099,5
MCNS,split_errors,5.0,basic_structure,metric_edge_count,6239111.4,0.8,5
MCNS,split_errors,5.0,basic_structure,metric_total_synapses,89797164.2,6.675327707311454,5
MCNS,split_errors,5.0,basic_structure,metric_weight_mean,14.392620750448634,7.851546249111034e-07,5
MCNS,split_errors,5.0,basic_structure,metric_weight_variance,414.0094683040409,4.83014006892166e-05,5
MCNS,split_errors,5.0,basic_structure,metric_weight_std,20.34722261892368,1.1869285646695373e-06,5
MCNS,split_errors,5.0,basic_structure,metric_weight_max,2591.0,0.0,5
MCNS,split_errors,5.0,basic_structure,metric_density,0.00020538576021828002,2.5241548717985367e-08,5
MCNS,split_errors,5.0,degree_distribution,metric_total_degree_mean,71.59377852753067,0.004397832044065117,5
MCNS,split_errors,5.0,degree_distribution,metric_in_degree_mean,35.79688926376534,0.0021989160220325585,5
MCNS,split_errors,5.0,degree_distribution,metric_out_degree_mean,35.79688926376534,0.0021989160220325585,5
MCNS,split_errors,5.0,degree_distribution,metric_total_degree_std,121.86932969727306,0.21175871412446104,5
MCNS,split_errors,5.0,degree_distribution,metric_in_degree_max,6621.0,0.0,5
MCNS,split_errors,5.0,degree_distribution,metric_out_degree_max,7484.0,0.0,5
MCNS,split_errors,5.0,assortativity,metric_degree_assortativity,-0.05555803879605496,0.00016333204890667878,5
MCNS,split_errors,5.0,connected_components,metric_wcc_count,875.0,0.0,5
MCNS,split_errors,5.0,connected_components,metric_wcc_max_size,173418.0,10.714476188783099,5
MCNS,split_errors,5.0,connected_components,metric_scc_count,9179.2,12.448293055676348,5
MCNS,split_errors,5.0,connected_components,metric_scc_max_size,165063.0,22.07260745811423,5
MCNS,split_errors,5.0,reciprocity,metric_reciprocity,0.1567291661257227,0.0,5
MCNS,split_errors,7.5,basic_structure,metric_node_count,178002.2,15.992498241363045,5
MCNS,split_errors,7.5,basic_structure,metric_edge_count,6239110.8,0.9797958971132712,5
MCNS,split_errors,7.5,basic_structure,metric_total_synapses,89797158.2,8.97552226892675,5
MCNS,split_errors,7.5,basic_structure,metric_weight_mean,14.392621172876241,8.883165033684966e-07,5
MCNS,split_errors,7.5,basic_structure,metric_weight_variance,414.0095054293038,5.957779188560579e-05,5
MCNS,split_errors,7.5,basic_structure,metric_weight_std,20.347223531216777,1.4640275783547871e-06,5
MCNS,split_errors,7.5,basic_structure,metric_weight_max,2591.0,0.0,5
MCNS,split_errors,7.5,basic_structure,metric_density,0.00019691300904789997,3.5357417713628104e-08,5
MCNS,split_errors,7.5,degree_distribution,metric_total_degree_mean,70.10150268138722,0.006290005411883196,5
MCNS,split_errors,7.5,degree_distribution,metric_in_degree_mean,35.05075134069361,0.003145002705941598,5
MCNS,split_errors,7.5,degree_distribution,metric_out_degree_mean,35.05075134069361,0.003145002705941598,5
MCNS,split_errors,7.5,degree_distribution,metric_total_degree_std,120.15003410828263,0.2338740488299646,5
MCNS,split_errors,7.5,degree_distribution,metric_in_degree_max,6621.0,0.0,5
MCNS,split_errors,7.5,degree_distribution,metric_out_degree_max,7484.0,0.0,5
MCNS,split_errors,7.5,assortativity,metric_degree_assortativity,-0.05489878615722069,0.0002392429152841082,5
MCNS,split_errors,7.5,connected_components,metric_wcc_count,875.0,0.0,5
MCNS,split_errors,7.5,connected_components,metric_wcc_max_size,177128.2,15.992498241363045,5
MCNS,split_errors,7.5,connected_components,metric_scc_count,9337.0,12.214745187681975,5
MCNS,split_errors,7.5,connected_components,metric_scc_max_size,168613.4,13.52922762023021,5
MCNS,split_errors,7.5,reciprocity,metric_reciprocity,0.1567291661257227,0.0,5
MCNS,split_errors,10.0,basic_structure,metric_node_count,181656.2,14.634206503941373,5
MCNS,split_errors,10.0,basic_structure,metric_edge_count,6239110.2,0.7483314773547882,5
MCNS,split_errors,10.0,basic_structure,metric_total_synapses,89797155.0,7.0992957397195395,5
MCNS,split_errors,10.0,basic_structure,metric_weight_mean,14.392622044085794,8.516467777127739e-07,5
MCNS,split_errors,10.0,basic_structure,metric_weight_variance,414.0095373296737,4.546114516466827e-05,5
MCNS,split_errors,10.0,basic_structure,metric_weight_std,20.347224315116602,1.1171338259697876e-06,5
MCNS,split_errors,10.0,basic_structure,metric_weight_max,2591.0,0.0,5
MCNS,split_errors,10.0,basic_structure,metric_density,0.00018907086258357998,3.045720745285944e-08,5
MCNS,split_errors,10.0,degree_distribution,metric_total_degree_mean,68.69140982216356,0.0055306712849529155,5
MCNS,split_errors,10.0,degree_distribution,metric_in_degree_mean,34.34570491108178,0.0027653356424764577,5
MCNS,split_errors,10.0,degree_distribution,metric_out_degree_mean,34.34570491108178,0.0027653356424764577,5
MCNS,split_errors,10.0,degree_distribution,metric_total_degree_std,118.49563685564735,0.2913259976470254,5
MCNS,split_errors,10.0,degree_distribution,metric_in_degree_max,6621.0,0.0,5
MCNS,split_errors,10.0,degree_distribution,metric_out_degree_max,7484.0,0.0,5
MCNS,split_errors,10.0,assortativity,metric_degree_assortativity,-0.054243387961746325,0.00028151109232131847,5
MCNS,split_errors,10.0,connected_components,metric_wcc_count,875.0,0.0,5
MCNS,split_errors,10.0,connected_components,metric_wcc_max_size,180782.2,14.634206503941373,5
MCNS,split_errors,10.0,connected_components,metric_scc_count,9492.2,11.989995829857492,5
MCNS,split_errors,10.0,connected_components,metric_scc_max_size,172112.2,15.263027222671132,5
MCNS,split_errors,10.0,reciprocity,metric_reciprocity,0.1567291661257227,0.0,5
MCNS,split_errors,15.0,basic_structure,metric_node_count,188779.8,21.075103795711186,5
MCNS,split_errors,15.0,basic_structure,metric_edge_count,6239109.4,1.0198039027185568,5
MCNS,split_errors,15.0,basic_structure,metric_total_synapses,89797148.8,7.833262411026455,5
MCNS,split_errors,15.0,basic_structure,metric_weight_mean,14.392622895825687,1.3693702258981457e-06,5
MCNS,split_errors,15.0,basic_structure,metric_weight_variance,414.00958306666655,5.844970376622672e-05,5
MCNS,split_errors,15.0,basic_structure,metric_weight_std,20.347225439028886,1.4363065146019122e-06,5
MCNS,split_errors,15.0,basic_structure,metric_weight_max,2591.0,0.0,5
MCNS,split_errors,15.0,basic_structure,metric_density,0.00017507086371032,3.907990763342407e-08,5
MCNS,split_errors,15.0,degree_distribution,metric_total_degree_mean,66.09933348518685,0.0073768102602584035,5
MCNS,split_errors,15.0,degree_distribution,metric_in_degree_mean,33.04966674259342,0.0036884051301292018,5
MCNS,split_errors,15.0,degree_distribution,metric_out_degree_mean,33.04966674259342,0.0036884051301292018,5
MCNS,split_errors,15.0,degree_distribution,metric_total_degree_std,115.01264189098274,0.5258661015037075,5
MCNS,split_errors,15.0,degree_distribution,metric_in_degree_max,6621.0,0.0,5
MCNS,split_errors,15.0,degree_distribution,metric_out_degree_max,7484.0,0.0,5
MCNS,split_errors,15.0,assortativity,metric_degree_assortativity,-0.05277566121410778,0.000498261560802818,5
MCNS,split_errors,15.0,connected_components,metric_wcc_count,875.0,0.0,5
MCNS,split_errors,15.0,connected_components,metric_wcc_max_size,187905.8,21.075103795711186,5
MCNS,split_errors,15.0,connected_components,metric_scc_count,9810.2,18.170305445974208,5
MCNS,split_errors,15.0,connected_components,metric_scc_max_size,178914.6,28.813885541523206,5
MCNS,split_errors,15.0,reciprocity,metric_reciprocity,0.1567291661257227,0.0,5
MCNS,split_errors,20.0,basic_structure,metric_node_count,195672.0,50.58853625081477,5
MCNS,split_errors,20.0,basic_structure,metric_edge_count,6239108.4,1.3564659966250536,5
MCNS,split_errors,20.0,basic_structure,metric_total_synapses,89797142.4,9.93176721434811,5
MCNS,split_errors,20.0,basic_structure,metric_weight_mean,14.392624176877934,1.6824679368999851e-06,5
MCNS,split_errors,20.0,basic_structure,metric_weight_variance,414.00963888996193,7.772514807230776e-05,5
MCNS,split_errors,20.0,basic_structure,metric_weight_std,20.34722681079558,1.9099690236714272e-06,5
MCNS,split_errors,20.0,basic_structure,metric_weight_max,2591.0,0.0,5
MCNS,split_errors,20.0,basic_structure,metric_density,0.00016295491715584,8.42917252801055e-08,5
MCNS,split_errors,20.0,degree_distribution,metric_total_degree_mean,63.77109466123653,0.016496893482333366,5
MCNS,split_errors,20.0,degree_distribution,metric_in_degree_mean,31.885547330618266,0.008248446741166683,5
MCNS,split_errors,20.0,degree_distribution,metric_out_degree_mean,31.885547330618266,0.008248446741166683,5
MCNS,split_errors,20.0,degree_distribution,metric_total_degree_std,111.0500656462481,1.273567857262596,5
MCNS,split_errors,20.0,degree_distribution,metric_in_degree_max,6621.0,0.0,5
MCNS,split_errors,20.0,degree_distribution,metric_out_degree_max,7484.0,0.0,5
MCNS,split_errors,20.0,assortativity,metric_degree_assortativity,-0.054039787811873394,0.0026267855036669835,5
MCNS,split_errors,20.0,connected_components,metric_wcc_count,875.0,0.0,5
MCNS,split_errors,20.0,connected_components,metric_wcc_max_size,194798.0,50.58853625081477,5
MCNS,split_errors,20.0,connected_components,metric_scc_count,10096.8,23.29291737846507,5
MCNS,split_errors,20.0,connected_components,metric_scc_max_size,185513.8,63.12653958518556,5
MCNS,split_errors,20.0,reciprocity,metric_reciprocity,0.1567291661257227,0.0,5
MCNS,synapse_count_measurement,0.0,basic_structure,metric_node_count,166694.0,0.0,5
MCNS,synapse_count_measurement,0.0,basic_structure,metric_edge_count,6239112.0,0.0,5
MCNS,synapse_count_measurement,0.0,basic_structure,metric_total_synapses,89797169.0,0.0,5
MCNS,synapse_count_measurement,0.0,basic_structure,metric_weight_mean,14.392620135685977,1.7763568394002505e-15,5
MCNS,synapse_count_measurement,0.0,basic_structure,metric_weight_variance,414.009432483822,0.0,5
MCNS,synapse_count_measurement,0.0,basic_structure,metric_weight_std,20.347221738699904,0.0,5
MCNS,synapse_count_measurement,0.0,basic_structure,metric_weight_max,2591.0,0.0,5
MCNS,synapse_count_measurement,0.0,basic_structure,metric_density,0.0002245357256781,0.0,5
MCNS,synapse_count_measurement,0.0,degree_distribution,metric_total_degree_mean,74.85706744093969,0.0,5
MCNS,synapse_count_measurement,0.0,degree_distribution,metric_in_degree_mean,37.42853372046984,0.0,5
MCNS,synapse_count_measurement,0.0,degree_distribution,metric_out_degree_mean,37.42853372046984,0.0,5
MCNS,synapse_count_measurement,0.0,degree_distribution,metric_total_degree_std,125.87163733424268,0.0,5
MCNS,synapse_count_measurement,0.0,degree_distribution,metric_in_degree_max,6660.0,0.0,5
MCNS,synapse_count_measurement,0.0,degree_distribution,metric_out_degree_max,7570.0,0.0,5
MCNS,synapse_count_measurement,0.0,assortativity,metric_degree_assortativity,-0.0568881377134471,0.0,5
MCNS,synapse_count_measurement,0.0,connected_components,metric_wcc_count,875.0,0.0,5
MCNS,synapse_count_measurement,0.0,connected_components,metric_wcc_max_size,165820.0,0.0,5
MCNS,synapse_count_measurement,0.0,connected_components,metric_scc_count,8859.0,0.0,5
MCNS,synapse_count_measurement,0.0,connected_components,metric_scc_max_size,157789.0,0.0,5
MCNS,synapse_count_measurement,0.0,reciprocity,metric_reciprocity,0.1567291661257227,0.0,5
MCNS,synapse_count_measurement,0.5,basic_structure,metric_node_count,166694.0,0.0,5
MCNS,synapse_count_measurement,0.5,basic_structure,metric_edge_count,6239112.0,0.0,5
MCNS,synapse_count_measurement,0.5,basic_structure,metric_total_synapses,89797116.6,383.81068249854644,5
MCNS,synapse_count_measurement,0.5,basic_structure,metric_weight_mean,14.392611737054889,6.151687651965529e-05,5
MCNS,synapse_count_measurement,0.5,basic_structure,metric_weight_variance,414.02168492015255,0.03807462257300881,5
MCNS,synapse_count_measurement,0.5,basic_structure,metric_weight_std,20.347522798727972,0.0009356269285485284,5
MCNS,synapse_count_measurement,0.5,basic_structure,metric_weight_max,2592.6,13.230268326832983,5
MCNS,synapse_count_measurement,0.5,basic_structure,metric_density,0.0002245357256781,0.0,5
MCNS,synapse_count_measurement,0.5,degree_distribution,metric_total_degree_mean,74.85706744093969,0.0,5
MCNS,synapse_count_measurement,0.5,degree_distribution,metric_in_degree_mean,37.42853372046984,0.0,5
MCNS,synapse_count_measurement,0.5,degree_distribution,metric_out_degree_mean,37.42853372046984,0.0,5
MCNS,synapse_count_measurement,0.5,degree_distribution,metric_total_degree_std,125.87163733424268,0.0,5
MCNS,synapse_count_measurement,0.5,degree_distribution,metric_in_degree_max,6660.0,0.0,5
MCNS,synapse_count_measurement,0.5,degree_distribution,metric_out_degree_max,7570.0,0.0,5
MCNS,synapse_count_measurement,0.5,assortativity,metric_degree_assortativity,-0.0568881377134471,0.0,5
MCNS,synapse_count_measurement,0.5,connected_components,metric_wcc_count,875.0,0.0,5
MCNS,synapse_count_measurement,0.5,connected_components,metric_wcc_max_size,165820.0,0.0,5
MCNS,synapse_count_measurement,0.5,connected_components,metric_scc_count,8859.0,0.0,5
MCNS,synapse_count_measurement,0.5,connected_components,metric_scc_max_size,157789.0,0.0,5
MCNS,synapse_count_measurement,0.5,reciprocity,metric_reciprocity,0.1567291661257227,0.0,5
MCNS,synapse_count_measurement,1.0,basic_structure,metric_node_count,166694.0,0.0,5
MCNS,synapse_count_measurement,1.0,basic_structure,metric_edge_count,6239112.0,0.0,5
MCNS,synapse_count_measurement,1.0,basic_structure,metric_total_synapses,89797182.6,590.5612923312872,5
MCNS,synapse_count_measurement,1.0,basic_structure,metric_weight_mean,14.392622315483356,9.465470283756856e-05,5
MCNS,synapse_count_measurement,1.0,basic_structure,metric_weight_variance,414.0776136712735,0.07177296980020814,5
MCNS,synapse_count_measurement,1.0,basic_structure,metric_weight_std,20.348897035488044,0.0017636268173797465,5
MCNS,synapse_count_measurement,1.0,basic_structure,metric_weight_max,2594.0,26.55560204551951,5
MCNS,synapse_count_measurement,1.0,basic_structure,metric_density,0.0002245357256781,0.0,5
MCNS,synapse_count_measurement,1.0,degree_distribution,metric_total_degree_mean,74.85706744093969,0.0,5
MCNS,synapse_count_measurement,1.0,degree_distribution,metric_in_degree_mean,37.42853372046984,0.0,5
MCNS,synapse_count_measurement,1.0,degree_distribution,metric_out_degree_mean,37.42853372046984,0.0,5
MCNS,synapse_count_measurement,1.0,degree_distribution,metric_total_degree_std,125.87163733424268,0.0,5
MCNS,synapse_count_measurement,1.0,degree_distribution,metric_in_degree_max,6660.0,0.0,5
MCNS,synapse_count_measurement,1.0,degree_distribution,metric_out_degree_max,7570.0,0.0,5
MCNS,synapse_count_measurement,1.0,assortativity,metric_degree_assortativity,-0.0568881377134471,0.0,5
MCNS,synapse_count_measurement,1.0,connected_components,metric_wcc_count,875.0,0.0,5
MCNS,synapse_count_measurement,1.0,connected_components,metric_wcc_max_size,165820.0,0.0,5
MCNS,synapse_count_measurement,1.0,connected_components,metric_scc_count,8859.0,0.0,5
MCNS,synapse_count_measurement,1.0,connected_components,metric_scc_max_size,157789.0,0.0,5
MCNS,synapse_count_measurement,1.0,reciprocity,metric_reciprocity,0.1567291661257227,0.0,5
MCNS,synapse_count_measurement,2.0,basic_structure,metric_node_count,166694.0,0.0,5
MCNS,synapse_count_measurement,2.0,basic_structure,metric_edge_count,6239112.0,0.0,5
MCNS,synapse_count_measurement,2.0,basic_structure,metric_total_synapses,89797327.2,597.5129789385331,5
MCNS,synapse_count_measurement,2.0,basic_structure,metric_weight_mean,14.392645491858456,9.576891373908004e-05,5
MCNS,synapse_count_measurement,2.0,basic_structure,metric_weight_variance,414.2720742049122,0.13766231293591263,5
MCNS,synapse_count_measurement,2.0,basic_structure,metric_weight_std,20.353674429130795,0.0033819904498496272,5
MCNS,synapse_count_measurement,2.0,basic_structure,metric_weight_max,2597.0,53.06976540366464,5
MCNS,synapse_count_measurement,2.0,basic_structure,metric_density,0.0002245357256781,0.0,5
MCNS,synapse_count_measurement,2.0,degree_distribution,metric_total_degree_mean,74.85706744093969,0.0,5
MCNS,synapse_count_measurement,2.0,degree_distribution,metric_in_degree_mean,37.42853372046984,0.0,5
MCNS,synapse_count_measurement,2.0,degree_distribution,metric_out_degree_mean,37.42853372046984,0.0,5
MCNS,synapse_count_measurement,2.0,degree_distribution,metric_total_degree_std,125.87163733424268,0.0,5
MCNS,synapse_count_measurement,2.0,degree_distribution,metric_in_degree_max,6660.0,0.0,5
MCNS,synapse_count_measurement,2.0,degree_distribution,metric_out_degree_max,7570.0,0.0,5
MCNS,synapse_count_measurement,2.0,assortativity,metric_degree_assortativity,-0.0568881377134471,0.0,5
MCNS,synapse_count_measurement,2.0,connected_components,metric_wcc_count,875.0,0.0,5
MCNS,synapse_count_measurement,2.0,connected_components,metric_wcc_max_size,165820.0,0.0,5
MCNS,synapse_count_measurement,2.0,connected_components,metric_scc_count,8859.0,0.0,5
MCNS,synapse_count_measurement,2.0,connected_components,metric_scc_max_size,157789.0,0.0,5
MCNS,synapse_count_measurement,2.0,reciprocity,metric_reciprocity,0.1567291661257227,0.0,5
MCNS,synapse_count_measurement,3.0,basic_structure,metric_node_count,166694.0,0.0,5
MCNS,synapse_count_measurement,3.0,basic_structure,metric_edge_count,6239112.0,0.0,5
MCNS,synapse_count_measurement,3.0,basic_structure,metric_total_synapses,89797534.0,1424.0601110908206,5
MCNS,synapse_count_measurement,3.0,basic_structure,metric_weight_mean,14.392678637600994,0.0002282472427311599,5
MCNS,synapse_count_measurement,3.0,basic_structure,metric_weight_variance,414.60771057867106,0.2127199322380076,5
MCNS,synapse_count_measurement,3.0,basic_structure,metric_weight_std,20.361917475727147,0.005224016512075409,5
MCNS,synapse_count_measurement,3.0,basic_structure,metric_weight_max,2600.2,79.72302051477979,5
MCNS,synapse_count_measurement,3.0,basic_structure,metric_density,0.0002245357256781,0.0,5
MCNS,synapse_count_measurement,3.0,degree_distribution,metric_total_degree_mean,74.85706744093969,0.0,5
MCNS,synapse_count_measurement,3.0,degree_distribution,metric_in_degree_mean,37.42853372046984,0.0,5
MCNS,synapse_count_measurement,3.0,degree_distribution,metric_out_degree_mean,37.42853372046984,0.0,5
MCNS,synapse_count_measurement,3.0,degree_distribution,metric_total_degree_std,125.87163733424268,0.0,5
MCNS,synapse_count_measurement,3.0,degree_distribution,metric_in_degree_max,6660.0,0.0,5
MCNS,synapse_count_measurement,3.0,degree_distribution,metric_out_degree_max,7570.0,0.0,5
MCNS,synapse_count_measurement,3.0,assortativity,metric_degree_assortativity,-0.0568881377134471,0.0,5
MCNS,synapse_count_measurement,3.0,connected_components,metric_wcc_count,875.0,0.0,5
MCNS,synapse_count_measurement,3.0,connected_components,metric_wcc_max_size,165820.0,0.0,5
MCNS,synapse_count_measurement,3.0,connected_components,metric_scc_count,8859.0,0.0,5
MCNS,synapse_count_measurement,3.0,connected_components,metric_scc_max_size,157789.0,0.0,5
MCNS,synapse_count_measurement,3.0,reciprocity,metric_reciprocity,0.1567291661257227,0.0,5
MCNS,synapse_count_measurement,5.0,basic_structure,metric_node_count,166694.0,0.0,5
MCNS,synapse_count_measurement,5.0,basic_structure,metric_edge_count,6239112.0,0.0,5
MCNS,synapse_count_measurement,5.0,basic_structure,metric_total_synapses,89797561.8,2269.542191720612,5
MCNS,synapse_count_measurement,5.0,basic_structure,metric_weight_mean,14.392683093363285,0.0003637604504800977,5
MCNS,synapse_count_measurement,5.0,basic_structure,metric_weight_variance,415.64077763475404,0.3510209297139254,5
MCNS,synapse_count_measurement,5.0,basic_structure,metric_weight_std,20.38726817149683,0.008610355766854505,5
MCNS,synapse_count_measurement,5.0,basic_structure,metric_weight_max,2616.2,126.45694919615924,5
MCNS,synapse_count_measurement,5.0,basic_structure,metric_density,0.0002245357256781,0.0,5
MCNS,synapse_count_measurement,5.0,degree_distribution,metric_total_degree_mean,74.85706744093969,0.0,5
MCNS,synapse_count_measurement,5.0,degree_distribution,metric_in_degree_mean,37.42853372046984,0.0,5
MCNS,synapse_count_measurement,5.0,degree_distribution,metric_out_degree_mean,37.42853372046984,0.0,5
MCNS,synapse_count_measurement,5.0,degree_distribution,metric_total_degree_std,125.87163733424268,0.0,5
MCNS,synapse_count_measurement,5.0,degree_distribution,metric_in_degree_max,6660.0,0.0,5
MCNS,synapse_count_measurement,5.0,degree_distribution,metric_out_degree_max,7570.0,0.0,5
MCNS,synapse_count_measurement,5.0,assortativity,metric_degree_assortativity,-0.0568881377134471,0.0,5
MCNS,synapse_count_measurement,5.0,connected_components,metric_wcc_count,875.0,0.0,5
MCNS,synapse_count_measurement,5.0,connected_components,metric_wcc_max_size,165820.0,0.0,5
MCNS,synapse_count_measurement,5.0,connected_components,metric_scc_count,8859.0,0.0,5
MCNS,synapse_count_measurement,5.0,connected_components,metric_scc_max_size,157789.0,0.0,5
MCNS,synapse_count_measurement,5.0,reciprocity,metric_reciprocity,0.1567291661257227,0.0,5
MCNS,synapse_count_measurement,7.5,basic_structure,metric_node_count,166694.0,0.0,5
MCNS,synapse_count_measurement,7.5,basic_structure,metric_edge_count,6239112.0,0.0,5
MCNS,synapse_count_measurement,7.5,basic_structure,metric_total_synapses,89798067.2,3368.910411394165,5
MCNS,synapse_count_measurement,7.5,basic_structure,metric_weight_mean,14.39276409848068,0.0005399663303676021,5
MCNS,synapse_count_measurement,7.5,basic_structure,metric_weight_variance,417.63525348988543,0.5243272718850641,5
MCNS,synapse_count_measurement,7.5,basic_structure,metric_weight_std,20.43612215749439,0.012831751724435804,5
MCNS,synapse_count_measurement,7.5,basic_structure,metric_weight_max,2703.2,168.6480358616726,5
MCNS,synapse_count_measurement,7.5,basic_structure,metric_density,0.0002245357256781,0.0,5
MCNS,synapse_count_measurement,7.5,degree_distribution,metric_total_degree_mean,74.85706744093969,0.0,5
MCNS,synapse_count_measurement,7.5,degree_distribution,metric_in_degree_mean,37.42853372046984,0.0,5
MCNS,synapse_count_measurement,7.5,degree_distribution,metric_out_degree_mean,37.42853372046984,0.0,5
MCNS,synapse_count_measurement,7.5,degree_distribution,metric_total_degree_std,125.87163733424268,0.0,5
MCNS,synapse_count_measurement,7.5,degree_distribution,metric_in_degree_max,6660.0,0.0,5
MCNS,synapse_count_measurement,7.5,degree_distribution,metric_out_degree_max,7570.0,0.0,5
MCNS,synapse_count_measurement,7.5,assortativity,metric_degree_assortativity,-0.0568881377134471,0.0,5
MCNS,synapse_count_measurement,7.5,connected_components,metric_wcc_count,875.0,0.0,5
MCNS,synapse_count_measurement,7.5,connected_components,metric_wcc_max_size,165820.0,0.0,5
MCNS,synapse_count_measurement,7.5,connected_components,metric_scc_count,8859.0,0.0,5
MCNS,synapse_count_measurement,7.5,connected_components,metric_scc_max_size,157789.0,0.0,5
MCNS,synapse_count_measurement,7.5,reciprocity,metric_reciprocity,0.1567291661257227,0.0,5
MCNS,synapse_count_measurement,10.0,basic_structure,metric_node_count,166694.0,0.0,5
MCNS,synapse_count_measurement,10.0,basic_structure,metric_edge_count,6239112.0,0.0,5
MCNS,synapse_count_measurement,10.0,basic_structure,metric_total_synapses,89798756.2,4828.440510144036,5
MCNS,synapse_count_measurement,10.0,basic_structure,metric_weight_mean,14.392874530862727,0.0007738986750266123,5
MCNS,synapse_count_measurement,10.0,basic_structure,metric_weight_variance,420.3897369127441,0.7004913030846373,5
MCNS,synapse_count_measurement,10.0,basic_structure,metric_weight_std,20.503400813151217,0.017088241987104263,5
MCNS,synapse_count_measurement,10.0,basic_structure,metric_weight_max,2835.8,191.74086679683077,5
MCNS,synapse_count_measurement,10.0,basic_structure,metric_density,0.0002245357256781,0.0,5
MCNS,synapse_count_measurement,10.0,degree_distribution,metric_total_degree_mean,74.85706744093969,0.0,5
MCNS,synapse_count_measurement,10.0,degree_distribution,metric_in_degree_mean,37.42853372046984,0.0,5
MCNS,synapse_count_measurement,10.0,degree_distribution,metric_out_degree_mean,37.42853372046984,0.0,5
MCNS,synapse_count_measurement,10.0,degree_distribution,metric_total_degree_std,125.87163733424268,0.0,5
MCNS,synapse_count_measurement,10.0,degree_distribution,metric_in_degree_max,6660.0,0.0,5
MCNS,synapse_count_measurement,10.0,degree_distribution,metric_out_degree_max,7570.0,0.0,5
MCNS,synapse_count_measurement,10.0,assortativity,metric_degree_assortativity,-0.0568881377134471,0.0,5
MCNS,synapse_count_measurement,10.0,connected_components,metric_wcc_count,875.0,0.0,5
MCNS,synapse_count_measurement,10.0,connected_components,metric_wcc_max_size,165820.0,0.0,5
MCNS,synapse_count_measurement,10.0,connected_components,metric_scc_count,8859.0,0.0,5
MCNS,synapse_count_measurement,10.0,connected_components,metric_scc_max_size,157789.0,0.0,5
MCNS,synapse_count_measurement,10.0,reciprocity,metric_reciprocity,0.1567291661257227,0.0,5
MCNS,synapse_count_measurement,15.0,basic_structure,metric_node_count,166694.0,0.0,5
MCNS,synapse_count_measurement,15.0,basic_structure,metric_edge_count,6239112.0,0.0,5
MCNS,synapse_count_measurement,15.0,basic_structure,metric_total_synapses,89798998.4,7445.996792908254,5
MCNS,synapse_count_measurement,15.0,basic_structure,metric_weight_mean,14.392913350489621,0.0011934385522988085,5
MCNS,synapse_count_measurement,15.0,basic_structure,metric_weight_variance,428.2218392908645,1.038590476273321,5
MCNS,synapse_count_measurement,15.0,basic_structure,metric_weight_std,20.693506443522107,0.0251070263756535,5
MCNS,synapse_count_measurement,15.0,basic_structure,metric_weight_max,3100.6,248.81044994131577,5
MCNS,synapse_count_measurement,15.0,basic_structure,metric_density,0.0002245357256781,0.0,5
MCNS,synapse_count_measurement,15.0,degree_distribution,metric_total_degree_mean,74.85706744093969,0.0,5
MCNS,synapse_count_measurement,15.0,degree_distribution,metric_in_degree_mean,37.42853372046984,0.0,5
MCNS,synapse_count_measurement,15.0,degree_distribution,metric_out_degree_mean,37.42853372046984,0.0,5
MCNS,synapse_count_measurement,15.0,degree_distribution,metric_total_degree_std,125.87163733424268,0.0,5
MCNS,synapse_count_measurement,15.0,degree_distribution,metric_in_degree_max,6660.0,0.0,5
MCNS,synapse_count_measurement,15.0,degree_distribution,metric_out_degree_max,7570.0,0.0,5
MCNS,synapse_count_measurement,15.0,assortativity,metric_degree_assortativity,-0.0568881377134471,0.0,5
MCNS,synapse_count_measurement,15.0,connected_components,metric_wcc_count,875.0,0.0,5
MCNS,synapse_count_measurement,15.0,connected_components,metric_wcc_max_size,165820.0,0.0,5
MCNS,synapse_count_measurement,15.0,connected_components,metric_scc_count,8859.0,0.0,5
MCNS,synapse_count_measurement,15.0,connected_components,metric_scc_max_size,157789.0,0.0,5
MCNS,synapse_count_measurement,15.0,reciprocity,metric_reciprocity,0.1567291661257227,0.0,5
MCNS,synapse_count_measurement,20.0,basic_structure,metric_node_count,166694.0,0.0,5
MCNS,synapse_count_measurement,20.0,basic_structure,metric_edge_count,6239112.0,0.0,5
MCNS,synapse_count_measurement,20.0,basic_structure,metric_total_synapses,89799713.0,9289.80768369292,5
MCNS,synapse_count_measurement,20.0,basic_structure,metric_weight_mean,14.393027886019677,0.001488963122266652,5
MCNS,synapse_count_measurement,20.0,basic_structure,metric_weight_variance,439.16931733269973,1.3717462967959477,5
MCNS,synapse_count_measurement,20.0,basic_structure,metric_weight_std,20.956341399266826,0.032748894258472924,5
MCNS,synapse_count_measurement,20.0,basic_structure,metric_weight_max,3365.8,313.3294751535514,5
MCNS,synapse_count_measurement,20.0,basic_structure,metric_density,0.0002245357256781,0.0,5
MCNS,synapse_count_measurement,20.0,degree_distribution,metric_total_degree_mean,74.85706744093969,0.0,5
MCNS,synapse_count_measurement,20.0,degree_distribution,metric_in_degree_mean,37.42853372046984,0.0,5
MCNS,synapse_count_measurement,20.0,degree_distribution,metric_out_degree_mean,37.42853372046984,0.0,5
MCNS,synapse_count_measurement,20.0,degree_distribution,metric_total_degree_std,125.87163733424268,0.0,5
MCNS,synapse_count_measurement,20.0,degree_distribution,metric_in_degree_max,6660.0,0.0,5
MCNS,synapse_count_measurement,20.0,degree_distribution,metric_out_degree_max,7570.0,0.0,5
MCNS,synapse_count_measurement,20.0,assortativity,metric_degree_assortativity,-0.0568881377134471,0.0,5
MCNS,synapse_count_measurement,20.0,connected_components,metric_wcc_count,875.0,0.0,5
MCNS,synapse_count_measurement,20.0,connected_components,metric_wcc_max_size,165820.0,0.0,5
MCNS,synapse_count_measurement,20.0,connected_components,metric_scc_count,8859.0,0.0,5
MCNS,synapse_count_measurement,20.0,connected_components,metric_scc_max_size,157789.0,0.0,5
MCNS,synapse_count_measurement,20.0,reciprocity,metric_reciprocity,0.1567291661257227,0.0,5
