dataset,error_model,rate,analysis,metric,baseline,value,rel_change_pct,rel_std_pct,n
BANC,false_synapses,0.25,basic_structure,metric_node_count,158262.0,158262.0,0.0,0.0,5
BANC,false_synapses,0.25,basic_structure,metric_edge_count,3990039.0,4000014.0,0.24999755641486213,0.0,5
BANC,false_synapses,0.25,basic_structure,metric_total_synapses,23556214.0,23585825.6,0.1257061088000028,0.00020848209172448233,5
BANC,false_synapses,0.25,basic_structure,metric_weight_mean,5.903755326702321,5.896435762474832,-0.12398149690219457,0.0002079621913231607,5
BANC,false_synapses,0.25,basic_structure,metric_weight_variance,89.45748753848277,89.25968180212934,-0.22111702641809441,7.535653890251672e-05,5
BANC,false_synapses,0.25,basic_structure,metric_weight_std,9.45819684392764,9.44773421525588,-0.11061969680275395,3.771999679544531e-05,5
BANC,false_synapses,0.25,basic_structure,metric_weight_max,913.0,913.0,0.0,0.0,5
BANC,false_synapses,0.25,basic_structure,metric_density,0.0001593039650148,0.0001597022210346,0.2499975564092275,0.0,5
BANC,false_synapses,0.25,degree_distribution,metric_total_degree_mean,50.42320961443682,50.54926640633886,0.24999755641486524,0.0,5
BANC,false_synapses,0.25,degree_distribution,metric_in_degree_mean,25.21160480721841,25.27463320316943,0.24999755641486524,0.0,5
BANC,false_synapses,0.25,degree_distribution,metric_out_degree_mean,25.21160480721841,25.27463320316943,0.24999755641486524,0.0,5
BANC,false_synapses,0.25,degree_distribution,metric_total_degree_std,111.71935962728317,111.72401133029504,0.004163739415793755,0.00027340085939626057,5
BANC,false_synapses,0.25,degree_distribution,metric_in_degree_max,4707.0,4707.0,0.0,0.0,5
BANC,false_synapses,0.25,degree_distribution,metric_out_degree_max,4782.0,4782.0,0.0,0.0,5
BANC,false_synapses,0.25,assortativity,metric_degree_assortativity,-0.0464301869222043,-0.046021278142801124,0.8806959577576481,0.002274350528231125,5
BANC,false_synapses,0.25,connected_components,metric_wcc_count,4306.0,4306.0,0.0,0.0,5
BANC,false_synapses,0.25,connected_components,metric_wcc_max_size,153952.0,153952.0,0.0,0.0,5
BANC,false_synapses,0.25,connected_components,metric_scc_count,18345.0,18342.6,-0.013082583810310468,0.004360861270100844,5
BANC,false_synapses,0.25,connected_components,metric_scc_max_size,139405.0,139406.4,0.001004268139589096,0.0005738675083390122,5
BANC,false_synapses,0.25,reciprocity,metric_reciprocity,0.1299390807959521,0.1296180463368378,-0.2470653610505616,0.0004215210982857948,5
BANC,false_synapses,0.5,basic_structure,metric_node_count,158262.0,158262.0,0.0,0.0,5
BANC,false_synapses,0.5,basic_structure,metric_edge_count,3990039.0,4009989.0,0.49999511282972425,0.0,5
BANC,false_synapses,0.5,basic_structure,metric_total_synapses,23556214.0,23615281.0,0.25074912292781854,0.0006217158782263018,5
BANC,false_synapses,0.5,basic_structure,metric_weight_mean,5.903755326702321,5.889113660910292,-0.24800597216157308,0.0006186227944838247,5
BANC,false_synapses,0.5,basic_structure,metric_weight_variance,89.45748753848277,89.06294312810233,-0.4410412378401624,0.0003154035986160979,5
BANC,false_synapses,0.5,basic_structure,metric_weight_std,9.45819684392764,9.43731652154779,-0.22076430343331935,0.00015805068412782662,5
BANC,false_synapses,0.5,basic_structure,metric_weight_max,913.0,913.0,0.0,0.0,5
BANC,false_synapses,0.5,basic_structure,metric_density,0.0001593039650148,0.0001601004770544,0.499995112818455,0.0,5
BANC,false_synapses,0.5,degree_distribution,metric_total_degree_mean,50.42320961443682,50.67532319824089,0.49999511282971637,0.0,5
BANC,false_synapses,0.5,degree_distribution,metric_in_degree_mean,25.21160480721841,25.337661599120445,0.49999511282971637,0.0,5
BANC,false_synapses,0.5,degree_distribution,metric_out_degree_mean,25.21160480721841,25.337661599120445,0.49999511282971637,0.0,5
BANC,false_synapses,0.5,degree_distribution,metric_total_degree_std,111.71935962728317,111.76806832942876,0.04359915981266864,0.0003260965834182966,5
BANC,false_synapses,0.5,degree_distribution,metric_in_degree_max,4707.0,4707.0,0.0,0.0,5
BANC,false_synapses,0.5,degree_distribution,metric_out_degree_max,4782.0,4782.0,0.0,0.0,5
BANC,false_synapses,0.5,assortativity,metric_degree_assortativity,-0.0464301869222043,-0.0455991152981172,1.7899381397701288,0.0050107238080553075,5
BANC,false_synapses,0.5,connected_components,metric_wcc_count,4306.0,4306.0,0.0,0.0,5
BANC,false_synapses,0.5,connected_components,metric_wcc_max_size,153952.0,153952.0,0.0,0.0,5
BANC,false_synapses,0.5,connected_components,metric_scc_count,18345.0,18341.0,-0.021804306350504225,0.004875591120195781,5
BANC,false_synapses,0.5,connected_components,metric_scc_max_size,139405.0,139408.0,0.002152003156271296,0.0006416033793622294,5
BANC,false_synapses,0.5,reciprocity,metric_reciprocity,0.1299390807959521,0.1292951177671559,-0.49558841331763986,0.0003433143982535983,5
BANC,false_synapses,0.75,basic_structure,metric_node_count,158262.0,158262.0,0.0,0.0,5
BANC,false_synapses,0.75,basic_structure,metric_edge_count,3990039.0,4019964.0,0.7499926692445863,0.0,5
BANC,false_synapses,0.75,basic_structure,metric_total_synapses,23556214.0,23644808.0,0.3760960908234235,0.0005122912657409875,5
BANC,false_synapses,0.75,basic_structure,metric_weight_mean,5.903755326702321,5.881845708071017,-0.37111325620503993,0.0005084777201157408,5
BANC,false_synapses,0.75,basic_structure,metric_weight_variance,89.45748753848277,88.86705979043946,-0.6600093120090378,0.0002558994491251311,5
BANC,false_synapses,0.75,basic_structure,metric_weight_std,9.45819684392764,9.426932681964585,-0.33055097582502685,0.00012837395278892793,5
BANC,false_synapses,0.75,basic_structure,metric_weight_max,913.0,913.0,0.0,0.0,5
BANC,false_synapses,0.75,basic_structure,metric_density,0.0001593039650148,0.0001604987330742,0.7499926692276655,0.0,5
BANC,false_synapses,0.75,degree_distribution,metric_total_degree_mean,50.42320961443682,50.80137999014293,0.7499926692445816,0.0,5
BANC,false_synapses,0.75,degree_distribution,metric_in_degree_mean,25.21160480721841,25.400689995071463,0.7499926692445816,0.0,5
BANC,false_synapses,0.75,degree_distribution,metric_out_degree_mean,25.21160480721841,25.400689995071463,0.7499926692445816,0.0,5
BANC,false_synapses,0.75,degree_distribution,metric_total_degree_std,111.71935962728317,111.82646248264152,0.09586776697938848,0.0005508169888325028,5
BANC,false_synapses,0.75,degree_distribution,metric_in_degree_max,4707.0,4707.0,0.0,0.0,5
BANC,false_synapses,0.75,degree_distribution,metric_out_degree_max,4782.0,4782.0,0.0,0.0,5
BANC,false_synapses,0.75,assortativity,metric_degree_assortativity,-0.0464301869222043,-0.04547921284906641,2.048180582885185,0.017118742567609563,5
BANC,false_synapses,0.75,connected_components,metric_wcc_count,4306.0,4306.0,0.0,0.0,5
BANC,false_synapses,0.75,connected_components,metric_wcc_max_size,153952.0,153952.0,0.0,0.0,5
BANC,false_synapses,0.75,connected_components,metric_scc_count,18345.0,18341.8,-0.017443445080407346,0.006356993071513002,5
BANC,false_synapses,0.75,connected_components,metric_scc_max_size,139405.0,139407.4,0.0017216025250128613,0.0005738675083390122,5
BANC,false_synapses,0.75,reciprocity,metric_reciprocity,0.1299390807959521,0.12897478683888708,-0.7421123430750447,0.00041942920244920494,5
BANC,false_synapses,1.0,basic_structure,metric_node_count,158262.0,158262.0,0.0,0.0,5
BANC,false_synapses,1.0,basic_structure,metric_edge_count,3990039.0,4029939.0,0.9999902256594485,0.0,5
BANC,false_synapses,1.0,basic_structure,metric_total_synapses,23556214.0,23674574.4,0.5024593510654918,0.0010612829378805404,5
BANC,false_synapses,1.0,basic_structure,metric_weight_mean,5.903755326702321,5.874673140213785,-0.49260487400279995,0.0010507752877080675,5
BANC,false_synapses,1.0,basic_structure,metric_weight_variance,89.45748753848277,88.67164323103114,-0.8784555983797018,0.0004534702756511645,5
BANC,false_synapses,1.0,basic_structure,metric_weight_std,9.45819684392764,9.416562176854523,-0.44019666496841037,0.0002277375250364448,5
BANC,false_synapses,1.0,basic_structure,metric_weight_max,913.0,913.0,0.0,0.0,5
BANC,false_synapses,1.0,basic_structure,metric_density,0.0001593039650148,0.0001608969890941,0.9999902256996601,0.0,5
BANC,false_synapses,1.0,degree_distribution,metric_total_degree_mean,50.42320961443682,50.92743678204496,0.9999902256594327,0.0,5
BANC,false_synapses,1.0,degree_distribution,metric_in_degree_mean,25.21160480721841,25.46371839102248,0.9999902256594327,0.0,5
BANC,false_synapses,1.0,degree_distribution,metric_out_degree_mean,25.21160480721841,25.46371839102248,0.9999902256594327,0.0,5
BANC,false_synapses,1.0,degree_distribution,metric_total_degree_std,111.71935962728317,111.84895174439848,0.11599790541912519,0.00037424667979494127,5
BANC,false_synapses,1.0,degree_distribution,metric_in_degree_max,4707.0,4707.0,0.0,0.0,5
BANC,false_synapses,1.0,degree_distribution,metric_out_degree_max,4782.0,4782.0,0.0,0.0,5
BANC,false_synapses,1.0,assortativity,metric_degree_assortativity,-0.0464301869222043,-0.04522175859433812,2.602678145343132,0.008528250644126404,5
BANC,false_synapses,1.0,connected_components,metric_wcc_count,4306.0,4306.0,0.0,0.0,5
BANC,false_synapses,1.0,connected_components,metric_wcc_max_size,153952.0,153952.0,0.0,0.0,5
BANC,false_synapses,1.0,connected_components,metric_scc_count,18345.0,18341.6,-0.01853366039793652,0.007394200036113675,5
BANC,false_synapses,1.0,connected_components,metric_scc_max_size,139405.0,139407.2,0.0015781356479406343,0.0005368039004015554,5
BANC,false_synapses,1.0,reciprocity,metric_reciprocity,0.1299390807959521,0.1288871121870579,-0.8095860017250257,0.003854348043301476,5
BANC,false_synapses,2.0,basic_structure,metric_node_count,158262.0,158262.0,0.0,0.0,5
BANC,false_synapses,2.0,basic_structure,metric_edge_count,3990039.0,4069840.0,2.0000055137305677,0.0,5
BANC,false_synapses,2.0,basic_structure,metric_total_synapses,23556214.0,23792261.4,1.002060008454663,0.0010426026858947814,5
BANC,false_synapses,2.0,basic_structure,metric_weight_mean,5.903755326702321,5.845994289701807,-0.9783778934615452,0.0010221594407199574,5
BANC,false_synapses,2.0,basic_structure,metric_weight_variance,89.45748753848277,87.90034564053784,-1.7406501577356286,0.0004201370132820861,5
BANC,false_synapses,2.0,basic_structure,metric_weight_std,9.45819684392764,9.375518419806772,-0.8741457329041431,0.00021192122512974813,5
BANC,false_synapses,2.0,basic_structure,metric_weight_max,913.0,913.0,0.0,0.0,5
BANC,false_synapses,2.0,basic_structure,metric_density,0.0001593039650148,0.0001624900530987,2.00000551373847,0.0,5
BANC,false_synapses,2.0,degree_distribution,metric_total_degree_mean,50.42320961443682,51.431676586925484,2.000005513730576,1.4091580865107454e-14,5
BANC,false_synapses,2.0,degree_distribution,metric_in_degree_mean,25.21160480721841,25.715838293462742,2.000005513730576,1.4091580865107454e-14,5
BANC,false_synapses,2.0,degree_distribution,metric_out_degree_mean,25.21160480721841,25.715838293462742,2.000005513730576,1.4091580865107454e-14,5
BANC,false_synapses,2.0,degree_distribution,metric_total_degree_std,111.71935962728317,112.05218554820628,0.2979124853861349,0.0008158676215710764,5
BANC,false_synapses,2.0,degree_distribution,metric_in_degree_max,4707.0,4707.0,0.0,0.0,5
BANC,false_synapses,2.0,degree_distribution,metric_out_degree_max,4782.0,4782.0,0.0,0.0,5
BANC,false_synapses,2.0,assortativity,metric_degree_assortativity,-0.0464301869222043,-0.04416334375915716,4.882261548602691,0.017822215326529407,5
BANC,false_synapses,2.0,connected_components,metric_wcc_count,4306.0,4306.0,0.0,0.0,5
BANC,false_synapses,2.0,connected_components,metric_wcc_max_size,153952.0,153952.0,0.0,0.0,5
BANC,false_synapses,2.0,connected_components,metric_scc_count,18345.0,18336.0,-0.04905968928863451,0.003447563543383352,5
BANC,false_synapses,2.0,connected_components,metric_scc_max_size,139405.0,139412.4,0.005308274452131688,0.0007315404058093734,5
BANC,false_synapses,2.0,reciprocity,metric_reciprocity,0.1299390807959521,0.129412360191064,-0.4053596513547916,0.021449081432346112,5
BANC,false_synapses,5.0,basic_structure,metric_node_count,158262.0,158262.0,0.0,0.0,5
BANC,false_synapses,5.0,basic_structure,metric_edge_count,3990039.0,4189541.0,5.000001253120583,0.0,5
BANC,false_synapses,5.0,basic_structure,metric_total_synapses,23556214.0,24146488.6,2.5058126912924186,0.0012626537571845521,5
BANC,false_synapses,5.0,basic_structure,metric_weight_mean,5.903755326702321,5.763516480683683,-2.375417649582221,0.0012025273734461183,5
BANC,false_synapses,5.0,basic_structure,metric_weight_variance,89.45748753848277,85.66422803408375,-4.240292913175362,0.0005100839133860823,5
BANC,false_synapses,5.0,basic_structure,metric_weight_std,9.45819684392764,9.255497179162019,-2.1431110824867066,0.0002606273417734798,5
BANC,false_synapses,5.0,basic_structure,metric_weight_max,913.0,913.0,0.0,0.0,5
BANC,false_synapses,5.0,basic_structure,metric_density,0.0001593039650148,0.0001672691652618,5.000001253113815,0.0,5
BANC,false_synapses,5.0,degree_distribution,metric_total_degree_mean,50.42320961443682,52.94437072702228,5.000001253120585,0.0,5
BANC,false_synapses,5.0,degree_distribution,metric_in_degree_mean,25.21160480721841,26.47218536351114,5.000001253120585,0.0,5
BANC,false_synapses,5.0,degree_distribution,metric_out_degree_mean,25.21160480721841,26.47218536351114,5.000001253120585,0.0,5
BANC,false_synapses,5.0,degree_distribution,metric_total_degree_std,111.71935962728317,112.74465235981779,0.917739535882763,0.002805750013293141,5
BANC,false_synapses,5.0,degree_distribution,metric_in_degree_max,4707.0,4707.0,0.0,0.0,5
BANC,false_synapses,5.0,degree_distribution,metric_out_degree_max,4782.0,4782.0,0.0,0.0,5
BANC,false_synapses,5.0,assortativity,metric_degree_assortativity,-0.0464301869222043,-0.04097434270770214,11.750640210955114,0.01582578838642216,5
BANC,false_synapses,5.0,connected_components,metric_wcc_count,4306.0,4306.0,0.0,0.0,5
BANC,false_synapses,5.0,connected_components,metric_wcc_max_size,153952.0,153952.0,0.0,0.0,5
BANC,false_synapses,5.0,connected_components,metric_scc_count,18345.0,18300.0,-0.24529844644317253,0.024860734262177987,5
BANC,false_synapses,5.0,connected_components,metric_scc_max_size,139405.0,139453.2,0.03457551737743384,0.0041431882868458525,5
BANC,false_synapses,5.0,reciprocity,metric_reciprocity,0.1299390807959521,0.13117857063578084,0.9539007296620476,0.010721155299392824,5
BANC,false_synapses,10.0,basic_structure,metric_node_count,158262.0,158262.0,0.0,0.0,5
BANC,false_synapses,10.0,basic_structure,metric_edge_count,3990039.0,4389043.0,10.000002506241167,0.0,5
BANC,false_synapses,10.0,basic_structure,metric_total_synapses,23556214.0,24736087.2,5.008755651481173,0.0019649075116300895,5
BANC,false_synapses,10.0,basic_structure,metric_weight_mean,5.903755326702321,5.635872603663258,-4.537497037308534,0.0017862795153266314,5
BANC,false_synapses,10.0,basic_structure,metric_weight_variance,89.45748753848277,82.1824461913184,-8.132400704898837,0.0005705965963143417,5
BANC,false_synapses,10.0,basic_structure,metric_weight_std,9.45819684392764,9.065453446492667,-4.152413022436964,0.0002976580293384378,5
BANC,false_synapses,10.0,basic_structure,metric_weight_max,913.0,913.0,0.0,0.0,5
BANC,false_synapses,10.0,basic_structure,metric_density,0.0001593039650148,0.0001752343655088,10.000002506227649,0.0,5
BANC,false_synapses,10.0,degree_distribution,metric_total_degree_mean,50.42320961443682,55.46553183960774,10.00000250624117,0.0,5
BANC,false_synapses,10.0,degree_distribution,metric_in_degree_mean,25.21160480721841,27.73276591980387,10.00000250624117,0.0,5
BANC,false_synapses,10.0,degree_distribution,metric_out_degree_mean,25.21160480721841,27.73276591980387,10.00000250624117,0.0,5
BANC,false_synapses,10.0,degree_distribution,metric_total_degree_std,111.71935962728317,114.08721278467551,2.1194653865650057,0.0030406773002137947,5
BANC,false_synapses,10.0,degree_distribution,metric_in_degree_max,4707.0,4707.0,0.0,0.0,5
BANC,false_synapses,10.0,degree_distribution,metric_out_degree_max,4782.0,4782.0,0.0,0.0,5
BANC,false_synapses,10.0,assortativity,metric_degree_assortativity,-0.0464301869222043,-0.037024038333034796,20.258692055084534,0.024331057022922063,5
BANC,false_synapses,10.0,connected_components,metric_wcc_count,4306.0,4306.0,0.0,0.0,5
BANC,false_synapses,10.0,connected_components,metric_wcc_max_size,153952.0,153952.0,0.0,0.0,5
BANC,false_synapses,10.0,connected_components,metric_scc_count,18345.0,18206.8,-0.753338784409925,0.0278805382448502,5
BANC,false_synapses,10.0,connected_components,metric_scc_max_size,139405.0,139579.8,0.12539005057206581,0.00569185737236896,5
BANC,false_synapses,10.0,reciprocity,metric_reciprocity,0.1299390807959521,0.13402274709999418,3.1427544962048852,0.03162058613900034,5
BANC,false_synapses,15.0,basic_structure,metric_node_count,158262.0,158262.0,0.0,0.0,5
BANC,false_synapses,15.0,basic_structure,metric_edge_count,3990039.0,4588545.0,15.000003759361752,0.0,5
BANC,false_synapses,15.0,basic_structure,metric_total_synapses,23556214.0,25326858.6,7.516677340424915,0.003263073796002582,5
BANC,false_synapses,15.0,basic_structure,metric_weight_mean,5.903755326702321,5.5195837896326605,-6.507240151570577,0.0028374553820259586,5
BANC,false_synapses,15.0,basic_structure,metric_weight_variance,89.45748753848277,78.97380322092489,-11.71918036827047,0.0009379052512273773,5
BANC,false_synapses,15.0,basic_structure,metric_weight_std,9.45819684392764,8.886720611040747,-6.04212665814618,0.0004991090226659212,5
BANC,false_synapses,15.0,basic_structure,metric_weight_max,913.0,913.0,0.0,0.0,5
BANC,false_synapses,15.0,basic_structure,metric_density,0.0001593039650148,0.0001831995657559,15.000003759404231,0.0,5
BANC,false_synapses,15.0,degree_distribution,metric_total_degree_mean,50.42320961443682,57.986692952193195,15.000003759361741,1.4091580865107454e-14,5
BANC,false_synapses,15.0,degree_distribution,metric_in_degree_mean,25.21160480721841,28.993346476096598,15.000003759361741,1.4091580865107454e-14,5
BANC,false_synapses,15.0,degree_distribution,metric_out_degree_mean,25.21160480721841,28.993346476096598,15.000003759361741,1.4091580865107454e-14,5
BANC,false_synapses,15.0,degree_distribution,metric_total_degree_std,111.71935962728317,115.96527859433088,3.800522112920178,0.006336314098236732,5
BANC,false_synapses,15.0,degree_distribution,metric_in_degree_max,4707.0,4707.0,0.0,0.0,5
BANC,false_synapses,15.0,degree_distribution,metric_out_degree_max,4782.0,4782.0,0.0,0.0,5
BANC,false_synapses,15.0,assortativity,metric_degree_assortativity,-0.0464301869222043,-0.034303026971815004,26.11912799470063,0.03855945496054609,5
BANC,false_synapses,15.0,connected_components,metric_wcc_count,4306.0,4306.0,0.0,0.0,5
BANC,false_synapses,15.0,connected_components,metric_wcc_max_size,153952.0,153952.0,0.0,0.0,5
BANC,false_synapses,15.0,connected_components,metric_scc_count,18345.0,18092.8,-1.3747615153992954,0.020512278792288664,5
BANC,false_synapses,15.0,connected_components,metric_scc_max_size,139405.0,139744.2,0.24331982353574955,0.005413855245970578,5
BANC,false_synapses,15.0,reciprocity,metric_reciprocity,0.1299390807959521,0.13661228123511915,5.13563771445037,0.03925333550484336,5
BANC,false_synapses,20.0,basic_structure,metric_node_count,158262.0,158262.0,0.0,0.0,5
BANC,false_synapses,20.0,basic_structure,metric_edge_count,3990039.0,4788047.0,20.000005012482333,0.0,5
BANC,false_synapses,20.0,basic_structure,metric_total_synapses,23556214.0,25917579.0,10.02438252598656,0.005913427701016863,5
BANC,false_synapses,20.0,basic_structure,metric_weight_mean,5.903755326702321,5.412975060604042,-8.313018391505992,0.004927856211670605,5
BANC,false_synapses,20.0,basic_structure,metric_weight_variance,89.45748753848277,76.00872176829245,-15.033694931802035,0.0016322953413533243,5
BANC,false_synapses,20.0,basic_structure,metric_weight_std,9.45819684392764,8.71829810004679,-7.822830885105557,0.0008854086435496576,5
BANC,false_synapses,20.0,basic_structure,metric_weight_max,913.0,913.0,0.0,0.0,5
BANC,false_synapses,20.0,basic_structure,metric_density,0.0001593039650148,0.0001911647660029,20.000005012518045,0.0,5
BANC,false_synapses,20.0,degree_distribution,metric_total_degree_mean,50.42320961443682,60.507854064778655,20.000005012482326,0.0,5
BANC,false_synapses,20.0,degree_distribution,metric_in_degree_mean,25.21160480721841,30.253927032389328,20.000005012482326,0.0,5
BANC,false_synapses,20.0,degree_distribution,metric_out_degree_mean,25.21160480721841,30.253927032389328,20.000005012482326,0.0,5
BANC,false_synapses,20.0,degree_distribution,metric_total_degree_std,111.71935962728317,118.10941468975454,5.719738354918793,0.007797954555912986,5
BANC,false_synapses,20.0,degree_distribution,metric_in_degree_max,4707.0,4707.0,0.0,0.0,5
BANC,false_synapses,20.0,degree_distribution,metric_out_degree_max,4782.0,4782.0,0.0,0.0,5
BANC,false_synapses,20.0,assortativity,metric_degree_assortativity,-0.0464301869222043,-0.031543463118588,32.06259718178524,0.07808048694768772,5
BANC,false_synapses,20.0,connected_components,metric_wcc_count,4306.0,4306.0,0.0,0.0,5
BANC,false_synapses,20.0,connected_components,metric_wcc_max_size,153952.0,153952.0,0.0,0.0,5
BANC,false_synapses,20.0,connected_components,metric_scc_count,18345.0,17946.2,-2.1738893431452673,0.0375135470898561,5
BANC,false_synapses,20.0,connected_components,metric_scc_max_size,139405.0,139956.8,0.39582511387682534,0.006076630991584914,5
BANC,false_synapses,20.0,reciprocity,metric_reciprocity,0.1299390807959521,0.13914558482821907,7.085246390748498,0.08302936143362481,5
BANC,merge_errors,0.5,basic_structure,metric_node_count,158262.0,157968.0,-0.1857679038556318,0.0,5
BANC,merge_errors,0.5,basic_structure,metric_edge_count,3990039.0,3980860.0,-0.23004787672501448,0.02639236884424772,5
BANC,merge_errors,0.5,basic_structure,metric_total_synapses,23556214.0,23555557.0,-0.0027890729809128072,0.0013887670922692167,5
BANC,merge_errors,0.5,basic_structure,metric_weight_mean,5.903755326702321,5.917203473645284,0.22778970669969836,0.026091742295572522,5
BANC,merge_errors,0.5,basic_structure,metric_weight_variance,89.45748753848277,90.05438199345588,0.6672381165593756,0.1342182130783162,5
BANC,merge_errors,0.5,basic_structure,metric_weight_std,9.45819684392764,9.489696621293305,0.3330420997305512,0.06689297148511188,5
BANC,merge_errors,0.5,basic_structure,metric_weight_max,913.0,913.0,0.0,0.0,5
BANC,merge_errors,0.5,basic_structure,metric_density,0.0001593039650148,0.00015952965073902,0.14166987256033,0.026490700177886052,5
BANC,merge_errors,0.5,degree_distribution,metric_total_degree_mean,50.42320961443682,50.40084067659273,-0.04436238394012866,0.026441488643445383,5
BANC,merge_errors,0.5,degree_distribution,metric_in_degree_mean,25.21160480721841,25.200420338296365,-0.04436238394012866,0.026441488643440075,5
BANC,merge_errors,0.5,degree_distribution,metric_out_degree_mean,25.21160480721841,25.200420338296365,-0.04436238394012866,0.026441488643440075,5
BANC,merge_errors,0.5,degree_distribution,metric_total_degree_std,111.71935962728317,111.56482692291891,-0.1383222253330197,0.030946920289504368,5
BANC,merge_errors,0.5,degree_distribution,metric_in_degree_max,4707.0,4688.2,-0.39940514127895016,0.2201288947862948,5
BANC,merge_errors,0.5,degree_distribution,metric_out_degree_max,4782.0,4763.6,-0.3847762442492605,0.21956344204779069,5
BANC,merge_errors,0.5,assortativity,metric_degree_assortativity,-0.0464301869222043,-0.046321358589552455,0.23439133000732534,0.0799057931523321,5
BANC,merge_errors,0.5,connected_components,metric_wcc_count,4306.0,4306.0,0.0,0.0,5
BANC,merge_errors,0.5,connected_components,metric_wcc_max_size,153952.0,153658.0,-0.19096861359384742,0.0,5
BANC,merge_errors,0.5,connected_components,metric_scc_count,18345.0,18342.2,-0.015263014445348992,0.006356993071513,5
BANC,merge_errors,0.5,connected_components,metric_scc_max_size,139405.0,139114.0,-0.2087443061583157,0.001014464016622858,5
BANC,merge_errors,0.5,reciprocity,metric_reciprocity,0.1299390807959521,0.13008676980238104,0.11366019024012364,0.026811720777991557,5
BANC,merge_errors,1.0,basic_structure,metric_node_count,158262.0,157674.0,-0.3715358077112636,0.0,5
BANC,merge_errors,1.0,basic_structure,metric_edge_count,3990039.0,3972162.2,-0.44803572095410127,0.04456509615017886,5
BANC,merge_errors,1.0,basic_structure,metric_total_synapses,23556214.0,23554939.8,-0.00540918842051297,0.0018968112617839077,5
BANC,merge_errors,1.0,basic_structure,metric_weight_mean,5.903755326702321,5.930005698247625,0.4446385409397837,0.04462232623137987,5
BANC,merge_errors,1.0,basic_structure,metric_weight_variance,89.45748753848277,90.6993551688059,1.3882210025056898,0.1494024068868195,5
BANC,merge_errors,1.0,basic_structure,metric_weight_std,9.45819684392764,9.52361832166473,0.69169080340183,0.07418492225947769,5
BANC,merge_errors,1.0,basic_structure,metric_weight_max,913.0,913.0,0.0,0.0,5
BANC,merge_errors,1.0,basic_structure,metric_density,0.0001593039650148,0.00015977526923826002,0.2958521612542657,0.044898102499168466,5
BANC,merge_errors,1.0,degree_distribution,metric_total_degree_mean,50.42320961443682,50.384492053223745,-0.07678519774748885,0.044731288905712645,5
BANC,merge_errors,1.0,degree_distribution,metric_in_degree_mean,25.21160480721841,25.192246026611873,-0.07678519774748885,0.04473128890571644,5
BANC,merge_errors,1.0,degree_distribution,metric_out_degree_mean,25.21160480721841,25.192246026611873,-0.07678519774748885,0.04473128890571644,5
BANC,merge_errors,1.0,degree_distribution,metric_total_degree_std,111.71935962728317,111.41592606971747,-0.2716033806298284,0.059145595657546256,5
BANC,merge_errors,1.0,degree_distribution,metric_in_degree_max,4707.0,4675.6,-0.6670915657531259,0.2390789020035725,5
BANC,merge_errors,1.0,degree_distribution,metric_out_degree_max,4782.0,4749.4,-0.6817231283981674,0.2640517627380108,5
BANC,merge_errors,1.0,assortativity,metric_degree_assortativity,-0.0464301869222043,-0.046146326524109126,0.6113703538837602,0.2585789288816877,5
BANC,merge_errors,1.0,connected_components,metric_wcc_count,4306.0,4306.0,0.0,0.0,5
BANC,merge_errors,1.0,connected_components,metric_wcc_max_size,153952.0,153364.0,-0.38193722718769485,0.0,5
BANC,merge_errors,1.0,connected_components,metric_scc_count,18345.0,18338.6,-0.03488689016081469,0.008158424391984609,5
BANC,merge_errors,1.0,connected_components,metric_scc_max_size,139405.0,138824.0,-0.4167712779312076,0.001361046301137712,5
BANC,merge_errors,1.0,reciprocity,metric_reciprocity,0.1299390807959521,0.13020819646956752,0.20710910987436448,0.06842106691378352,5
BANC,merge_errors,2.0,basic_structure,metric_node_count,158262.0,157086.0,-0.7430716154225272,0.0,5
BANC,merge_errors,2.0,basic_structure,metric_edge_count,3990039.0,3954669.6,-0.886442463344341,0.06651797226279571,5
BANC,merge_errors,2.0,basic_structure,metric_total_synapses,23556214.0,23554107.4,-0.008942863229216249,0.0016759328215964937,5
BANC,merge_errors,2.0,basic_structure,metric_weight_mean,5.903755326702321,5.956026775878354,0.885393216409442,0.06784409523932544,5
BANC,merge_errors,2.0,basic_structure,metric_weight_variance,89.45748753848277,91.85265362293967,2.677435003332228,0.08389469625059678,5
BANC,merge_errors,2.0,basic_structure,metric_weight_std,9.45819684392764,9.583978208296598,1.3298662149298817,0.041390791665731966,5
BANC,merge_errors,2.0,basic_structure,metric_weight_max,913.0,913.0,0.0,0.0,5
BANC,merge_errors,2.0,basic_structure,metric_density,0.0001593039650148,0.00016026474910724,0.6031137343949601,0.0675176564671039,5
BANC,merge_errors,2.0,degree_distribution,metric_total_degree_mean,50.42320961443682,50.35037622703487,-0.14444417156082154,0.06701594875580853,5
BANC,merge_errors,2.0,degree_distribution,metric_in_degree_mean,25.21160480721841,25.175188113517436,-0.14444417156082154,0.06701594875580776,5
BANC,merge_errors,2.0,degree_distribution,metric_out_degree_mean,25.21160480721841,25.175188113517436,-0.14444417156082154,0.06701594875580776,5
BANC,merge_errors,2.0,degree_distribution,metric_total_degree_std,111.71935962728317,111.13868759067084,-0.5197595461964324,0.08883510124374464,5
BANC,merge_errors,2.0,degree_distribution,metric_in_degree_max,4707.0,4651.2,-1.1854684512428337,0.30798589801436366,5
BANC,merge_errors,2.0,degree_distribution,metric_out_degree_max,4782.0,4721.2,-1.2714345462149768,0.22027928201193964,5
BANC,merge_errors,2.0,assortativity,metric_degree_assortativity,-0.0464301869222043,-0.04589301797952482,1.1569390051768036,0.32728511638465174,5
BANC,merge_errors,2.0,connected_components,metric_wcc_count,4306.0,4306.0,0.0,0.0,5
BANC,merge_errors,2.0,connected_components,metric_wcc_max_size,153952.0,152776.0,-0.7638744543753897,0.0,5
BANC,merge_errors,2.0,connected_components,metric_scc_count,18345.0,18331.2,-0.07522485690923561,0.012140123985456573,5
BANC,merge_errors,2.0,connected_components,metric_scc_max_size,139405.0,138243.8,-0.8329686883540846,0.0020987394768233266,5
BANC,merge_errors,2.0,reciprocity,metric_reciprocity,0.1299390807959521,0.13049689468483003,0.4292887755254238,0.0746776590881541,5
BANC,merge_errors,3.0,basic_structure,metric_node_count,158262.0,156498.0,-1.1146074231337908,0.0,5
BANC,merge_errors,3.0,basic_structure,metric_edge_count,3990039.0,3935522.8,-1.3663074471201957,0.09278383637621637,5
BANC,merge_errors,3.0,basic_structure,metric_total_synapses,23556214.0,23552105.2,-0.017442531299812207,0.002641494497675684,5
BANC,merge_errors,3.0,basic_structure,metric_weight_mean,5.903755326702321,5.984497357882816,1.3676385065502998,0.09427460445275107,5
BANC,merge_errors,3.0,basic_structure,metric_weight_variance,89.45748753848277,93.83820390346668,4.896981220380706,0.37063673223724397,5
BANC,merge_errors,3.0,basic_structure,metric_weight_std,9.45819684392764,9.686997020185926,2.4190676091202348,0.18086491236997312,5
BANC,merge_errors,3.0,basic_structure,metric_weight_max,913.0,913.0,0.0,0.0,5
BANC,merge_errors,3.0,basic_structure,metric_density,0.0001593039650148,0.00016068954622807999,0.8697719564929013,0.09488729634356538,5
BANC,merge_errors,3.0,degree_distribution,metric_total_degree_mean,50.42320961443682,50.29486383212564,-0.25453711354866193,0.09382966883010142,5
BANC,merge_errors,3.0,degree_distribution,metric_in_degree_mean,25.21160480721841,25.14743191606282,-0.25453711354866193,0.09382966883010348,5
BANC,merge_errors,3.0,degree_distribution,metric_out_degree_mean,25.21160480721841,25.14743191606282,-0.25453711354866193,0.09382966883010348,5
BANC,merge_errors,3.0,degree_distribution,metric_total_degree_std,111.71935962728317,110.80119985258636,-0.8218448241736774,0.09390517158515858,5
BANC,merge_errors,3.0,degree_distribution,metric_in_degree_max,4707.0,4615.6,-1.9417888251540183,0.5839232798312788,5
BANC,merge_errors,3.0,degree_distribution,metric_out_degree_max,4782.0,4685.0,-2.0284399832705984,0.555796456390806,5
BANC,merge_errors,3.0,assortativity,metric_degree_assortativity,-0.0464301869222043,-0.04560239595484921,1.7828723557415025,0.43159662085878214,5
BANC,merge_errors,3.0,connected_components,metric_wcc_count,4306.0,4306.0,0.0,0.0,5
BANC,merge_errors,3.0,connected_components,metric_wcc_max_size,153952.0,152188.0,-1.1458116815630848,0.0,5
BANC,merge_errors,3.0,connected_components,metric_scc_count,18345.0,18323.8,-0.11556282365767635,0.017375173017726057,5
BANC,merge_errors,3.0,connected_components,metric_scc_max_size,139405.0,137663.4,-1.2493095656540338,0.0029261616232374938,5
BANC,merge_errors,3.0,reciprocity,metric_reciprocity,0.1299390807959521,0.13043867937230144,0.38448677125389574,0.06232480410421963,5
BANC,merge_errors,5.0,basic_structure,metric_node_count,158262.0,155322.0,-1.8576790385563182,0.0,5
BANC,merge_errors,5.0,basic_structure,metric_edge_count,3990039.0,3891822.8,-2.461534837128163,0.10847032316661871,5
BANC,merge_errors,5.0,basic_structure,metric_total_synapses,23556214.0,23548416.8,-0.03310039550497909,0.0028878632195361016,5
BANC,merge_errors,5.0,basic_structure,metric_weight_mean,5.903755326702321,6.0507497868082165,2.489846749594263,0.11422678167553585,5
BANC,merge_errors,5.0,basic_structure,metric_weight_variance,89.45748753848277,98.73981523100159,10.376244569271805,0.40918242784282993,5
BANC,merge_errors,5.0,basic_structure,metric_weight_std,9.45819684392764,9.936773954393525,5.0599191195004725,0.19455469977395884,5
BANC,merge_errors,5.0,basic_structure,metric_weight_max,913.0,914.0,0.10952902519167579,0.21905805038335158,5
BANC,merge_errors,5.0,basic_structure,metric_density,0.0001593039650148,0.00016132062872484,1.2659218556503877,0.1126155435220394,5
BANC,merge_errors,5.0,degree_distribution,metric_total_degree_mean,50.42320961443682,50.11296274835503,-0.6152858345474359,0.11052349496526942,5
BANC,merge_errors,5.0,degree_distribution,metric_in_degree_mean,25.21160480721841,25.056481374177515,-0.6152858345474359,0.11052349496526942,5
BANC,merge_errors,5.0,degree_distribution,metric_out_degree_mean,25.21160480721841,25.056481374177515,-0.6152858345474359,0.11052349496526942,5
BANC,merge_errors,5.0,degree_distribution,metric_total_degree_std,111.71935962728317,110.02511330428815,-1.5165199018749647,0.09703479614408916,5
BANC,merge_errors,5.0,degree_distribution,metric_in_degree_max,4707.0,4555.2,-3.2249840662842617,0.6206145350649587,5
BANC,merge_errors,5.0,degree_distribution,metric_out_degree_max,4782.0,4624.4,-3.2956921790046083,0.6371190163484975,5
BANC,merge_errors,5.0,assortativity,metric_degree_assortativity,-0.0464301869222043,-0.044694748689255735,3.737736907793115,0.8782793485293834,5
BANC,merge_errors,5.0,connected_components,metric_wcc_count,4306.0,4306.0,0.0,0.0,5
BANC,merge_errors,5.0,connected_components,metric_wcc_max_size,153952.0,151012.0,-1.9096861359384745,0.0,5
BANC,merge_errors,5.0,connected_components,metric_scc_count,18345.0,18310.4,-0.1886072499318536,0.027709490383513405,5
BANC,merge_errors,5.0,connected_components,metric_scc_max_size,139405.0,136501.0,-2.0831390552706144,0.004304006312542592,5
BANC,merge_errors,5.0,reciprocity,metric_reciprocity,0.1299390807959521,0.1302528388424457,0.24146549642468004,0.11073547092892336,5
BANC,merge_errors,7.5,basic_structure,metric_node_count,158262.0,153851.0,-2.787150421453034,0.0,5
BANC,merge_errors,7.5,basic_structure,metric_edge_count,3990039.0,3832715.2,-3.9429138411930262,0.08981567121029674,5
BANC,merge_errors,7.5,basic_structure,metric_total_synapses,23556214.0,23545149.8,-0.04696934745116196,0.002715369064423527,5
BANC,merge_errors,7.5,basic_structure,metric_weight_mean,5.903755326702321,6.143208994369712,4.0559551406942225,0.09782853480195483,5
BANC,merge_errors,7.5,basic_structure,metric_weight_variance,89.45748753848277,104.29162198249466,16.58232849165427,0.1648601605000741,5
BANC,merge_errors,7.5,basic_structure,metric_weight_std,9.45819684392764,10.212324411607767,7.973269959636048,0.07631113275589879,5
BANC,merge_errors,7.5,basic_structure,metric_weight_max,913.0,914.6,0.17524644030668377,0.22553406661526837,5
BANC,merge_errors,7.5,basic_structure,metric_density,0.0001593039650148,0.00016192306841908001,1.6440917864390232,0.09503965500506462,5
BANC,merge_errors,7.5,degree_distribution,metric_total_degree_mean,50.42320961443682,49.82372815256319,-1.1888998468316279,0.09239074011273019,5
BANC,merge_errors,7.5,degree_distribution,metric_in_degree_mean,25.21160480721841,24.911864076281596,-1.1888998468316279,0.09239074011273372,5
BANC,merge_errors,7.5,degree_distribution,metric_out_degree_mean,25.21160480721841,24.911864076281596,-1.1888998468316279,0.09239074011273372,5
BANC,merge_errors,7.5,degree_distribution,metric_total_degree_std,111.71935962728317,109.02232354186972,-2.414117028965494,0.07283832011394328,5
BANC,merge_errors,7.5,degree_distribution,metric_in_degree_max,4707.0,4469.8,-5.03930316549819,1.0313238295051006,5
BANC,merge_errors,7.5,degree_distribution,metric_out_degree_max,4782.0,4528.4,-5.303220409870354,1.0184345465645788,5
BANC,merge_errors,7.5,assortativity,metric_degree_assortativity,-0.0464301869222043,-0.04384633167760104,5.565033043981955,0.9185851310410084,5
BANC,merge_errors,7.5,connected_components,metric_wcc_count,4306.0,4306.0,0.0,0.0,5
BANC,merge_errors,7.5,connected_components,metric_wcc_max_size,153952.0,149541.0,-2.8651787570151734,0.0,5
BANC,merge_errors,7.5,connected_components,metric_scc_count,18345.0,18288.4,-0.30853093485962685,0.028345598255655496,5
BANC,merge_errors,7.5,connected_components,metric_scc_max_size,139405.0,135053.0,-3.1218392453642263,0.004581964613226588,5
BANC,merge_errors,7.5,reciprocity,metric_reciprocity,0.1299390807959521,0.13017071285262988,0.1782620403799246,0.034222649133698047,5
BANC,merge_errors,10.0,basic_structure,metric_node_count,158262.0,152381.0,-3.7159899407311925,0.0,5
BANC,merge_errors,10.0,basic_structure,metric_edge_count,3990039.0,3764995.8,-5.640125322083323,0.09245744176572694,5
BANC,merge_errors,10.0,basic_structure,metric_total_synapses,23556214.0,23541898.6,-0.060771225800540396,0.0040461040724241795,5
BANC,merge_errors,10.0,basic_structure,metric_weight_mean,5.903755326702321,6.252841312101628,5.91294804885313,0.10421412895316527,5
BANC,merge_errors,10.0,basic_structure,metric_weight_variance,89.45748753848277,113.50951978722898,26.88655014863851,1.047613897888416,5
BANC,merge_errors,10.0,basic_structure,metric_weight_std,9.45819684392764,10.653993835178005,12.642970018308421,0.4651024815241278,5
BANC,merge_errors,10.0,basic_structure,metric_weight_max,913.0,1024.0,12.157721796276014,4.292643579904802,5
BANC,merge_errors,10.0,basic_structure,metric_density,0.0001593039650148,0.0001621458013933,1.7839081269797503,0.0997317958637219,5
BANC,merge_errors,10.0,degree_distribution,metric_total_degree_mean,50.42320961443682,49.41555443263924,-1.998395559312187,0.09602574893672945,5
BANC,merge_errors,10.0,degree_distribution,metric_in_degree_mean,25.21160480721841,24.70777721631962,-1.998395559312187,0.09602574893672945,5
BANC,merge_errors,10.0,degree_distribution,metric_out_degree_mean,25.21160480721841,24.70777721631962,-1.998395559312187,0.09602574893672945,5
BANC,merge_errors,10.0,degree_distribution,metric_total_degree_std,111.71935962728317,107.75906230922574,-3.5448621718471407,0.09017027329552699,5
BANC,merge_errors,10.0,degree_distribution,metric_in_degree_max,4707.0,4382.4,-6.896112173358835,0.935608106219202,5
BANC,merge_errors,10.0,degree_distribution,metric_out_degree_max,4782.0,4436.4,-7.227101631116694,1.00764272249846,5
BANC,merge_errors,10.0,assortativity,metric_degree_assortativity,-0.0464301869222043,-0.04353732106290438,6.230571210378787,1.0762709558883043,5
BANC,merge_errors,10.0,connected_components,metric_wcc_count,4306.0,4306.0,0.0,0.0,5
BANC,merge_errors,10.0,connected_components,metric_wcc_max_size,153952.0,148071.0,-3.8200218249844107,0.0,5
BANC,merge_errors,10.0,connected_components,metric_scc_count,18345.0,18266.6,-0.4273644044698907,0.03171008901008228,5
BANC,merge_errors,10.0,connected_components,metric_scc_max_size,139405.0,133608.0,-4.158387432301567,0.005192628979119503,5
BANC,merge_errors,10.0,reciprocity,metric_reciprocity,0.1299390807959521,0.13031026679731622,0.28566155700840534,0.17653740960025036,5
BANC,merge_errors,15.0,basic_structure,metric_node_count,158262.0,149441.0,-5.57366897928751,0.0,5
BANC,merge_errors,15.0,basic_structure,metric_edge_count,3990039.0,3633321.6,-8.940198328888513,0.08894811771564069,5
BANC,merge_errors,15.0,basic_structure,metric_total_synapses,23556214.0,23535295.6,-0.08880204603336729,0.00589756566846435,5
BANC,merge_errors,15.0,basic_structure,metric_weight_mean,5.903755326702321,6.4776311931816695,9.720522527140375,0.1038621831832382,5
BANC,merge_errors,15.0,basic_structure,metric_weight_variance,89.45748753848277,128.3791890694996,43.50860123840782,1.3029500630232025,5
BANC,merge_errors,15.0,basic_structure,metric_weight_std,9.45819684392764,11.330337779318661,19.79384618742604,0.5427149013043969,5
BANC,merge_errors,15.0,basic_structure,metric_weight_max,913.0,1159.6,27.00985761226724,0.13143483023001096,5
BANC,merge_errors,15.0,basic_structure,metric_density,0.0001593039650148,0.000162692381646,2.1270133677370824,0.09975867989928727,5
BANC,merge_errors,15.0,degree_distribution,metric_total_degree_mean,50.42320961443682,48.62549902637161,-3.565244263130974,0.09419842617429172,5
BANC,merge_errors,15.0,degree_distribution,metric_in_degree_mean,25.21160480721841,24.312749513185803,-3.565244263130974,0.09419842617428595,5
BANC,merge_errors,15.0,degree_distribution,metric_out_degree_mean,25.21160480721841,24.312749513185803,-3.565244263130974,0.09419842617428595,5
BANC,merge_errors,15.0,degree_distribution,metric_total_degree_std,111.71935962728317,105.22446984425478,-5.813575914413187,0.14340489399661804,5
BANC,merge_errors,15.0,degree_distribution,metric_in_degree_max,4707.0,4185.6,-11.077119184193746,0.9057030761516387,5
BANC,merge_errors,15.0,degree_distribution,metric_out_degree_max,4782.0,4225.4,-11.639481388540366,1.1075413704218153,5
BANC,merge_errors,15.0,assortativity,metric_degree_assortativity,-0.0464301869222043,-0.0448204921439288,3.4669142749147333,1.5367193817396747,5
BANC,merge_errors,15.0,connected_components,metric_wcc_count,4306.0,4306.0,0.0,0.0,5
BANC,merge_errors,15.0,connected_components,metric_wcc_max_size,153952.0,145131.0,-5.729707960922885,0.0,5
BANC,merge_errors,15.0,connected_components,metric_scc_count,18345.0,18220.8,-0.6770237121831602,0.02271209229326755,5
BANC,merge_errors,15.0,connected_components,metric_scc_max_size,139405.0,130715.8,-6.233061941824179,0.003696882816749794,5
BANC,merge_errors,15.0,reciprocity,metric_reciprocity,0.1299390807959521,0.13153018433758928,1.2244996131192862,0.1243167635965268,5
BANC,merge_errors,20.0,basic_structure,metric_node_count,158262.0,146501.0,-7.431348017843828,0.0,5
BANC,merge_errors,20.0,basic_structure,metric_edge_count,3990039.0,3504141.6,-12.177760668504742,0.13384346585087448,5
BANC,merge_errors,20.0,basic_structure,metric_total_synapses,23556214.0,23530251.2,-0.11021635310326501,0.004752063145628861,5
BANC,merge_errors,20.0,basic_structure,metric_weight_mean,5.903755326702321,6.7149985782261385,13.74113943805589,0.17346181442038713,5
BANC,merge_errors,20.0,basic_structure,metric_weight_variance,89.45748753848277,143.01274905868473,59.86671769332176,1.2156304597997287,5
BANC,merge_errors,20.0,basic_structure,metric_weight_std,9.45819684392764,11.958707160567979,26.43749498875908,0.48127985590670064,5
BANC,merge_errors,20.0,basic_structure,metric_weight_max,913.0,1955.8,114.21686746987952,5.526778609127433,5
BANC,merge_errors,20.0,basic_structure,metric_density,0.0001593039650148,0.00016326888751678,2.488903839657511,0.1561958588771,5
BANC,merge_errors,20.0,degree_distribution,metric_total_degree_mean,50.42320961443682,47.837784042429746,-5.127451409334392,0.1445883276734663,5
BANC,merge_errors,20.0,degree_distribution,metric_in_degree_mean,25.21160480721841,23.918892021214873,-5.127451409334392,0.14458832767346164,5
BANC,merge_errors,20.0,degree_distribution,metric_out_degree_mean,25.21160480721841,23.918892021214873,-5.127451409334392,0.14458832767346164,5
BANC,merge_errors,20.0,degree_distribution,metric_total_degree_std,111.71935962728317,103.04656202485482,-7.763021226905018,0.16402592303917818,5
BANC,merge_errors,20.0,degree_distribution,metric_in_degree_max,4707.0,4011.8,-14.769492245591668,0.8978752107485364,5
BANC,merge_errors,20.0,degree_distribution,metric_out_degree_max,4782.0,4030.0,-15.725637808448347,1.0911847785750726,5
BANC,merge_errors,20.0,assortativity,metric_degree_assortativity,-0.0464301869222043,-0.044937493211950716,3.2149207427371587,0.49909158206426124,5
BANC,merge_errors,20.0,connected_components,metric_wcc_count,4306.0,4306.0,0.0,0.0,5
BANC,merge_errors,20.0,connected_components,metric_wcc_max_size,153952.0,142191.0,-7.63939409686136,0.0,5
BANC,merge_errors,20.0,connected_components,metric_scc_count,18345.0,18169.6,-0.9561188334696182,0.016748205500940003,5
BANC,merge_errors,20.0,connected_components,metric_scc_max_size,139405.0,127828.8,-8.30400631254259,0.0022864857717455225,5
BANC,merge_errors,20.0,reciprocity,metric_reciprocity,0.1299390807959521,0.13350490910294538,2.7442308235140054,0.12607949014558575,5
BANC,missed_synapses,0.25,basic_structure,metric_node_count,158262.0,158262.0,0.0,0.0,5
BANC,missed_synapses,0.25,basic_structure,metric_edge_count,3990039.0,3988758.8,-0.03208489942078727,0.000590622731122395,5
BANC,missed_synapses,0.25,basic_structure,metric_total_synapses,23556214.0,23497396.0,-0.24969207700354565,0.000681890219860857,5
BANC,missed_synapses,0.25,basic_structure,metric_weight_mean,5.903755326702321,5.890904208178071,-0.21767701764544098,0.0006285822726886728,5
BANC,missed_synapses,0.25,basic_structure,metric_weight_variance,89.45748753848277,89.07658486693808,-0.4257918280801622,0.005589656743664972,5
BANC,missed_synapses,0.25,basic_structure,metric_weight_std,9.45819684392764,9.438039245349787,-0.21312306045728857,0.002800811387376701,5
BANC,missed_synapses,0.25,basic_structure,metric_weight_max,913.0,912.8,-0.02190580503834014,0.04381161007667032,5
BANC,missed_synapses,0.25,basic_structure,metric_density,0.0001593039650148,0.00015925285249787999,-0.03208489940301074,0.0005906227309326878,5
BANC,missed_synapses,0.25,degree_distribution,metric_total_degree_mean,50.42320961443682,50.4070313783473,-0.03208489942078385,0.0005906227311279274,5
BANC,missed_synapses,0.25,degree_distribution,metric_in_degree_mean,25.21160480721841,25.20351568917365,-0.03208489942078385,0.0005906227311302954,5
BANC,missed_synapses,0.25,degree_distribution,metric_out_degree_mean,25.21160480721841,25.20351568917365,-0.03208489942078385,0.0005906227311302954,5
BANC,missed_synapses,0.25,degree_distribution,metric_total_degree_std,111.71935962728317,111.6706438010053,-0.04360553662355013,0.002757857239247093,5
BANC,missed_synapses,0.25,degree_distribution,metric_in_degree_max,4707.0,4702.6,-0.09347779902272438,0.05306987889014997,5
BANC,missed_synapses,0.25,degree_distribution,metric_out_degree_max,4782.0,4779.8,-0.046005855290669556,0.020489249207722108,5
BANC,missed_synapses,0.25,assortativity,metric_degree_assortativity,-0.0464301869222043,-0.04646484203012246,-0.07463917381213235,0.013919346683479786,5
BANC,missed_synapses,0.25,connected_components,metric_wcc_count,4306.0,4306.0,0.0,0.0,5
BANC,missed_synapses,0.25,connected_components,metric_wcc_max_size,153952.0,153952.0,0.0,0.0,5
BANC,missed_synapses,0.25,connected_components,metric_scc_count,18345.0,18345.0,0.0,0.0,5
BANC,missed_synapses,0.25,connected_components,metric_scc_max_size,139405.0,139405.0,0.0,0.0,5
BANC,missed_synapses,0.25,reciprocity,metric_reciprocity,0.1299390807959521,0.12992653252461622,-0.009657041791434975,0.002731950101129564,5
BANC,missed_synapses,0.5,basic_structure,metric_node_count,158262.0,158262.0,0.0,0.0,5
BANC,missed_synapses,0.5,basic_structure,metric_edge_count,3990039.0,3987468.2,-0.06443044792293542,0.0009221332844834852,5
BANC,missed_synapses,0.5,basic_structure,metric_total_synapses,23556214.0,23438424.0,-0.5000379093176858,0.0003602541618490854,5
BANC,missed_synapses,0.5,basic_structure,metric_weight_mean,5.903755326702321,5.878021547921659,-0.4358883008628368,0.0005876178214088447,5
BANC,missed_synapses,0.5,basic_structure,metric_weight_variance,89.45748753848277,88.69538515673462,-0.8519157006508922,0.005262108970036957,5
BANC,missed_synapses,0.5,basic_structure,metric_weight_std,9.45819684392764,9.417822736401222,-0.4268689708264945,0.002642339456552941,5
BANC,missed_synapses,0.5,basic_structure,metric_weight_max,913.0,911.8,-0.13143483023001595,0.04381161007667032,5
BANC,missed_synapses,0.5,basic_structure,metric_density,0.0001593039650148,0.00015920132475662,-0.06443044789906385,0.00092213327974336,5
BANC,missed_synapses,0.5,degree_distribution,metric_total_degree_mean,50.42320961443682,50.390721714625116,-0.0644304479229423,0.0009221332844849251,5
BANC,missed_synapses,0.5,degree_distribution,metric_in_degree_mean,25.21160480721841,25.195360857312558,-0.0644304479229423,0.0009221332844896895,5
BANC,missed_synapses,0.5,degree_distribution,metric_out_degree_mean,25.21160480721841,25.195360857312558,-0.0644304479229423,0.0009221332844896895,5
BANC,missed_synapses,0.5,degree_distribution,metric_total_degree_std,111.71935962728317,111.62084308547551,-0.08818215762811793,0.004545724760576629,5
BANC,missed_synapses,0.5,degree_distribution,metric_in_degree_max,4707.0,4700.4,-0.14021669853410587,0.05474441778935682,5
BANC,missed_synapses,0.5,degree_distribution,metric_out_degree_max,4782.0,4776.0,-0.12547051442910914,0.026451506985933744,5
BANC,missed_synapses,0.5,assortativity,metric_degree_assortativity,-0.0464301869222043,-0.04650020311527806,-0.1507988610751869,0.02299270852905526,5
BANC,missed_synapses,0.5,connected_components,metric_wcc_count,4306.0,4306.0,0.0,0.0,5
BANC,missed_synapses,0.5,connected_components,metric_wcc_max_size,153952.0,153952.0,0.0,0.0,5
BANC,missed_synapses,0.5,connected_components,metric_scc_count,18345.0,18345.0,0.0,0.0,5
BANC,missed_synapses,0.5,connected_components,metric_scc_max_size,139405.0,139405.0,0.0,0.0,5
BANC,missed_synapses,0.5,reciprocity,metric_reciprocity,0.1299390807959521,0.12991541848084937,-0.018210314370229446,0.003336284739298752,5
BANC,missed_synapses,0.75,basic_structure,metric_node_count,158262.0,158262.0,0.0,0.0,5
BANC,missed_synapses,0.75,basic_structure,metric_edge_count,3990039.0,3986168.4,-0.09700657061247003,0.0013465397303229713,5
BANC,missed_synapses,0.75,basic_structure,metric_total_synapses,23556214.0,23379414.6,-0.7505425107786783,0.00090768166068136,5
BANC,missed_synapses,0.75,basic_structure,metric_weight_mean,5.903755326702321,5.865134699831841,-0.654170519157546,0.0009492404414281778,5
BANC,missed_synapses,0.75,basic_structure,metric_weight_variance,89.45748753848277,88.31724139866037,-1.274623478925545,0.007702475617555839,5
BANC,missed_synapses,0.75,basic_structure,metric_weight_std,9.45819684392764,9.397725323941874,-0.6393556930948222,0.0038760953827964083,5
BANC,missed_synapses,0.75,basic_structure,metric_weight_max,913.0,911.0,-0.21905805038335158,0.11998303559806486,5
BANC,missed_synapses,0.75,basic_structure,metric_density,0.0001593039650148,0.0001591494297015,-0.09700657060584546,0.0013465397373793675,5
BANC,missed_synapses,0.75,degree_distribution,metric_total_degree_mean,50.42320961443682,50.37429578799713,-0.09700657061245374,0.0013465397303269407,5
BANC,missed_synapses,0.75,degree_distribution,metric_in_degree_mean,25.21160480721841,25.187147893998564,-0.09700657061245374,0.0013465397303269407,5
BANC,missed_synapses,0.75,degree_distribution,metric_out_degree_mean,25.21160480721841,25.187147893998564,-0.09700657061245374,0.0013465397303269407,5
BANC,missed_synapses,0.75,degree_distribution,metric_total_degree_std,111.71935962728317,111.56947807859623,-0.13415897583638842,0.004044979696064685,5
BANC,missed_synapses,0.75,degree_distribution,metric_in_degree_max,4707.0,4696.6,-0.2209475249628136,0.07185695570549294,5
BANC,missed_synapses,0.75,degree_distribution,metric_out_degree_max,4782.0,4773.2,-0.18402342116269724,0.03833187532376278,5
BANC,missed_synapses,0.75,assortativity,metric_degree_assortativity,-0.0464301869222043,-0.046537551968684546,-0.2312397463747948,0.02666128294482771,5
BANC,missed_synapses,0.75,connected_components,metric_wcc_count,4306.0,4306.0,0.0,0.0,5
BANC,missed_synapses,0.75,connected_components,metric_wcc_max_size,153952.0,153952.0,0.0,0.0,5
BANC,missed_synapses,0.75,connected_components,metric_scc_count,18345.0,18345.0,0.0,0.0,5
BANC,missed_synapses,0.75,connected_components,metric_scc_max_size,139405.0,139405.0,0.0,0.0,5
BANC,missed_synapses,0.75,reciprocity,metric_reciprocity,0.1299390807959521,0.1299048980132358,-0.026306775842119875,0.009010029622850104,5
BANC,missed_synapses,1.0,basic_structure,metric_node_count,158262.0,158262.0,0.0,0.0,5
BANC,missed_synapses,1.0,basic_structure,metric_edge_count,3990039.0,3984875.0,-0.12942229386730306,0.0015182940548562015,5
BANC,missed_synapses,1.0,basic_structure,metric_total_synapses,23556214.0,23320620.6,-1.0001327038377157,0.0011087686666141172,5
BANC,missed_synapses,1.0,basic_structure,metric_weight_mean,5.903755326702321,5.852284099808566,-0.8718387542409411,0.0009144734009824627,5
BANC,missed_synapses,1.0,basic_structure,metric_weight_variance,89.45748753848277,87.93641547326175,-1.7003295163713221,0.00849854678103105,5
BANC,missed_synapses,1.0,basic_structure,metric_weight_std,9.45819684392764,9.37744183180769,-0.853809805954671,0.004285913746823981,5
BANC,missed_synapses,1.0,basic_structure,metric_weight_max,913.0,910.2,-0.30668127053668726,0.1277316953963921,5
BANC,missed_synapses,1.0,basic_structure,metric_density,0.0001593039650148,0.00015909779016906,-0.12942229386495674,0.001518294043489243,5
BANC,missed_synapses,1.0,degree_distribution,metric_total_degree_mean,50.42320961443682,50.357950739912305,-0.12942229386729157,0.0015182940548607974,5
BANC,missed_synapses,1.0,degree_distribution,metric_in_degree_mean,25.21160480721841,25.178975369956145,-0.12942229386731977,0.0015182940548552613,5
BANC,missed_synapses,1.0,degree_distribution,metric_out_degree_mean,25.21160480721841,25.178975369956145,-0.12942229386731977,0.0015182940548552613,5
BANC,missed_synapses,1.0,degree_distribution,metric_total_degree_std,111.71935962728317,111.51848226715428,-0.17980532720474754,0.004019007191396443,5
BANC,missed_synapses,1.0,degree_distribution,metric_in_degree_max,4707.0,4693.0,-0.29742936052687485,0.09501032409176927,5
BANC,missed_synapses,1.0,degree_distribution,metric_out_degree_max,4782.0,4768.6,-0.28021748222500287,0.08427202709999952,5
BANC,missed_synapses,1.0,assortativity,metric_degree_assortativity,-0.0464301869222043,-0.04656883068679176,-0.2986069490087709,0.02780373892344613,5
BANC,missed_synapses,1.0,connected_components,metric_wcc_count,4306.0,4306.0,0.0,0.0,5
BANC,missed_synapses,1.0,connected_components,metric_wcc_max_size,153952.0,153952.0,0.0,0.0,5
BANC,missed_synapses,1.0,connected_components,metric_scc_count,18345.0,18345.2,0.0010902153175291775,0.002180430635050422,5
BANC,missed_synapses,1.0,connected_components,metric_scc_max_size,139405.0,139404.8,-0.00014346687709310393,0.0002869337541695061,5
BANC,missed_synapses,1.0,reciprocity,metric_reciprocity,0.1299390807959521,0.12989566780184428,-0.033410267212825265,0.011404126260748049,5
BANC,missed_synapses,2.0,basic_structure,metric_node_count,158262.0,158262.0,0.0,0.0,5
BANC,missed_synapses,2.0,basic_structure,metric_edge_count,3990039.0,3979654.2,-0.26026813271749505,0.0012065826916822097,5
BANC,missed_synapses,2.0,basic_structure,metric_total_synapses,23556214.0,23084875.6,-2.000908974591581,0.0012645220926010851,5
BANC,missed_synapses,2.0,basic_structure,metric_weight_mean,5.903755326702321,5.8007239929912355,-1.7451829896317133,0.0012871998153956416,5
BANC,missed_synapses,2.0,basic_structure,metric_weight_variance,89.45748753848277,86.43231258082989,-3.3816900528885427,0.01365377927069971,5
BANC,missed_synapses,2.0,basic_structure,metric_weight_std,9.45819684392764,9.296897985312146,-1.7053869915918594,0.006945388939627969,5
BANC,missed_synapses,2.0,basic_structure,metric_weight_max,913.0,906.8,-0.6790799561883949,0.16097413424643012,5
BANC,missed_synapses,2.0,basic_structure,metric_density,0.0001593039650148,0.00015888934755974,-0.26026813269931814,0.0012065826932084753,5
BANC,missed_synapses,2.0,degree_distribution,metric_total_degree_mean,50.42320961443682,50.291974068317096,-0.2602681327175,0.001206582691679298,5
BANC,missed_synapses,2.0,degree_distribution,metric_in_degree_mean,25.21160480721841,25.145987034158548,-0.2602681327175,0.0012065826916847304,5
BANC,missed_synapses,2.0,degree_distribution,metric_out_degree_mean,25.21160480721841,25.145987034158548,-0.2602681327175,0.0012065826916847304,5
BANC,missed_synapses,2.0,degree_distribution,metric_total_degree_std,111.71935962728317,111.3187699494791,-0.3585678248966932,0.0059206829501621885,5
BANC,missed_synapses,2.0,degree_distribution,metric_in_degree_max,4707.0,4679.2,-0.5906097301890839,0.11031021870190924,5
BANC,missed_synapses,2.0,degree_distribution,metric_out_degree_max,4782.0,4757.6,-0.5102467586783697,0.0883258556333872,5
BANC,missed_synapses,2.0,assortativity,metric_degree_assortativity,-0.0464301869222043,-0.04670394112065118,-0.589603912010028,0.03003833564792504,5
BANC,missed_synapses,2.0,connected_components,metric_wcc_count,4306.0,4306.0,0.0,0.0,5
BANC,missed_synapses,2.0,connected_components,metric_wcc_max_size,153952.0,153952.0,0.0,0.0,5
BANC,missed_synapses,2.0,connected_components,metric_scc_count,18345.0,18345.2,0.0010902153175291775,0.002180430635050422,5
BANC,missed_synapses,2.0,connected_components,metric_scc_max_size,139405.0,139404.8,-0.00014346687709310393,0.0002869337541695061,5
BANC,missed_synapses,2.0,reciprocity,metric_reciprocity,0.1299390807959521,0.1298620366532739,-0.05929251015649868,0.008035897862968412,5
BANC,missed_synapses,5.0,basic_structure,metric_node_count,158262.0,158262.0,0.0,0.0,5
BANC,missed_synapses,5.0,basic_structure,metric_edge_count,3990039.0,3963463.6,-0.6660436151125316,0.003636783059823851,5
BANC,missed_synapses,5.0,basic_structure,metric_total_synapses,23556214.0,22377830.2,-5.002432903691573,0.002788762685429318,5
BANC,missed_synapses,5.0,basic_structure,metric_weight_mean,5.903755326702321,5.646028946056293,-4.36546513844073,0.002372325860468752,5
BANC,missed_synapses,5.0,basic_structure,metric_weight_variance,89.45748753848277,81.99833670793771,-8.338207382960853,0.024237737368153416,5
BANC,missed_synapses,5.0,basic_structure,metric_weight_std,9.45819684392764,9.05529321857757,-4.259835484485007,0.01265883243871333,5
BANC,missed_synapses,5.0,basic_structure,metric_weight_max,913.0,896.2,-1.8400876232201484,0.24393272126308962,5
BANC,missed_synapses,5.0,basic_structure,metric_density,0.0001593039650148,0.0001582429311272,-0.666043615111155,0.003636783055112815,5
BANC,missed_synapses,5.0,degree_distribution,metric_total_degree_mean,50.42320961443682,50.08736904626506,-0.6660436151125251,0.0036367830598280446,5
BANC,missed_synapses,5.0,degree_distribution,metric_in_degree_mean,25.21160480721841,25.04368452313253,-0.6660436151125251,0.003636783059832209,5
BANC,missed_synapses,5.0,degree_distribution,metric_out_degree_mean,25.21160480721841,25.04368452313253,-0.6660436151125251,0.003636783059832209,5
BANC,missed_synapses,5.0,degree_distribution,metric_total_degree_std,111.71935962728317,110.68786890919455,-0.9232873528185865,0.008866156693044754,5
BANC,missed_synapses,5.0,degree_distribution,metric_in_degree_max,4707.0,4631.0,-1.6146165285744636,0.09964766857496134,5
BANC,missed_synapses,5.0,degree_distribution,metric_out_degree_max,4782.0,4712.6,-1.4512756168966883,0.11346432426809316,5
BANC,missed_synapses,5.0,assortativity,metric_degree_assortativity,-0.0464301869222043,-0.04714665406244744,-1.5431063016041962,0.007608497228148272,5
BANC,missed_synapses,5.0,connected_components,metric_wcc_count,4306.0,4306.2,0.004644681839289784,0.009289363678588016,5
BANC,missed_synapses,5.0,connected_components,metric_wcc_max_size,153952.0,153951.8,-0.000129910621499975,0.00025982124298482646,5
BANC,missed_synapses,5.0,connected_components,metric_scc_count,18345.0,18345.6,0.0032706459525677013,0.0026704712377031104,5
BANC,missed_synapses,5.0,connected_components,metric_scc_max_size,139405.0,139404.4,-0.0004304006312584346,0.0003514206438482376,5
BANC,missed_synapses,5.0,reciprocity,metric_reciprocity,0.1299390807959521,0.12975792162135585,-0.13941854404890014,0.010108083712978722,5
BANC,missed_synapses,10.0,basic_structure,metric_node_count,158262.0,158262.0,0.0,0.0,5
BANC,missed_synapses,10.0,basic_structure,metric_edge_count,3990039.0,3933917.0,-1.4065526677809415,0.0032381179022181695,5
BANC,missed_synapses,10.0,basic_structure,metric_total_synapses,23556214.0,21199575.0,-10.004319879247149,0.00489182576661661,5
BANC,missed_synapses,10.0,basic_structure,metric_weight_mean,5.903755326702321,5.388922805242,-8.720424424294224,0.006581891582907118,5
BANC,missed_synapses,10.0,basic_structure,metric_weight_variance,89.45748753848277,74.87527056748831,-16.30072269212958,0.022629562105406786,5
BANC,missed_synapses,10.0,basic_structure,metric_weight_std,9.45819684392764,8.653049705121362,-8.51269171166806,0.012367002548620666,5
BANC,missed_synapses,10.0,basic_structure,metric_weight_max,913.0,874.6,-4.205914567360348,0.9956905303275804,5
BANC,missed_synapses,10.0,basic_structure,metric_density,0.0001593039650148,0.00015706327084499998,-1.4065526677831572,0.003238117906429743,5
BANC,missed_synapses,10.0,degree_distribution,metric_total_degree_mean,50.42320961443682,49.71398061442418,-1.406552667780949,0.0032381179022171764,5
BANC,missed_synapses,10.0,degree_distribution,metric_in_degree_mean,25.21160480721841,24.85699030721209,-1.406552667780949,0.003238117902220099,5
BANC,missed_synapses,10.0,degree_distribution,metric_out_degree_mean,25.21160480721841,24.85699030721209,-1.406552667780949,0.003238117902220099,5
BANC,missed_synapses,10.0,degree_distribution,metric_total_degree_std,111.71935962728317,109.57668704686157,-1.9179062497045836,0.010803815210914744,5
BANC,missed_synapses,10.0,degree_distribution,metric_in_degree_max,4707.0,4555.6,-3.216486084554911,0.27424923837866877,5
BANC,missed_synapses,10.0,degree_distribution,metric_out_degree_max,4782.0,4646.2,-2.839815976578841,0.11097029829712757,5
BANC,missed_synapses,10.0,assortativity,metric_degree_assortativity,-0.0464301869222043,-0.047950227575855445,-3.2738198021861042,0.07869898726609624,5
BANC,missed_synapses,10.0,connected_components,metric_wcc_count,4306.0,4308.2,0.051091500232229865,0.03080933386303205,5
BANC,missed_synapses,10.0,connected_components,metric_wcc_max_size,153952.0,153949.8,-0.0014290168364241072,0.0008617295755444296,5
BANC,missed_synapses,10.0,connected_components,metric_scc_count,18345.0,18353.8,0.04796947397110533,0.022182600108341024,5
BANC,missed_synapses,10.0,connected_components,metric_scc_max_size,139405.0,139396.6,-0.006025608837555453,0.0026686381747768407,5
BANC,missed_synapses,10.0,reciprocity,metric_reciprocity,0.1299390807959521,0.12960466668493745,-0.2573622261802739,0.013599845944727003,5
BANC,missed_synapses,15.0,basic_structure,metric_node_count,158262.0,158262.0,0.0,0.0,5
BANC,missed_synapses,15.0,basic_structure,metric_edge_count,3990039.0,3900681.6,-2.239511944620088,0.004675563346667349,5
BANC,missed_synapses,15.0,basic_structure,metric_total_synapses,23556214.0,20022159.6,-15.002641765777804,0.004125291271787586,5
BANC,missed_synapses,15.0,basic_structure,metric_weight_mean,5.903755326702321,5.1329900003480855,-13.055509310626597,0.006022002255119345,5
BANC,missed_synapses,15.0,basic_structure,metric_weight_variance,89.45748753848277,68.13106285900417,-23.83973132523357,0.02461139287117929,5
BANC,missed_synapses,15.0,basic_structure,metric_weight_std,9.45819684392764,8.254154171098236,-12.730150288661255,0.014100957059279778,5
BANC,missed_synapses,15.0,basic_structure,metric_weight_max,913.0,858.2,-6.002190580503829,1.0628266787038951,5
BANC,missed_synapses,15.0,basic_structure,metric_density,0.0001593039650148,0.00015573633369005997,-2.239511944607638,0.0046755633425229395,5
BANC,missed_synapses,15.0,degree_distribution,metric_total_degree_mean,50.42320961443682,49.29397581226068,-2.2395119446200895,0.004675563346675481,5
BANC,missed_synapses,15.0,degree_distribution,metric_in_degree_mean,25.21160480721841,24.64698790613034,-2.2395119446200895,0.004675563346671051,5
BANC,missed_synapses,15.0,degree_distribution,metric_out_degree_mean,25.21160480721841,24.64698790613034,-2.2395119446200895,0.004675563346671051,5
BANC,missed_synapses,15.0,degree_distribution,metric_total_degree_std,111.71935962728317,108.35101464799739,-3.015005627066977,0.014727644567218387,5
BANC,missed_synapses,15.0,degree_distribution,metric_in_degree_max,4707.0,4473.0,-4.97131931166348,0.3399192691735713,5
BANC,missed_synapses,15.0,degree_distribution,metric_out_degree_max,4782.0,4567.8,-4.479297365119193,0.3378138102268285,5
BANC,missed_synapses,15.0,assortativity,metric_degree_assortativity,-0.0464301869222043,-0.048813738724705964,-5.133625256550026,0.07174502759267203,5
BANC,missed_synapses,15.0,connected_components,metric_wcc_count,4306.0,4309.8,0.08824895494659038,0.04736664666598035,5
BANC,missed_synapses,15.0,connected_components,metric_wcc_max_size,153952.0,153948.2,-0.0024683018083482893,0.0013248335880255626,5
BANC,missed_synapses,15.0,connected_components,metric_scc_count,18345.0,18372.8,0.1515399291360004,0.024231246411439485,5
BANC,missed_synapses,15.0,connected_components,metric_scc_max_size,139405.0,139377.2,-0.019941895914772325,0.0032841069236425086,5
BANC,missed_synapses,15.0,reciprocity,metric_reciprocity,0.1299390807959521,0.12941850998612153,-0.40062682192436955,0.0210997707396561,5
BANC,missed_synapses,20.0,basic_structure,metric_node_count,158262.0,158262.0,0.0,0.0,5
BANC,missed_synapses,20.0,basic_structure,metric_edge_count,3990039.0,3862712.4,-3.191111665825825,0.004449142116542852,5
BANC,missed_synapses,20.0,basic_structure,metric_total_synapses,23556214.0,18843553.8,-20.00601709595608,0.007212811030709402,5
BANC,missed_synapses,20.0,basic_structure,metric_weight_mean,5.903755326702321,4.87832173785565,-17.36917490819272,0.00950641685921026,5
BANC,missed_synapses,20.0,basic_structure,metric_weight_variance,89.45748753848277,61.67907527133199,-31.0520818676034,0.030051785992338584,5
BANC,missed_synapses,20.0,basic_structure,metric_weight_std,9.45819684392764,7.853602507236215,-16.96511886112423,0.01809675199283069,5
BANC,missed_synapses,20.0,basic_structure,metric_weight_max,913.0,841.0,-7.886089813800658,0.432604987034644,5
BANC,missed_synapses,20.0,basic_structure,metric_density,0.0001593039650148,0.00015422039760312002,-3.19111166580674,0.004449142114150808,5
BANC,missed_synapses,20.0,degree_distribution,metric_total_degree_mean,50.42320961443682,48.81414869014672,-3.1911116658258165,0.004449142116541084,5
BANC,missed_synapses,20.0,degree_distribution,metric_in_degree_mean,25.21160480721841,24.407074345073358,-3.1911116658258307,0.0044491421165478925,5
BANC,missed_synapses,20.0,degree_distribution,metric_out_degree_mean,25.21160480721841,24.407074345073358,-3.1911116658258307,0.0044491421165478925,5
BANC,missed_synapses,20.0,degree_distribution,metric_total_degree_std,111.71935962728317,107.04174374493039,-4.186934026437486,0.019531271949964717,5
BANC,missed_synapses,20.0,degree_distribution,metric_in_degree_max,4707.0,4384.2,-6.857871255576804,0.19162901693273304,5
BANC,missed_synapses,20.0,degree_distribution,metric_out_degree_max,4782.0,4503.8,-5.8176495190296915,0.41957126571257053,5
BANC,missed_synapses,20.0,assortativity,metric_degree_assortativity,-0.0464301869222043,-0.04973870659849621,-7.125794435924791,0.10423534512479493,5
BANC,missed_synapses,20.0,connected_components,metric_wcc_count,4306.0,4315.6,0.22294472828612086,0.0616186677260641,5
BANC,missed_synapses,20.0,connected_components,metric_wcc_max_size,153952.0,153942.4,-0.006235709831639615,0.0017234591510888588,5
BANC,missed_synapses,20.0,connected_components,metric_scc_count,18345.0,18409.8,0.35322976287816443,0.07999536147329143,5
BANC,missed_synapses,20.0,connected_components,metric_scc_max_size,139405.0,139341.8,-0.04533553315879032,0.009531643910547305,5
BANC,missed_synapses,20.0,reciprocity,metric_reciprocity,0.1299390807959521,0.12915608229859918,-0.602588915172092,0.032502199224045035,5
BANC,split_errors,0.5,basic_structure,metric_node_count,158262.0,158857.8,0.3764643439359975,0.0035609313173359043,5
BANC,split_errors,0.5,basic_structure,metric_edge_count,3990039.0,3990039.0,0.0,0.0,5
BANC,split_errors,0.5,basic_structure,metric_total_synapses,23556214.0,23556214.0,0.0,0.0,5
BANC,split_errors,0.5,basic_structure,metric_weight_mean,5.903755326702321,5.903755326702321,0.0,0.0,5
BANC,split_errors,0.5,basic_structure,metric_weight_variance,89.45748753848277,89.45748753848277,0.0,0.0,5
BANC,split_errors,0.5,basic_structure,metric_weight_std,9.45819684392764,9.45819684392764,0.0,0.0,5
BANC,split_errors,0.5,basic_structure,metric_weight_max,913.0,913.0,0.0,0.0,5
BANC,split_errors,0.5,basic_structure,metric_density,0.0001593039650148,0.00015811125599776,-0.7487001449896046,0.007042096111116743,5
BANC,split_errors,0.5,degree_distribution,metric_total_degree_mean,50.42320961443682,50.234096217140134,-0.37505227997731694,0.0035342852272805206,5
BANC,split_errors,0.5,degree_distribution,metric_in_degree_mean,25.21160480721841,25.117048108570067,-0.37505227997731694,0.00353428522727612,5
BANC,split_errors,0.5,degree_distribution,metric_out_degree_mean,25.21160480721841,25.117048108570067,-0.37505227997731694,0.00353428522727612,5
BANC,split_errors,0.5,degree_distribution,metric_total_degree_std,111.71935962728317,111.42319056949377,-0.26510092680218966,0.024259227022458398,5
BANC,split_errors,0.5,degree_distribution,metric_in_degree_max,4707.0,4707.0,0.0,0.0,5
BANC,split_errors,0.5,degree_distribution,metric_out_degree_max,4782.0,4782.0,0.0,0.0,5
BANC,split_errors,0.5,assortativity,metric_degree_assortativity,-0.0464301869222043,-0.04642788106434756,0.0049662902727521906,0.2413881948443319,5
BANC,split_errors,0.5,connected_components,metric_wcc_count,4306.0,4306.0,0.0,0.0,5
BANC,split_errors,0.5,connected_components,metric_wcc_max_size,153952.0,154547.8,0.38700374142589145,0.003660622220849452,5
BANC,split_errors,0.5,connected_components,metric_scc_count,18345.0,18412.2,0.36631234668847495,0.029131401942518148,5
BANC,split_errors,0.5,connected_components,metric_scc_max_size,139405.0,139929.4,0.3761701517162183,0.005855839211494151,5
BANC,split_errors,0.5,reciprocity,metric_reciprocity,0.1299390807959521,0.1299390807959521,0.0,0.0,5
BANC,split_errors,1.0,basic_structure,metric_node_count,158262.0,159442.6,0.7459781880678912,0.0026688291670701587,5
BANC,split_errors,1.0,basic_structure,metric_edge_count,3990039.0,3990039.0,0.0,0.0,5
BANC,split_errors,1.0,basic_structure,metric_total_synapses,23556214.0,23556214.0,0.0,0.0,5
BANC,split_errors,1.0,basic_structure,metric_weight_mean,5.903755326702321,5.903755326702321,0.0,0.0,5
BANC,split_errors,1.0,basic_structure,metric_weight_variance,89.45748753848277,89.45748753848277,0.0,0.0,5
BANC,split_errors,1.0,basic_structure,metric_weight_std,9.45819684392764,9.45819684392764,0.0,0.0,5
BANC,split_errors,1.0,basic_structure,metric_weight_max,913.0,913.0,0.0,0.0,5
BANC,split_errors,1.0,basic_structure,metric_density,0.0001593039650148,0.00015695354526554,-1.4754307898372903,0.0052199564867989896,5
BANC,split_errors,1.0,degree_distribution,metric_total_degree_mean,50.42320961443682,50.04984869539289,-0.7404544889126502,0.002629444174013784,5
BANC,split_errors,1.0,degree_distribution,metric_in_degree_mean,25.21160480721841,25.02492434769644,-0.7404544889126642,0.0026294441740173876,5
BANC,split_errors,1.0,degree_distribution,metric_out_degree_mean,25.21160480721841,25.02492434769644,-0.7404544889126642,0.0026294441740173876,5
BANC,split_errors,1.0,degree_distribution,metric_total_degree_std,111.71935962728317,111.09957296903865,-0.5547710444387137,0.03776110371160405,5
BANC,split_errors,1.0,degree_distribution,metric_in_degree_max,4707.0,4707.0,0.0,0.0,5
BANC,split_errors,1.0,degree_distribution,metric_out_degree_max,4782.0,4782.0,0.0,0.0,5
BANC,split_errors,1.0,assortativity,metric_degree_assortativity,-0.0464301869222043,-0.04617968377968954,0.5395264570751879,0.3488375345798819,5
BANC,split_errors,1.0,connected_components,metric_wcc_count,4306.0,4306.0,0.0,0.0,5
BANC,split_errors,1.0,connected_components,metric_wcc_max_size,153952.0,155132.6,0.7668623986697191,0.002743545011684535,5
BANC,split_errors,1.0,connected_components,metric_scc_count,18345.0,18476.2,0.7151812482965425,0.04694260047230523,5
BANC,split_errors,1.0,connected_components,metric_scc_max_size,139405.0,140453.8,0.7523403034324366,0.006160728970577495,5
BANC,split_errors,1.0,reciprocity,metric_reciprocity,0.1299390807959521,0.1299390807959521,0.0,0.0,5
BANC,split_errors,2.0,basic_structure,metric_node_count,158262.0,160606.4,1.4813410673440208,0.005280505090489487,5
BANC,split_errors,2.0,basic_structure,metric_edge_count,3990039.0,3990039.0,0.0,0.0,5
BANC,split_errors,2.0,basic_structure,metric_total_synapses,23556214.0,23556214.0,0.0,0.0,5
BANC,split_errors,2.0,basic_structure,metric_weight_mean,5.903755326702321,5.903755326702321,0.0,0.0,5
BANC,split_errors,2.0,basic_structure,metric_weight_variance,89.45748753848277,89.45748753848277,0.0,0.0,5
BANC,split_errors,2.0,basic_structure,metric_weight_std,9.45819684392764,9.45819684392764,0.0,0.0,5
BANC,split_errors,2.0,basic_structure,metric_weight_max,913.0,913.0,0.0,0.0,5
BANC,split_errors,2.0,basic_structure,metric_density,0.0001593039650148,0.00015468711985238,-2.898135750727273,0.010105299710350747,5
BANC,split_errors,2.0,degree_distribution,metric_total_degree_mean,50.42320961443682,49.68717324842968,-1.4597174032261617,0.005127477323754096,5
BANC,split_errors,2.0,degree_distribution,metric_in_degree_mean,25.21160480721841,24.84358662421484,-1.4597174032261617,0.005127477323757536,5
BANC,split_errors,2.0,degree_distribution,metric_out_degree_mean,25.21160480721841,24.84358662421484,-1.4597174032261617,0.005127477323757536,5
BANC,split_errors,2.0,degree_distribution,metric_total_degree_std,111.71935962728317,110.24870025728276,-1.3163872178526639,0.4920255369218913,5
BANC,split_errors,2.0,degree_distribution,metric_in_degree_max,4707.0,4553.4,-3.263224984066292,6.526449968132568,5
BANC,split_errors,2.0,degree_distribution,metric_out_degree_max,4782.0,4678.8,-2.1580928481806736,4.316185696361355,5
BANC,split_errors,2.0,assortativity,metric_degree_assortativity,-0.0464301869222043,-0.046538950236161856,-0.23425129461528255,0.5219170131121872,5
BANC,split_errors,2.0,connected_components,metric_wcc_count,4306.0,4306.0,0.0,0.0,5
BANC,split_errors,2.0,connected_components,metric_wcc_max_size,153952.0,156296.4,1.522812305134064,0.005428336732429895,5
BANC,split_errors,2.0,connected_components,metric_scc_count,18345.0,18609.8,1.4434450804033758,0.06732907127454679,5
BANC,split_errors,2.0,connected_components,metric_scc_max_size,139405.0,141482.2,1.4900469854022536,0.009157188564101974,5
BANC,split_errors,2.0,reciprocity,metric_reciprocity,0.1299390807959521,0.1299390807959521,0.0,0.0,5
BANC,split_errors,3.0,basic_structure,metric_node_count,158262.0,161770.6,2.216956692067588,0.005488127472320194,5
BANC,split_errors,3.0,basic_structure,metric_edge_count,3990039.0,3990039.0,0.0,0.0,5
BANC,split_errors,3.0,basic_structure,metric_total_synapses,23556214.0,23556214.0,0.0,0.0,5
BANC,split_errors,3.0,basic_structure,metric_weight_mean,5.903755326702321,5.903755326702321,0.0,0.0,5
BANC,split_errors,3.0,basic_structure,metric_weight_variance,89.45748753848277,89.45748753848277,0.0,0.0,5
BANC,split_errors,3.0,basic_structure,metric_weight_std,9.45819684392764,9.45819684392764,0.0,0.0,5
BANC,split_errors,3.0,basic_structure,metric_weight_max,913.0,913.0,0.0,0.0,5
BANC,split_errors,3.0,basic_structure,metric_density,0.0001593039650148,0.00015246867862782,-4.2907195601471395,0.010277326487149019,5
BANC,split_errors,3.0,degree_distribution,metric_total_degree_mean,50.42320961443682,49.32959402390856,-2.168873419384915,0.005252595768485375,5
BANC,split_errors,3.0,degree_distribution,metric_in_degree_mean,25.21160480721841,24.66479701195428,-2.168873419384915,0.005252595768485375,5
BANC,split_errors,3.0,degree_distribution,metric_out_degree_mean,25.21160480721841,24.66479701195428,-2.168873419384915,0.005252595768485375,5
BANC,split_errors,3.0,degree_distribution,metric_total_degree_std,111.71935962728317,109.34034782940174,-2.129453485786406,0.6145428971382297,5
BANC,split_errors,3.0,degree_distribution,metric_in_degree_max,4707.0,4399.8,-6.526449968132566,7.993236126864161,5
BANC,split_errors,3.0,degree_distribution,metric_out_degree_max,4782.0,4575.6,-4.316185696361347,5.286226295592304,5
BANC,split_errors,3.0,assortativity,metric_degree_assortativity,-0.0464301869222043,-0.046531220472425,-0.21760315199675723,0.7847352879288328,5
BANC,split_errors,3.0,connected_components,metric_wcc_count,4306.0,4306.0,0.0,0.0,5
BANC,split_errors,3.0,connected_components,metric_wcc_max_size,153952.0,157460.6,2.2790220328414086,0.005641771656258695,5
BANC,split_errors,3.0,connected_components,metric_scc_count,18345.0,18737.6,2.140092668301982,0.03999768073664572,5
BANC,split_errors,3.0,connected_components,metric_scc_max_size,139405.0,142518.6,2.23349234245544,0.005302455037502623,5
BANC,split_errors,3.0,reciprocity,metric_reciprocity,0.1299390807959521,0.1299390807959521,0.0,0.0,5
BANC,split_errors,5.0,basic_structure,metric_node_count,158262.0,164105.6,3.6923582413971805,0.007008845900525481,5
BANC,split_errors,5.0,basic_structure,metric_edge_count,3990039.0,3990039.0,0.0,0.0,5
BANC,split_errors,5.0,basic_structure,metric_total_synapses,23556214.0,23556214.0,0.0,0.0,5
BANC,split_errors,5.0,basic_structure,metric_weight_mean,5.903755326702321,5.903755326702321,0.0,0.0,5
BANC,split_errors,5.0,basic_structure,metric_weight_variance,89.45748753848277,89.45748753848277,0.0,0.0,5
BANC,split_errors,5.0,basic_structure,metric_weight_std,9.45819684392764,9.45819684392764,0.0,0.0,5
BANC,split_errors,5.0,basic_structure,metric_weight_max,913.0,913.0,0.0,0.0,5
BANC,split_errors,5.0,basic_structure,metric_density,0.0001593039650148,0.00014816068948278,-6.994976886472813,0.012574256923994878,5
BANC,split_errors,5.0,degree_distribution,metric_total_degree_mean,50.42320961443682,48.62770092222124,-3.5608774331206137,0.006519028921287657,5
BANC,split_errors,5.0,degree_distribution,metric_in_degree_mean,25.21160480721841,24.31385046111062,-3.5608774331206137,0.006519028921287657,5
BANC,split_errors,5.0,degree_distribution,metric_out_degree_mean,25.21160480721841,24.31385046111062,-3.5608774331206137,0.006519028921287657,5
BANC,split_errors,5.0,degree_distribution,metric_total_degree_std,111.71935962728317,107.99420374457536,-3.3343870705450085,0.6856500922280296,5
BANC,split_errors,5.0,degree_distribution,metric_in_degree_max,4707.0,4399.8,-6.526449968132566,7.993236126864161,5
BANC,split_errors,5.0,degree_distribution,metric_out_degree_max,4782.0,4575.6,-4.316185696361347,5.286226295592304,5
BANC,split_errors,5.0,assortativity,metric_degree_assortativity,-0.0464301869222043,-0.0458785189730823,1.1881665478675274,1.1471521499961101,5
BANC,split_errors,5.0,connected_components,metric_wcc_count,4306.0,4306.0,0.0,0.0,5
BANC,split_errors,5.0,connected_components,metric_wcc_max_size,153952.0,159795.6,3.7957285387653332,0.007205063720568512,5
BANC,split_errors,5.0,connected_components,metric_scc_count,18345.0,19001.0,3.575906241482693,0.11085940643345794,5
BANC,split_errors,5.0,connected_components,metric_scc_max_size,139405.0,144588.0,3.7179441196513756,0.018984305670898483,5
BANC,split_errors,5.0,reciprocity,metric_reciprocity,0.1299390807959521,0.1299390807959521,0.0,0.0,5
BANC,split_errors,7.5,basic_structure,metric_node_count,158262.0,167020.6,5.534240689489584,0.006717991108416177,5
BANC,split_errors,7.5,basic_structure,metric_edge_count,3990039.0,3990039.0,0.0,0.0,5
BANC,split_errors,7.5,basic_structure,metric_total_synapses,23556214.0,23556214.0,0.0,0.0,5
BANC,split_errors,7.5,basic_structure,metric_weight_mean,5.903755326702321,5.903755326702321,0.0,0.0,5
BANC,split_errors,7.5,basic_structure,metric_weight_variance,89.45748753848277,89.45748753848277,0.0,0.0,5
BANC,split_errors,7.5,basic_structure,metric_weight_std,9.45819684392764,9.45819684392764,0.0,0.0,5
BANC,split_errors,7.5,basic_structure,metric_weight_max,913.0,913.0,0.0,0.0,5
BANC,split_errors,7.5,basic_structure,metric_density,0.0001593039650148,0.00014303412619484,-10.213078386622989,0.0114306487518439,5
BANC,split_errors,7.5,degree_distribution,metric_total_degree_mean,50.42320961443682,47.7790046996358,-5.2440234071175675,0.006031698513387309,5
BANC,split_errors,7.5,degree_distribution,metric_in_degree_mean,25.21160480721841,23.8895023498179,-5.2440234071175675,0.006031698513385772,5
BANC,split_errors,7.5,degree_distribution,metric_out_degree_mean,25.21160480721841,23.8895023498179,-5.2440234071175675,0.006031698513385772,5
BANC,split_errors,7.5,degree_distribution,metric_total_degree_std,111.71935962728317,106.52378934801516,-4.650555012668719,0.7580500481695018,5
BANC,split_errors,7.5,degree_distribution,metric_in_degree_max,4707.0,4399.8,-6.526449968132566,7.993236126864161,5
BANC,split_errors,7.5,degree_distribution,metric_out_degree_max,4782.0,4575.6,-4.316185696361347,5.286226295592304,5
BANC,split_errors,7.5,assortativity,metric_degree_assortativity,-0.0464301869222043,-0.045440641322049335,2.131254827409992,0.9816554319436892,5
BANC,split_errors,7.5,connected_components,metric_wcc_count,4306.0,4306.0,0.0,0.0,5
BANC,split_errors,7.5,connected_components,metric_wcc_max_size,153952.0,162710.6,5.689175847017256,0.006906066233632309,5
BANC,split_errors,7.5,connected_components,metric_scc_count,18345.0,19317.0,5.298446443172526,0.10348434974180896,5
BANC,split_errors,7.5,connected_components,metric_scc_max_size,139405.0,147182.6,5.579139916071881,0.019047085346721178,5
BANC,split_errors,7.5,reciprocity,metric_reciprocity,0.1299390807959521,0.1299390807959521,0.0,0.0,5
BANC,split_errors,10.0,basic_structure,metric_node_count,158262.0,169920.2,7.36639243785622,0.012011393337331212,5
BANC,split_errors,10.0,basic_structure,metric_edge_count,3990039.0,3990039.0,0.0,0.0,5
BANC,split_errors,10.0,basic_structure,metric_total_synapses,23556214.0,23556214.0,0.0,0.0,5
BANC,split_errors,10.0,basic_structure,metric_weight_mean,5.903755326702321,5.903755326702321,0.0,0.0,5
BANC,split_errors,10.0,basic_structure,metric_weight_variance,89.45748753848277,89.45748753848277,0.0,0.0,5
BANC,split_errors,10.0,basic_structure,metric_weight_std,9.45819684392764,9.45819684392764,0.0,0.0,5
BANC,split_errors,10.0,basic_structure,metric_weight_max,913.0,913.0,0.0,0.0,5
BANC,split_errors,10.0,basic_structure,metric_density,0.0001593039650148,0.00013819416040460002,-13.251273819982314,0.01940498472902417,5
BANC,split_errors,10.0,degree_distribution,metric_total_degree_mean,50.42320961443682,46.96368118598512,-6.860984167618694,0.010418038070806136,5
BANC,split_errors,10.0,degree_distribution,metric_in_degree_mean,25.21160480721841,23.481840592992558,-6.860984167618708,0.010418038070805071,5
BANC,split_errors,10.0,degree_distribution,metric_out_degree_mean,25.21160480721841,23.481840592992558,-6.860984167618708,0.010418038070805071,5
BANC,split_errors,10.0,degree_distribution,metric_total_degree_std,111.71935962728317,105.04685076374236,-5.972562755283918,0.7596551405427826,5
BANC,split_errors,10.0,degree_distribution,metric_in_degree_max,4707.0,4399.8,-6.526449968132566,7.993236126864161,5
BANC,split_errors,10.0,degree_distribution,metric_out_degree_max,4782.0,4575.6,-4.316185696361347,5.286226295592304,5
BANC,split_errors,10.0,assortativity,metric_degree_assortativity,-0.0464301869222043,-0.04537212263968094,2.2788283930370277,0.709057919377007,5
BANC,split_errors,10.0,connected_components,metric_wcc_count,4306.0,4306.0,0.0,0.0,5
BANC,split_errors,10.0,connected_components,metric_wcc_max_size,153952.0,165610.2,7.572620037414267,0.012347661169408077,5
BANC,split_errors,10.0,connected_components,metric_scc_count,18345.0,19628.4,6.995911692559289,0.0886097608120626,5
BANC,split_errors,10.0,connected_components,metric_scc_max_size,139405.0,149767.4,7.43330583551522,0.025119407342048605,5
BANC,split_errors,10.0,reciprocity,metric_reciprocity,0.1299390807959521,0.1299390807959521,0.0,0.0,5
BANC,split_errors,15.0,basic_structure,metric_node_count,158262.0,175741.2,11.04447056147402,0.01570483009986578,5
BANC,split_errors,15.0,basic_structure,metric_edge_count,3990039.0,3990039.0,0.0,0.0,5
BANC,split_errors,15.0,basic_structure,metric_total_synapses,23556214.0,23556214.0,0.0,0.0,5
BANC,split_errors,15.0,basic_structure,metric_weight_mean,5.903755326702321,5.903755326702321,0.0,0.0,5
BANC,split_errors,15.0,basic_structure,metric_weight_variance,89.45748753848277,89.45748753848277,0.0,0.0,5
BANC,split_errors,15.0,basic_structure,metric_weight_std,9.45819684392764,9.45819684392764,0.0,0.0,5
BANC,split_errors,15.0,basic_structure,metric_weight_max,913.0,913.0,0.0,0.0,5
BANC,split_errors,15.0,basic_structure,metric_density,0.0001593039650148,0.00012919106037736,-18.90279669727139,0.022936356906168964,5
BANC,split_errors,15.0,degree_distribution,metric_total_degree_mean,50.42320961443682,45.408123761560894,-9.94598695962433,0.012735228164972289,5
BANC,split_errors,15.0,degree_distribution,metric_in_degree_mean,25.21160480721841,22.704061880780447,-9.94598695962433,0.012735228164972289,5
BANC,split_errors,15.0,degree_distribution,metric_out_degree_mean,25.21160480721841,22.704061880780447,-9.94598695962433,0.012735228164972289,5
BANC,split_errors,15.0,degree_distribution,metric_total_degree_std,111.71935962728317,102.00641657210222,-8.694055432814107,0.6229874058813814,5
BANC,split_errors,15.0,degree_distribution,metric_in_degree_max,4707.0,4399.8,-6.526449968132566,7.993236126864161,5
BANC,split_errors,15.0,degree_distribution,metric_out_degree_max,4782.0,4575.6,-4.316185696361347,5.286226295592304,5
BANC,split_errors,15.0,assortativity,metric_degree_assortativity,-0.0464301869222043,-0.044808488993592244,3.4927663145730508,1.0860119946491422,5
BANC,split_errors,15.0,connected_components,metric_wcc_count,4306.0,4306.0,0.0,0.0,5
BANC,split_errors,15.0,connected_components,metric_wcc_max_size,153952.0,171431.2,11.353668675950953,0.01614449842330699,5
BANC,split_errors,15.0,connected_components,metric_scc_count,18345.0,20246.0,10.362496593077132,0.11128743662185746,5
BANC,split_errors,15.0,connected_components,metric_scc_max_size,139405.0,154968.0,11.163875040350058,0.02140495035507566,5
BANC,split_errors,15.0,reciprocity,metric_reciprocity,0.1299390807959521,0.1299390807959521,0.0,0.0,5
BANC,split_errors,20.0,basic_structure,metric_node_count,158262.0,181564.6,14.72406515777635,0.014527917365583566,5
BANC,split_errors,20.0,basic_structure,metric_edge_count,3990039.0,3990039.0,0.0,0.0,5
BANC,split_errors,20.0,basic_structure,metric_total_synapses,23556214.0,23556214.0,0.0,0.0,5
BANC,split_errors,20.0,basic_structure,metric_weight_mean,5.903755326702321,5.903755326702321,0.0,0.0,5
BANC,split_errors,20.0,basic_structure,metric_weight_variance,89.45748753848277,89.45748753848277,0.0,0.0,5
BANC,split_errors,20.0,basic_structure,metric_weight_std,9.45819684392764,9.45819684392764,0.0,0.0,5
BANC,split_errors,20.0,basic_structure,metric_weight_max,913.0,913.0,0.0,0.0,5
BANC,split_errors,20.0,basic_structure,metric_density,0.0001593039650148,0.00012103673475778001,-24.021517765402013,0.019238722628632167,5
BANC,split_errors,20.0,degree_distribution,metric_total_degree_mean,50.42320961443682,43.951729180415484,-12.834328642515585,0.011036500278521794,5
BANC,split_errors,20.0,degree_distribution,metric_in_degree_mean,25.21160480721841,21.975864590207742,-12.834328642515585,0.011036500278521794,5
BANC,split_errors,20.0,degree_distribution,metric_out_degree_mean,25.21160480721841,21.975864590207742,-12.834328642515585,0.011036500278521794,5
BANC,split_errors,20.0,degree_distribution,metric_total_degree_std,111.71935962728317,98.879463654095,-11.49299102324295,0.7272333312796093,5
BANC,split_errors,20.0,degree_distribution,metric_in_degree_max,4707.0,4246.2,-9.789674952198856,7.993236126864161,5
BANC,split_errors,20.0,degree_distribution,metric_out_degree_max,4782.0,4472.4,-6.474278544542041,5.286226295592304,5
BANC,split_errors,20.0,assortativity,metric_degree_assortativity,-0.0464301869222043,-0.04427900916696696,4.633144722940105,1.9492292041511192,5
BANC,split_errors,20.0,connected_components,metric_wcc_count,4306.0,4306.0,0.0,0.0,5
BANC,split_errors,20.0,connected_components,metric_wcc_max_size,153952.0,177254.6,15.136276241945545,0.01493463714737052,5
BANC,split_errors,20.0,connected_components,metric_scc_count,18345.0,20908.6,13.974379940038151,0.14242235090946065,5
BANC,split_errors,20.0,connected_components,metric_scc_max_size,139405.0,160121.2,14.860442595315815,0.02741081022016253,5
BANC,split_errors,20.0,reciprocity,metric_reciprocity,0.1299390807959521,0.1299390807959521,0.0,0.0,5
BANC,synapse_count_measurement,0.5,basic_structure,metric_node_count,158262.0,158262.0,0.0,0.0,5
BANC,synapse_count_measurement,0.5,basic_structure,metric_edge_count,3990039.0,3990039.0,0.0,0.0,5
BANC,synapse_count_measurement,0.5,basic_structure,metric_total_synapses,23556214.0,23556217.6,1.528259168256035e-05,0.0003562459369244134,5
BANC,synapse_count_measurement,0.5,basic_structure,metric_weight_mean,5.903755326702321,5.903756228949141,1.5282591680010234e-05,0.0003562459369261131,5
BANC,synapse_count_measurement,0.5,basic_structure,metric_weight_variance,89.45748753848277,89.4623351831282,0.0054189367249465195,0.009541707060541546,5
BANC,synapse_count_measurement,0.5,basic_structure,metric_weight_std,9.45819684392764,9.45845309654381,0.0027093178583456508,0.0047707881263930356,5
BANC,synapse_count_measurement,0.5,basic_structure,metric_weight_max,913.0,914.6,0.17524644030668377,0.40747152766129846,5
BANC,synapse_count_measurement,0.5,basic_structure,metric_density,0.0001593039650148,0.0001593039650148,0.0,0.0,5
BANC,synapse_count_measurement,0.5,degree_distribution,metric_total_degree_mean,50.42320961443682,50.42320961443682,0.0,0.0,5
BANC,synapse_count_measurement,0.5,degree_distribution,metric_in_degree_mean,25.21160480721841,25.21160480721841,0.0,0.0,5
BANC,synapse_count_measurement,0.5,degree_distribution,metric_out_degree_mean,25.21160480721841,25.21160480721841,0.0,0.0,5
BANC,synapse_count_measurement,0.5,degree_distribution,metric_total_degree_std,111.71935962728317,111.71935962728317,0.0,1.272013620791606e-14,5
BANC,synapse_count_measurement,0.5,degree_distribution,metric_in_degree_max,4707.0,4707.0,0.0,0.0,5
BANC,synapse_count_measurement,0.5,degree_distribution,metric_out_degree_max,4782.0,4782.0,0.0,0.0,5
BANC,synapse_count_measurement,0.5,assortativity,metric_degree_assortativity,-0.0464301869222043,-0.0464301869222043,0.0,0.0,5
BANC,synapse_count_measurement,0.5,connected_components,metric_wcc_count,4306.0,4306.0,0.0,0.0,5
BANC,synapse_count_measurement,0.5,connected_components,metric_wcc_max_size,153952.0,153952.0,0.0,0.0,5
BANC,synapse_count_measurement,0.5,connected_components,metric_scc_count,18345.0,18345.0,0.0,0.0,5
BANC,synapse_count_measurement,0.5,connected_components,metric_scc_max_size,139405.0,139405.0,0.0,0.0,5
BANC,synapse_count_measurement,0.5,reciprocity,metric_reciprocity,0.1299390807959521,0.1299390807959521,0.0,0.0,5
BANC,synapse_count_measurement,1.0,basic_structure,metric_node_count,158262.0,158262.0,0.0,0.0,5
BANC,synapse_count_measurement,1.0,basic_structure,metric_edge_count,3990039.0,3990039.0,0.0,0.0,5
BANC,synapse_count_measurement,1.0,basic_structure,metric_total_synapses,23556214.0,23556175.0,-0.0001655614098258744,0.0005414074316427635,5
BANC,synapse_count_measurement,1.0,basic_structure,metric_weight_mean,5.903755326702321,5.9037455523617695,-0.00016556140981913728,0.0005414074316411148,5
BANC,synapse_count_measurement,1.0,basic_structure,metric_weight_variance,89.45748753848277,89.47002032035728,0.01400976287101811,0.020694858371667457,5
BANC,synapse_count_measurement,1.0,basic_structure,metric_weight_std,9.45819684392764,9.458859305572366,0.007004100841393236,0.010347047630010622,5
BANC,synapse_count_measurement,1.0,basic_structure,metric_weight_max,913.0,916.4,0.3723986856516952,0.7886089813800657,5
BANC,synapse_count_measurement,1.0,basic_structure,metric_density,0.0001593039650148,0.0001593039650148,0.0,0.0,5
BANC,synapse_count_measurement,1.0,degree_distribution,metric_total_degree_mean,50.42320961443682,50.42320961443682,0.0,0.0,5
BANC,synapse_count_measurement,1.0,degree_distribution,metric_in_degree_mean,25.21160480721841,25.21160480721841,0.0,0.0,5
BANC,synapse_count_measurement,1.0,degree_distribution,metric_out_degree_mean,25.21160480721841,25.21160480721841,0.0,0.0,5
BANC,synapse_count_measurement,1.0,degree_distribution,metric_total_degree_std,111.71935962728317,111.71935962728317,0.0,1.272013620791606e-14,5
BANC,synapse_count_measurement,1.0,degree_distribution,metric_in_degree_max,4707.0,4707.0,0.0,0.0,5
BANC,synapse_count_measurement,1.0,degree_distribution,metric_out_degree_max,4782.0,4782.0,0.0,0.0,5
BANC,synapse_count_measurement,1.0,assortativity,metric_degree_assortativity,-0.0464301869222043,-0.0464301869222043,0.0,0.0,5
BANC,synapse_count_measurement,1.0,connected_components,metric_wcc_count,4306.0,4306.0,0.0,0.0,5
BANC,synapse_count_measurement,1.0,connected_components,metric_wcc_max_size,153952.0,153952.0,0.0,0.0,5
BANC,synapse_count_measurement,1.0,connected_components,metric_scc_count,18345.0,18345.0,0.0,0.0,5
BANC,synapse_count_measurement,1.0,connected_components,metric_scc_max_size,139405.0,139405.0,0.0,0.0,5
BANC,synapse_count_measurement,1.0,reciprocity,metric_reciprocity,0.1299390807959521,0.1299390807959521,0.0,0.0,5
BANC,synapse_count_measurement,2.0,basic_structure,metric_node_count,158262.0,158262.0,0.0,0.0,5
BANC,synapse_count_measurement,2.0,basic_structure,metric_edge_count,3990039.0,3990039.0,0.0,0.0,5
BANC,synapse_count_measurement,2.0,basic_structure,metric_total_synapses,23556214.0,23556329.6,0.0004907409993876355,0.0021242432544319985,5
BANC,synapse_count_measurement,2.0,basic_structure,metric_weight_mean,5.903755326702321,5.903784298850212,0.0004907409993838681,0.002124243254429542,5
BANC,synapse_count_measurement,2.0,basic_structure,metric_weight_variance,89.45748753848277,89.51382327496682,0.06297487000160155,0.040915806360136864,5
BANC,synapse_count_measurement,2.0,basic_structure,metric_weight_std,9.45819684392764,9.461174321027409,0.031480388375302586,0.02045263427645372,5
BANC,synapse_count_measurement,2.0,basic_structure,metric_weight_max,913.0,919.8,0.7447973713033904,1.5908501779071462,5
BANC,synapse_count_measurement,2.0,basic_structure,metric_density,0.0001593039650148,0.0001593039650148,0.0,0.0,5
BANC,synapse_count_measurement,2.0,degree_distribution,metric_total_degree_mean,50.42320961443682,50.42320961443682,0.0,0.0,5
BANC,synapse_count_measurement,2.0,degree_distribution,metric_in_degree_mean,25.21160480721841,25.21160480721841,0.0,0.0,5
BANC,synapse_count_measurement,2.0,degree_distribution,metric_out_degree_mean,25.21160480721841,25.21160480721841,0.0,0.0,5
BANC,synapse_count_measurement,2.0,degree_distribution,metric_total_degree_std,111.71935962728317,111.71935962728317,0.0,1.272013620791606e-14,5
BANC,synapse_count_measurement,2.0,degree_distribution,metric_in_degree_max,4707.0,4707.0,0.0,0.0,5
BANC,synapse_count_measurement,2.0,degree_distribution,metric_out_degree_max,4782.0,4782.0,0.0,0.0,5
BANC,synapse_count_measurement,2.0,assortativity,metric_degree_assortativity,-0.0464301869222043,-0.0464301869222043,0.0,0.0,5
BANC,synapse_count_measurement,2.0,connected_components,metric_wcc_count,4306.0,4306.0,0.0,0.0,5
BANC,synapse_count_measurement,2.0,connected_components,metric_wcc_max_size,153952.0,153952.0,0.0,0.0,5
BANC,synapse_count_measurement,2.0,connected_components,metric_scc_count,18345.0,18345.0,0.0,0.0,5
BANC,synapse_count_measurement,2.0,connected_components,metric_scc_max_size,139405.0,139405.0,0.0,0.0,5
BANC,synapse_count_measurement,2.0,reciprocity,metric_reciprocity,0.1299390807959521,0.1299390807959521,0.0,0.0,5
BANC,synapse_count_measurement,3.0,basic_structure,metric_node_count,158262.0,158262.0,0.0,0.0,5
BANC,synapse_count_measurement,3.0,basic_structure,metric_edge_count,3990039.0,3990039.0,0.0,0.0,5
BANC,synapse_count_measurement,3.0,basic_structure,metric_total_synapses,23556214.0,23556271.0,0.0002419743682070472,0.0016631554921294005,5
BANC,synapse_count_measurement,3.0,basic_structure,metric_weight_mean,5.903755326702321,5.903769612276973,0.00024197436820414417,0.0016631554921260176,5
BANC,synapse_count_measurement,3.0,basic_structure,metric_weight_variance,89.45748753848277,89.57940262066879,0.13628270314832588,0.06033603194986936,5
BANC,synapse_count_measurement,3.0,basic_structure,metric_weight_std,9.45819684392764,9.464639163155677,0.0681136091196254,0.03015007729768794,5
BANC,synapse_count_measurement,3.0,basic_structure,metric_weight_max,913.0,922.8,1.0733844468784177,2.3698801027467287,5
BANC,synapse_count_measurement,3.0,basic_structure,metric_density,0.0001593039650148,0.0001593039650148,0.0,0.0,5
BANC,synapse_count_measurement,3.0,degree_distribution,metric_total_degree_mean,50.42320961443682,50.42320961443682,0.0,0.0,5
BANC,synapse_count_measurement,3.0,degree_distribution,metric_in_degree_mean,25.21160480721841,25.21160480721841,0.0,0.0,5
BANC,synapse_count_measurement,3.0,degree_distribution,metric_out_degree_mean,25.21160480721841,25.21160480721841,0.0,0.0,5
BANC,synapse_count_measurement,3.0,degree_distribution,metric_total_degree_std,111.71935962728317,111.71935962728317,0.0,1.272013620791606e-14,5
BANC,synapse_count_measurement,3.0,degree_distribution,metric_in_degree_max,4707.0,4707.0,0.0,0.0,5
BANC,synapse_count_measurement,3.0,degree_distribution,metric_out_degree_max,4782.0,4782.0,0.0,0.0,5
BANC,synapse_count_measurement,3.0,assortativity,metric_degree_assortativity,-0.0464301869222043,-0.0464301869222043,0.0,0.0,5
BANC,synapse_count_measurement,3.0,connected_components,metric_wcc_count,4306.0,4306.0,0.0,0.0,5
BANC,synapse_count_measurement,3.0,connected_components,metric_wcc_max_size,153952.0,153952.0,0.0,0.0,5
BANC,synapse_count_measurement,3.0,connected_components,metric_scc_count,18345.0,18345.0,0.0,0.0,5
BANC,synapse_count_measurement,3.0,connected_components,metric_scc_max_size,139405.0,139405.0,0.0,0.0,5
BANC,synapse_count_measurement,3.0,reciprocity,metric_reciprocity,0.1299390807959521,0.1299390807959521,0.0,0.0,5
BANC,synapse_count_measurement,5.0,basic_structure,metric_node_count,158262.0,158262.0,0.0,0.0,5
BANC,synapse_count_measurement,5.0,basic_structure,metric_edge_count,3990039.0,3990039.0,0.0,0.0,5
BANC,synapse_count_measurement,5.0,basic_structure,metric_total_synapses,23556214.0,23556290.2,0.0003234815238104686,0.004547318444125227,5
BANC,synapse_count_measurement,5.0,basic_structure,metric_weight_mean,5.903755326702321,5.903774424260013,0.0003234815238057916,0.004547318444125277,5
BANC,synapse_count_measurement,5.0,basic_structure,metric_weight_variance,89.45748753848277,89.79354765685812,0.3756646063089925,0.09865718494705394,5
BANC,synapse_count_measurement,5.0,basic_structure,metric_weight_std,9.45819684392764,9.475944594742751,0.18764412612649103,0.0492451777535888,5
BANC,synapse_count_measurement,5.0,basic_structure,metric_weight_max,913.0,929.4,1.7962760131434805,3.945234879247396,5
BANC,synapse_count_measurement,5.0,basic_structure,metric_density,0.0001593039650148,0.0001593039650148,0.0,0.0,5
BANC,synapse_count_measurement,5.0,degree_distribution,metric_total_degree_mean,50.42320961443682,50.42320961443682,0.0,0.0,5
BANC,synapse_count_measurement,5.0,degree_distribution,metric_in_degree_mean,25.21160480721841,25.21160480721841,0.0,0.0,5
BANC,synapse_count_measurement,5.0,degree_distribution,metric_out_degree_mean,25.21160480721841,25.21160480721841,0.0,0.0,5
BANC,synapse_count_measurement,5.0,degree_distribution,metric_total_degree_std,111.71935962728317,111.71935962728317,0.0,1.272013620791606e-14,5
BANC,synapse_count_measurement,5.0,degree_distribution,metric_in_degree_max,4707.0,4707.0,0.0,0.0,5
BANC,synapse_count_measurement,5.0,degree_distribution,metric_out_degree_max,4782.0,4782.0,0.0,0.0,5
BANC,synapse_count_measurement,5.0,assortativity,metric_degree_assortativity,-0.0464301869222043,-0.0464301869222043,0.0,0.0,5
BANC,synapse_count_measurement,5.0,connected_components,metric_wcc_count,4306.0,4306.0,0.0,0.0,5
BANC,synapse_count_measurement,5.0,connected_components,metric_wcc_max_size,153952.0,153952.0,0.0,0.0,5
BANC,synapse_count_measurement,5.0,connected_components,metric_scc_count,18345.0,18345.0,0.0,0.0,5
BANC,synapse_count_measurement,5.0,connected_components,metric_scc_max_size,139405.0,139405.0,0.0,0.0,5
BANC,synapse_count_measurement,5.0,reciprocity,metric_reciprocity,0.1299390807959521,0.1299390807959521,0.0,0.0,5
BANC,synapse_count_measurement,7.5,basic_structure,metric_node_count,158262.0,158262.0,0.0,0.0,5
BANC,synapse_count_measurement,7.5,basic_structure,metric_edge_count,3990039.0,3990039.0,0.0,0.0,5
BANC,synapse_count_measurement,7.5,basic_structure,metric_total_synapses,23556214.0,23556356.2,0.0006036623712081023,0.007073190577570872,5
BANC,synapse_count_measurement,7.5,basic_structure,metric_weight_mean,5.903755326702321,5.903790965451717,0.0006036623712174834,0.007073190577567437,5
BANC,synapse_count_measurement,7.5,basic_structure,metric_weight_variance,89.45748753848277,90.20591352408067,0.8366275492321952,0.14690401876959508,5
BANC,synapse_count_measurement,7.5,basic_structure,metric_weight_std,9.45819684392764,9.497676854610829,0.4174158281399666,0.0731663969589231,5
BANC,synapse_count_measurement,7.5,basic_structure,metric_weight_max,913.0,951.0,4.16210295728368,4.646922986987169,5
BANC,synapse_count_measurement,7.5,basic_structure,metric_density,0.0001593039650148,0.0001593039650148,0.0,0.0,5
BANC,synapse_count_measurement,7.5,degree_distribution,metric_total_degree_mean,50.42320961443682,50.42320961443682,0.0,0.0,5
BANC,synapse_count_measurement,7.5,degree_distribution,metric_in_degree_mean,25.21160480721841,25.21160480721841,0.0,0.0,5
BANC,synapse_count_measurement,7.5,degree_distribution,metric_out_degree_mean,25.21160480721841,25.21160480721841,0.0,0.0,5
BANC,synapse_count_measurement,7.5,degree_distribution,metric_total_degree_std,111.71935962728317,111.71935962728317,0.0,1.272013620791606e-14,5
BANC,synapse_count_measurement,7.5,degree_distribution,metric_in_degree_max,4707.0,4707.0,0.0,0.0,5
BANC,synapse_count_measurement,7.5,degree_distribution,metric_out_degree_max,4782.0,4782.0,0.0,0.0,5
BANC,synapse_count_measurement,7.5,assortativity,metric_degree_assortativity,-0.0464301869222043,-0.0464301869222043,0.0,0.0,5
BANC,synapse_count_measurement,7.5,connected_components,metric_wcc_count,4306.0,4306.0,0.0,0.0,5
BANC,synapse_count_measurement,7.5,connected_components,metric_wcc_max_size,153952.0,153952.0,0.0,0.0,5
BANC,synapse_count_measurement,7.5,connected_components,metric_scc_count,18345.0,18345.0,0.0,0.0,5
BANC,synapse_count_measurement,7.5,connected_components,metric_scc_max_size,139405.0,139405.0,0.0,0.0,5
BANC,synapse_count_measurement,7.5,reciprocity,metric_reciprocity,0.1299390807959521,0.1299390807959521,0.0,0.0,5
BANC,synapse_count_measurement,10.0,basic_structure,metric_node_count,158262.0,158262.0,0.0,0.0,5
BANC,synapse_count_measurement,10.0,basic_structure,metric_edge_count,3990039.0,3990039.0,0.0,0.0,5
BANC,synapse_count_measurement,10.0,basic_structure,metric_total_synapses,23556214.0,23556146.4,-0.00028697311037117476,0.007560737396236736,5
BANC,synapse_count_measurement,10.0,basic_structure,metric_weight_mean,5.903755326702321,5.903738384512031,-0.0002869731103722274,0.007560737396234714,5
BANC,synapse_count_measurement,10.0,basic_structure,metric_weight_variance,89.45748753848277,90.77620572434111,1.4741283509567145,0.19383475292155664,5
BANC,synapse_count_measurement,10.0,basic_structure,metric_weight_std,9.45819684392764,9.52765043721254,0.7343217151321004,0.09624805418154893,5
BANC,synapse_count_measurement,10.0,basic_structure,metric_weight_max,913.0,978.6,7.1851040525739345,4.8220643140006505,5
BANC,synapse_count_measurement,10.0,basic_structure,metric_density,0.0001593039650148,0.0001593039650148,0.0,0.0,5
BANC,synapse_count_measurement,10.0,degree_distribution,metric_total_degree_mean,50.42320961443682,50.42320961443682,0.0,0.0,5
BANC,synapse_count_measurement,10.0,degree_distribution,metric_in_degree_mean,25.21160480721841,25.21160480721841,0.0,0.0,5
BANC,synapse_count_measurement,10.0,degree_distribution,metric_out_degree_mean,25.21160480721841,25.21160480721841,0.0,0.0,5
BANC,synapse_count_measurement,10.0,degree_distribution,metric_total_degree_std,111.71935962728317,111.71935962728317,0.0,1.272013620791606e-14,5
BANC,synapse_count_measurement,10.0,degree_distribution,metric_in_degree_max,4707.0,4707.0,0.0,0.0,5
BANC,synapse_count_measurement,10.0,degree_distribution,metric_out_degree_max,4782.0,4782.0,0.0,0.0,5
BANC,synapse_count_measurement,10.0,assortativity,metric_degree_assortativity,-0.0464301869222043,-0.0464301869222043,0.0,0.0,5
BANC,synapse_count_measurement,10.0,connected_components,metric_wcc_count,4306.0,4306.0,0.0,0.0,5
BANC,synapse_count_measurement,10.0,connected_components,metric_wcc_max_size,153952.0,153952.0,0.0,0.0,5
BANC,synapse_count_measurement,10.0,connected_components,metric_scc_count,18345.0,18345.0,0.0,0.0,5
BANC,synapse_count_measurement,10.0,connected_components,metric_scc_max_size,139405.0,139405.0,0.0,0.0,5
BANC,synapse_count_measurement,10.0,reciprocity,metric_reciprocity,0.1299390807959521,0.1299390807959521,0.0,0.0,5
BANC,synapse_count_measurement,15.0,basic_structure,metric_node_count,158262.0,158262.0,0.0,0.0,5
BANC,synapse_count_measurement,15.0,basic_structure,metric_edge_count,3990039.0,3990039.0,0.0,0.0,5
BANC,synapse_count_measurement,15.0,basic_structure,metric_total_synapses,23556214.0,23556735.4,0.0022134286944349795,0.011505023417266991,5
BANC,synapse_count_measurement,15.0,basic_structure,metric_weight_mean,5.903755326702321,5.903886002116772,0.002213428694444047,0.011505023417269465,5
BANC,synapse_count_measurement,15.0,basic_structure,metric_weight_variance,89.45748753848277,92.36473928589717,3.249869661456529,0.29274946292480064,5
BANC,synapse_count_measurement,15.0,basic_structure,metric_weight_std,9.45819684392764,9.610647918839671,1.6118407919360245,0.1441423598406294,5
BANC,synapse_count_measurement,15.0,basic_structure,metric_weight_max,913.0,1040.8,13.997809419496162,5.193755042754673,5
BANC,synapse_count_measurement,15.0,basic_structure,metric_density,0.0001593039650148,0.0001593039650148,0.0,0.0,5
BANC,synapse_count_measurement,15.0,degree_distribution,metric_total_degree_mean,50.42320961443682,50.42320961443682,0.0,0.0,5
BANC,synapse_count_measurement,15.0,degree_distribution,metric_in_degree_mean,25.21160480721841,25.21160480721841,0.0,0.0,5
BANC,synapse_count_measurement,15.0,degree_distribution,metric_out_degree_mean,25.21160480721841,25.21160480721841,0.0,0.0,5
BANC,synapse_count_measurement,15.0,degree_distribution,metric_total_degree_std,111.71935962728317,111.71935962728317,0.0,1.272013620791606e-14,5
BANC,synapse_count_measurement,15.0,degree_distribution,metric_in_degree_max,4707.0,4707.0,0.0,0.0,5
BANC,synapse_count_measurement,15.0,degree_distribution,metric_out_degree_max,4782.0,4782.0,0.0,0.0,5
BANC,synapse_count_measurement,15.0,assortativity,metric_degree_assortativity,-0.0464301869222043,-0.0464301869222043,0.0,0.0,5
BANC,synapse_count_measurement,15.0,connected_components,metric_wcc_count,4306.0,4306.0,0.0,0.0,5
BANC,synapse_count_measurement,15.0,connected_components,metric_wcc_max_size,153952.0,153952.0,0.0,0.0,5
BANC,synapse_count_measurement,15.0,connected_components,metric_scc_count,18345.0,18345.0,0.0,0.0,5
BANC,synapse_count_measurement,15.0,connected_components,metric_scc_max_size,139405.0,139405.0,0.0,0.0,5
BANC,synapse_count_measurement,15.0,reciprocity,metric_reciprocity,0.1299390807959521,0.1299390807959521,0.0,0.0,5
BANC,synapse_count_measurement,20.0,basic_structure,metric_node_count,158262.0,158262.0,0.0,0.0,5
BANC,synapse_count_measurement,20.0,basic_structure,metric_edge_count,3990039.0,3990039.0,0.0,0.0,5
BANC,synapse_count_measurement,20.0,basic_structure,metric_total_synapses,23556214.0,23560649.8,0.018830700043736846,0.014890769099878381,5
BANC,synapse_count_measurement,20.0,basic_structure,metric_weight_mean,5.903755326702321,5.904867045159207,0.01883070004372472,0.014890769099878473,5
BANC,synapse_count_measurement,20.0,basic_structure,metric_weight_variance,89.45748753848277,94.5468033143966,5.689088656468821,0.39226358154758145,5
BANC,synapse_count_measurement,20.0,basic_structure,metric_weight_std,9.45819684392764,9.723501280722669,2.805021307685725,0.19094390057335928,5
BANC,synapse_count_measurement,20.0,basic_structure,metric_weight_max,913.0,1109.0,21.467688937568454,5.557343428846117,5
BANC,synapse_count_measurement,20.0,basic_structure,metric_density,0.0001593039650148,0.0001593039650148,0.0,0.0,5
BANC,synapse_count_measurement,20.0,degree_distribution,metric_total_degree_mean,50.42320961443682,50.42320961443682,0.0,0.0,5
BANC,synapse_count_measurement,20.0,degree_distribution,metric_in_degree_mean,25.21160480721841,25.21160480721841,0.0,0.0,5
BANC,synapse_count_measurement,20.0,degree_distribution,metric_out_degree_mean,25.21160480721841,25.21160480721841,0.0,0.0,5
BANC,synapse_count_measurement,20.0,degree_distribution,metric_total_degree_std,111.71935962728317,111.71935962728317,0.0,1.272013620791606e-14,5
BANC,synapse_count_measurement,20.0,degree_distribution,metric_in_degree_max,4707.0,4707.0,0.0,0.0,5
BANC,synapse_count_measurement,20.0,degree_distribution,metric_out_degree_max,4782.0,4782.0,0.0,0.0,5
BANC,synapse_count_measurement,20.0,assortativity,metric_degree_assortativity,-0.0464301869222043,-0.0464301869222043,0.0,0.0,5
BANC,synapse_count_measurement,20.0,connected_components,metric_wcc_count,4306.0,4306.0,0.0,0.0,5
BANC,synapse_count_measurement,20.0,connected_components,metric_wcc_max_size,153952.0,153952.0,0.0,0.0,5
BANC,synapse_count_measurement,20.0,connected_components,metric_scc_count,18345.0,18345.0,0.0,0.0,5
BANC,synapse_count_measurement,20.0,connected_components,metric_scc_max_size,139405.0,139405.0,0.0,0.0,5
BANC,synapse_count_measurement,20.0,reciprocity,metric_reciprocity,0.1299390807959521,0.1299390807959521,0.0,0.0,5
FAFB,false_synapses,0.25,basic_structure,metric_node_count,139255.0,139255.0,0.0,0.0,5
FAFB,false_synapses,0.25,basic_structure,metric_edge_count,5342446.0,5355802.0,0.24999784742793843,0.0,5
FAFB,false_synapses,0.25,basic_structure,metric_total_synapses,50666648.0,50708414.0,0.08243292510686714,0.0003311252813987498,5
FAFB,false_synapses,0.25,basic_structure,metric_weight_mean,9.48379225545752,9.467940375689766,-0.16714705827335358,0.00033029953964503974,5
FAFB,false_synapses,0.25,basic_structure,metric_weight_variance,218.34257980101398,217.9049832120292,-0.20041743089395458,0.00017817658562661724,5
FAFB,false_synapses,0.25,basic_structure,metric_weight_std,14.776419722010266,14.761605035085296,-0.10025897479686782,8.917765825361277e-05,5
FAFB,false_synapses,0.25,basic_structure,metric_weight_max,2633.0,2633.0,0.0,0.0,5
FAFB,false_synapses,0.25,basic_structure,metric_density,0.0002755000389527,0.0002761887831198,0.2499978474479461,0.0,5
FAFB,false_synapses,0.25,degree_distribution,metric_total_degree_mean,76.72896484865893,76.92078560913433,0.24999784742794842,0.0,5
FAFB,false_synapses,0.25,degree_distribution,metric_in_degree_mean,38.364482424329466,38.46039280456717,0.24999784742796693,0.0,5
FAFB,false_synapses,0.25,degree_distribution,metric_out_degree_mean,38.364482424329466,38.46039280456717,0.24999784742796693,0.0,5
FAFB,false_synapses,0.25,degree_distribution,metric_total_degree_std,199.8282025654068,199.79535094982052,-0.01643992948168997,0.00011954434709702477,5
FAFB,false_synapses,0.25,degree_distribution,metric_in_degree_max,14786.0,14786.0,0.0,0.0,5
FAFB,false_synapses,0.25,degree_distribution,metric_out_degree_max,14000.0,14000.0,0.0,0.0,5
FAFB,false_synapses,0.25,assortativity,metric_degree_assortativity,-0.0358426018002618,-0.03569331938618042,0.4164943575058507,0.000551346560089287,5
FAFB,false_synapses,0.25,connected_components,metric_wcc_count,875.0,875.0,0.0,0.0,5
FAFB,false_synapses,0.25,connected_components,metric_wcc_max_size,136997.0,136997.0,0.0,0.0,5
FAFB,false_synapses,0.25,connected_components,metric_scc_count,11120.0,10645.4,-4.267985611510794,0.118705035971223,5
FAFB,false_synapses,0.25,connected_components,metric_scc_max_size,127536.0,127831.2,0.23146405720737445,0.008637836754435085,5
FAFB,false_synapses,0.25,reciprocity,metric_reciprocity,0.1647380244929008,0.16470377358983768,-0.020791133782587012,0.0025062148529584214,5
FAFB,false_synapses,0.5,basic_structure,metric_node_count,139255.0,139255.0,0.0,0.0,5
FAFB,false_synapses,0.5,basic_structure,metric_edge_count,5342446.0,5369158.0,0.49999569485587686,0.0,5
FAFB,false_synapses,0.5,basic_structure,metric_total_synapses,50666648.0,50749980.0,0.16447111322619962,0.0005512597781722532,5
FAFB,false_synapses,0.5,basic_structure,metric_weight_mean,9.48379225545752,9.452130110531296,-0.3338553194056171,0.0005485172157083213,5
FAFB,false_synapses,0.5,basic_structure,metric_weight_variance,218.34257980101398,217.46951978664242,-0.3998578816679833,0.000317075709066935,5
FAFB,false_synapses,0.5,basic_structure,metric_weight_std,14.776419722010266,14.746847791514345,-0.20012919944248758,0.0001588559049012887,5
FAFB,false_synapses,0.5,basic_structure,metric_weight_max,2633.0,2633.0,0.0,0.0,5
FAFB,false_synapses,0.5,basic_structure,metric_density,0.0002755000389527,0.0002768775272868,0.4999956948596078,0.0,5
FAFB,false_synapses,0.5,degree_distribution,metric_total_degree_mean,76.72896484865893,77.11260636960971,0.49999569485587836,0.0,5
FAFB,false_synapses,0.5,degree_distribution,metric_in_degree_mean,38.364482424329466,38.55630318480485,0.49999569485585976,0.0,5
FAFB,false_synapses,0.5,degree_distribution,metric_out_degree_mean,38.364482424329466,38.55630318480485,0.49999569485585976,0.0,5
FAFB,false_synapses,0.5,degree_distribution,metric_total_degree_std,199.8282025654068,199.79619855691018,-0.01601576158207117,0.0002753314671965015,5
FAFB,false_synapses,0.5,degree_distribution,metric_in_degree_max,14786.0,14786.0,0.0,0.0,5
FAFB,false_synapses,0.5,degree_distribution,metric_out_degree_max,14000.0,14000.0,0.0,0.0,5
FAFB,false_synapses,0.5,assortativity,metric_degree_assortativity,-0.0358426018002618,-0.03557492382444159,0.7468151372266035,0.000716833245893393,5
FAFB,false_synapses,0.5,connected_components,metric_wcc_count,875.0,875.0,0.0,0.0,5
FAFB,false_synapses,0.5,connected_components,metric_wcc_max_size,136997.0,136997.0,0.0,0.0,5
FAFB,false_synapses,0.5,connected_components,metric_scc_count,11120.0,10476.4,-5.787769784172665,0.14271103902789478,5
FAFB,false_synapses,0.5,connected_components,metric_scc_max_size,127536.0,127971.8,0.341707439468074,0.006280574706592896,5
FAFB,false_synapses,0.5,reciprocity,metric_reciprocity,0.1647380244929008,0.16479515037553372,0.03467680446501406,0.004876128170480579,5
FAFB,false_synapses,0.75,basic_structure,metric_node_count,139255.0,139255.0,0.0,0.0,5
FAFB,false_synapses,0.75,basic_structure,metric_edge_count,5342446.0,5382514.0,0.7499935422838153,0.0,5
FAFB,false_synapses,0.75,basic_structure,metric_total_synapses,50666648.0,50791391.2,0.24620377491718612,0.00047979854594941163,5
FAFB,false_synapses,0.75,basic_structure,metric_weight_mean,9.48379225545752,9.43636954776151,-0.5000395033824119,0.00047622687514008166,5
FAFB,false_synapses,0.75,basic_structure,metric_weight_variance,218.34257980101398,217.03604909915674,-0.5983856667114335,0.00025635209919657056,5
FAFB,false_synapses,0.75,basic_structure,metric_weight_std,14.776419722010266,14.732143397985094,-0.2996417593581155,0.00012856122710763082,5
FAFB,false_synapses,0.75,basic_structure,metric_weight_max,2633.0,2633.0,0.0,0.0,5
FAFB,false_synapses,0.75,basic_structure,metric_density,0.0002755000389527,0.0002775662714539,0.7499935423075538,0.0,5
FAFB,false_synapses,0.75,degree_distribution,metric_total_degree_mean,76.72896484865893,77.3044271300851,0.7499935422838268,0.0,5
FAFB,false_synapses,0.75,degree_distribution,metric_in_degree_mean,38.364482424329466,38.65221356504255,0.7499935422838268,0.0,5
FAFB,false_synapses,0.75,degree_distribution,metric_out_degree_mean,38.364482424329466,38.65221356504255,0.7499935422838268,0.0,5
FAFB,false_synapses,0.75,degree_distribution,metric_total_degree_std,199.8282025654068,199.82445798220678,-0.0018739012571519782,0.0005244860379247348,5
FAFB,false_synapses,0.75,degree_distribution,metric_in_degree_max,14786.0,14786.0,0.0,0.0,5
FAFB,false_synapses,0.75,degree_distribution,metric_out_degree_max,14000.0,14000.0,0.0,0.0,5
FAFB,false_synapses,0.75,assortativity,metric_degree_assortativity,-0.0358426018002618,-0.03547783601513172,1.0176877983434163,0.00218791671881663,5
FAFB,false_synapses,0.75,connected_components,metric_wcc_count,875.0,875.0,0.0,0.0,5
FAFB,false_synapses,0.75,connected_components,metric_wcc_max_size,136997.0,136997.0,0.0,0.0,5
FAFB,false_synapses,0.75,connected_components,metric_scc_count,11120.0,10413.0,-6.3579136690647475,0.13277718579346584,5
FAFB,false_synapses,0.75,connected_components,metric_scc_max_size,127536.0,128026.8,0.3848325178773075,0.010143621646466082,5
FAFB,false_synapses,0.75,reciprocity,metric_reciprocity,0.1647380244929008,0.16497852118916922,0.1459873620609081,0.005778063669865544,5
FAFB,false_synapses,1.0,basic_structure,metric_node_count,139255.0,139255.0,0.0,0.0,5
FAFB,false_synapses,1.0,basic_structure,metric_edge_count,5342446.0,5395870.0,0.9999913897117537,0.0,5
FAFB,false_synapses,1.0,basic_structure,metric_total_synapses,50666648.0,50833299.2,0.32891696328520287,0.0003765000476619847,5
FAFB,false_synapses,1.0,basic_structure,metric_weight_mean,9.48379225545752,9.420779077331366,-0.6644301818177447,0.00037277235620019933,5
FAFB,false_synapses,1.0,basic_structure,metric_weight_variance,218.34257980101398,216.60310861050593,-0.7966706228777358,0.00019559604061045586,5
FAFB,false_synapses,1.0,basic_structure,metric_weight_std,14.776419722010266,14.717442325699647,-0.3991318426260498,9.818993386212317e-05,5
FAFB,false_synapses,1.0,basic_structure,metric_weight_max,2633.0,2633.0,0.0,0.0,5
FAFB,false_synapses,1.0,basic_structure,metric_density,0.0002755000389527,0.0002782550156209,0.9999913897191959,0.0,5
FAFB,false_synapses,1.0,degree_distribution,metric_total_degree_mean,76.72896484865893,77.49624789056048,0.9999913897117567,0.0,5
FAFB,false_synapses,1.0,degree_distribution,metric_in_degree_mean,38.364482424329466,38.74812394528024,0.9999913897117567,0.0,5
FAFB,false_synapses,1.0,degree_distribution,metric_out_degree_mean,38.364482424329466,38.74812394528024,0.9999913897117567,0.0,5
FAFB,false_synapses,1.0,degree_distribution,metric_total_degree_std,199.8282025654068,199.85746168892396,0.014642139168312465,0.0007651557774005254,5
FAFB,false_synapses,1.0,degree_distribution,metric_in_degree_max,14786.0,14786.0,0.0,0.0,5
FAFB,false_synapses,1.0,degree_distribution,metric_out_degree_max,14000.0,14000.0,0.0,0.0,5
FAFB,false_synapses,1.0,assortativity,metric_degree_assortativity,-0.0358426018002618,-0.03538264406822735,1.2832710487861156,0.0025204205004798505,5
FAFB,false_synapses,1.0,connected_components,metric_wcc_count,875.0,875.0,0.0,0.0,5
FAFB,false_synapses,1.0,connected_components,metric_wcc_max_size,136997.0,136997.0,0.0,0.0,5
FAFB,false_synapses,1.0,connected_components,metric_scc_count,11120.0,10361.6,-6.820143884892083,0.07852115090986717,5
FAFB,false_synapses,1.0,connected_components,metric_scc_max_size,127536.0,128072.0,0.420273491406348,0.00885712034026028,5
FAFB,false_synapses,1.0,reciprocity,metric_reciprocity,0.1647380244929008,0.16510479311028617,0.222637498849689,0.008513056366301227,5
FAFB,false_synapses,2.0,basic_structure,metric_node_count,139255.0,139255.0,0.0,0.0,5
FAFB,false_synapses,2.0,basic_structure,metric_edge_count,5342446.0,5449295.0,2.000001497441434,0.0,5
FAFB,false_synapses,2.0,basic_structure,metric_total_synapses,50666648.0,50999979.4,0.6578911634335837,0.000420584063464609,5
FAFB,false_synapses,2.0,basic_structure,metric_weight_mean,9.48379225545752,9.359005045606818,-1.3157944257888183,0.0004123373110688107,5
FAFB,false_synapses,2.0,basic_structure,metric_weight_variance,218.34257980101398,214.88989802556534,-1.5813139968370953,0.00022039247503533686,5
FAFB,false_synapses,2.0,basic_structure,metric_weight_std,14.776419722010266,14.659123371651386,-0.793807651417482,0.00011107798358328695,5
FAFB,false_synapses,2.0,basic_structure,metric_weight_max,2633.0,2633.0,0.0,0.0,5
FAFB,false_synapses,2.0,basic_structure,metric_density,0.0002755000389527,0.0002810100438572,2.0000014974393543,0.0,5
FAFB,false_synapses,2.0,degree_distribution,metric_total_degree_mean,76.72896484865893,78.26354529460343,2.0000014974414455,0.0,5
FAFB,false_synapses,2.0,degree_distribution,metric_in_degree_mean,38.364482424329466,39.13177264730172,2.000001497441464,0.0,5
FAFB,false_synapses,2.0,degree_distribution,metric_out_degree_mean,38.364482424329466,39.13177264730172,2.000001497441464,0.0,5
FAFB,false_synapses,2.0,degree_distribution,metric_total_degree_std,199.8282025654068,200.0291795163542,0.10057486799522697,0.0011218780768845883,5
FAFB,false_synapses,2.0,degree_distribution,metric_in_degree_max,14786.0,14786.0,0.0,0.0,5
FAFB,false_synapses,2.0,degree_distribution,metric_out_degree_max,14000.0,14000.0,0.0,0.0,5
FAFB,false_synapses,2.0,assortativity,metric_degree_assortativity,-0.0358426018002618,-0.0350312203570338,2.263734780609806,0.0015107787047109228,5
FAFB,false_synapses,2.0,connected_components,metric_wcc_count,875.0,875.0,0.0,0.0,5
FAFB,false_synapses,2.0,connected_components,metric_wcc_max_size,136997.0,136997.0,0.0,0.0,5
FAFB,false_synapses,2.0,connected_components,metric_scc_count,11120.0,9987.8,-10.181654676259,0.10100806533884155,5
FAFB,false_synapses,2.0,connected_components,metric_scc_max_size,127536.0,128189.8,0.5126395684355812,0.0066790676950968676,5
FAFB,false_synapses,2.0,reciprocity,metric_reciprocity,0.1647380244929008,0.1656027064051404,0.5248830164749765,0.00983006730706892,5
FAFB,false_synapses,5.0,basic_structure,metric_node_count,139255.0,139255.0,0.0,0.0,5
FAFB,false_synapses,5.0,basic_structure,metric_edge_count,5342446.0,5609568.0,4.999994384594622,0.0,5
FAFB,false_synapses,5.0,basic_structure,metric_total_synapses,50666648.0,51499584.6,1.643954421456895,0.0018202719986862282,5
FAFB,false_synapses,5.0,basic_structure,metric_weight_mean,9.48379225545752,9.180668564852052,-3.1962287072561346,0.0017335924724104373,5
FAFB,false_synapses,5.0,basic_structure,metric_weight_variance,218.34257980101398,209.90445813442503,-3.864624881816006,0.0009101643414868845,5
FAFB,false_synapses,5.0,basic_structure,metric_weight_std,14.776419722010266,14.488079863450551,-1.9513513014943462,0.0004641391564880482,5
FAFB,false_synapses,5.0,basic_structure,metric_weight_max,2633.0,2633.0,0.0,0.0,5
FAFB,false_synapses,5.0,basic_structure,metric_density,0.0002755000389527,0.0002892750254299,4.999994384597904,0.0,5
FAFB,false_synapses,5.0,degree_distribution,metric_total_degree_mean,76.72896484865893,80.56540878244947,4.99999438459463,0.0,5
FAFB,false_synapses,5.0,degree_distribution,metric_in_degree_mean,38.364482424329466,40.28270439122473,4.99999438459463,0.0,5
FAFB,false_synapses,5.0,degree_distribution,metric_out_degree_mean,38.364482424329466,40.28270439122473,4.99999438459463,0.0,5
FAFB,false_synapses,5.0,degree_distribution,metric_total_degree_std,199.8282025654068,200.89326015639264,0.5329866241664437,0.0024247971522459847,5
FAFB,false_synapses,5.0,degree_distribution,metric_in_degree_max,14786.0,14786.0,0.0,0.0,5
FAFB,false_synapses,5.0,degree_distribution,metric_out_degree_max,14000.0,14000.0,0.0,0.0,5
FAFB,false_synapses,5.0,assortativity,metric_degree_assortativity,-0.0358426018002618,-0.033909366807802,5.393679296031685,0.009927102945466094,5
FAFB,false_synapses,5.0,connected_components,metric_wcc_count,875.0,875.0,0.0,0.0,5
FAFB,false_synapses,5.0,connected_components,metric_wcc_max_size,136997.0,136997.0,0.0,0.0,5
FAFB,false_synapses,5.0,connected_components,metric_scc_count,11120.0,9731.2,-12.489208633093519,0.0631804606843536,5
FAFB,false_synapses,5.0,connected_components,metric_scc_max_size,127536.0,128403.6,0.6802785095972947,0.004283182876598814,5
FAFB,false_synapses,5.0,reciprocity,metric_reciprocity,0.1647380244929008,0.16710513180337588,1.4368918880516899,0.015125218814914526,5
FAFB,false_synapses,10.0,basic_structure,metric_node_count,139255.0,139255.0,0.0,0.0,5
FAFB,false_synapses,10.0,basic_structure,metric_edge_count,5342446.0,5876691.0,10.00000748720717,0.0,5
FAFB,false_synapses,10.0,basic_structure,metric_total_synapses,50666648.0,52332945.6,3.2887464748013358,0.0018843499338356737,5
FAFB,false_synapses,10.0,basic_structure,metric_weight_mean,9.48379225545752,8.905172247443332,-6.101145959636729,0.0017130452778007256,5
FAFB,false_synapses,10.0,basic_structure,metric_weight_variance,218.34257980101398,202.07316917986842,-7.451322887167798,0.0008015254873674863,5
FAFB,false_synapses,10.0,basic_structure,metric_weight_std,14.776419722010266,14.21524425312767,-3.7977769949691846,0.0004165834258731213,5
FAFB,false_synapses,10.0,basic_structure,metric_weight_max,2633.0,2633.0,0.0,0.0,5
FAFB,false_synapses,10.0,basic_structure,metric_density,0.0002755000389527,0.0003030500634753,10.000007487233074,0.0,5
FAFB,false_synapses,10.0,degree_distribution,metric_total_degree_mean,76.72896484865893,84.40186707838139,10.000007487207172,0.0,5
FAFB,false_synapses,10.0,degree_distribution,metric_in_degree_mean,38.364482424329466,42.20093353919069,10.000007487207172,0.0,5
FAFB,false_synapses,10.0,degree_distribution,metric_out_degree_mean,38.364482424329466,42.20093353919069,10.000007487207172,0.0,5
FAFB,false_synapses,10.0,degree_distribution,metric_total_degree_std,199.8282025654068,202.11939010416603,1.1465786657462884,0.005074002452337238,5
FAFB,false_synapses,10.0,degree_distribution,metric_in_degree_max,14786.0,14786.0,0.0,0.0,5
FAFB,false_synapses,10.0,degree_distribution,metric_out_degree_max,14000.0,14000.0,0.0,0.0,5
FAFB,false_synapses,10.0,assortativity,metric_degree_assortativity,-0.0358426018002618,-0.03244128732830094,9.489585859071251,0.03305386594083805,5
FAFB,false_synapses,10.0,connected_components,metric_wcc_count,875.0,875.0,0.0,0.0,5
FAFB,false_synapses,10.0,connected_components,metric_wcc_max_size,136997.0,136997.0,0.0,0.0,5
FAFB,false_synapses,10.0,connected_components,metric_scc_count,11120.0,9411.2,-15.366906474820139,0.13607395913221393,5
FAFB,false_synapses,10.0,connected_components,metric_scc_max_size,127536.0,128670.2,0.8893175260318633,0.011203469514171215,5
FAFB,false_synapses,10.0,reciprocity,metric_reciprocity,0.1647380244929008,0.1711538006677567,3.894532664577631,0.024835864546451362,5
FAFB,false_synapses,15.0,basic_structure,metric_node_count,139255.0,139255.0,0.0,0.0,5
FAFB,false_synapses,15.0,basic_structure,metric_edge_count,5342446.0,6143813.0,15.000001871801793,0.0,5
FAFB,false_synapses,15.0,basic_structure,metric_total_synapses,50666648.0,53166065.2,4.933062080601825,0.0023687707154434285,5
FAFB,false_synapses,15.0,basic_structure,metric_weight_mean,9.48379225545752,8.653594306988186,-8.75386054551743,0.002059800588596758,5
FAFB,false_synapses,15.0,basic_structure,metric_weight_variance,218.34257980101398,194.7905845158155,-10.786716593099948,0.0009923888376694205,5
FAFB,false_synapses,15.0,basic_structure,metric_weight_std,14.776419722010266,13.956739752169549,-5.547216343751795,0.000525336059431238,5
FAFB,false_synapses,15.0,basic_structure,metric_weight_max,2633.0,2633.0,0.0,0.0,5
FAFB,false_synapses,15.0,basic_structure,metric_density,0.0002755000389527,0.0003168250499525,15.000001871830959,0.0,5
FAFB,false_synapses,15.0,degree_distribution,metric_total_degree_mean,76.72896484865893,88.23831101217192,15.000001871801802,0.0,5
FAFB,false_synapses,15.0,degree_distribution,metric_in_degree_mean,38.364482424329466,44.11915550608596,15.000001871801802,0.0,5
FAFB,false_synapses,15.0,degree_distribution,metric_out_degree_mean,38.364482424329466,44.11915550608596,15.000001871801802,0.0,5
FAFB,false_synapses,15.0,degree_distribution,metric_total_degree_std,199.8282025654068,203.51576453968283,1.84536613297567,0.004493298143946631,5
FAFB,false_synapses,15.0,degree_distribution,metric_in_degree_max,14786.0,14786.0,0.0,0.0,5
FAFB,false_synapses,15.0,degree_distribution,metric_out_degree_max,14000.0,14000.0,0.0,0.0,5
FAFB,false_synapses,15.0,assortativity,metric_degree_assortativity,-0.0358426018002618,-0.031120289691581142,13.175137605792244,0.02250625119286364,5
FAFB,false_synapses,15.0,connected_components,metric_wcc_count,875.0,875.0,0.0,0.0,5
FAFB,false_synapses,15.0,connected_components,metric_wcc_max_size,136997.0,136997.0,0.0,0.0,5
FAFB,false_synapses,15.0,connected_components,metric_scc_count,11120.0,9225.2,-17.039568345323737,0.14933473924206528,5
FAFB,false_synapses,15.0,connected_components,metric_scc_max_size,127536.0,128865.0,1.0420587128340233,0.013840951049815723,5
FAFB,false_synapses,15.0,reciprocity,metric_reciprocity,0.1647380244929008,0.17499516993762662,6.226337529723052,0.013608321794037061,5
FAFB,false_synapses,20.0,basic_structure,metric_node_count,139255.0,139255.0,0.0,0.0,5
FAFB,false_synapses,20.0,basic_structure,metric_edge_count,5342446.0,6410935.0,19.999996256396415,0.0,5
FAFB,false_synapses,20.0,basic_structure,metric_total_synapses,50666648.0,53999477.2,6.577954791878087,0.004103408873193488,5
FAFB,false_synapses,20.0,basic_structure,metric_weight_mean,9.48379225545752,8.423026781584902,-11.185034902701418,0.0034195075010072535,5
FAFB,false_synapses,20.0,basic_structure,metric_weight_variance,218.34257980101398,188.00294282793067,-13.895428459594678,0.0015589533965150477,5
FAFB,false_synapses,20.0,basic_structure,metric_weight_std,14.776419722010266,13.711416513713072,-7.207450981585306,0.0008400220805679873,5
FAFB,false_synapses,20.0,basic_structure,metric_weight_max,2633.0,2633.0,0.0,0.0,5
FAFB,false_synapses,20.0,basic_structure,metric_density,0.0002755000389527,0.0003306000364296,19.999996256392556,0.0,5
FAFB,false_synapses,20.0,degree_distribution,metric_total_degree_mean,76.72896484865893,92.07475494596244,19.999996256396415,0.0,5
FAFB,false_synapses,20.0,degree_distribution,metric_in_degree_mean,38.364482424329466,46.03737747298122,19.999996256396415,0.0,5
FAFB,false_synapses,20.0,degree_distribution,metric_out_degree_mean,38.364482424329466,46.03737747298122,19.999996256396415,0.0,5
FAFB,false_synapses,20.0,degree_distribution,metric_total_degree_std,199.8282025654068,204.90311431240434,2.5396373894402857,0.0029294058361263877,5
FAFB,false_synapses,20.0,degree_distribution,metric_in_degree_max,14786.0,14786.0,0.0,0.0,5
FAFB,false_synapses,20.0,degree_distribution,metric_out_degree_max,14000.0,14000.0,0.0,0.0,5
FAFB,false_synapses,20.0,assortativity,metric_degree_assortativity,-0.0358426018002618,-0.030074841865342216,16.091911985243932,0.05669087218858195,5
FAFB,false_synapses,20.0,connected_components,metric_wcc_count,875.0,875.0,0.0,0.0,5
FAFB,false_synapses,20.0,connected_components,metric_wcc_max_size,136997.0,136997.0,0.0,0.0,5
FAFB,false_synapses,20.0,connected_components,metric_scc_count,11120.0,9071.2,-18.42446043165467,0.07380677888015537,5
FAFB,false_synapses,20.0,connected_components,metric_scc_max_size,127536.0,129090.2,1.2186363066114643,0.01083523690259986,5
FAFB,false_synapses,20.0,reciprocity,metric_reciprocity,0.1647380244929008,0.17784812979697967,7.958153768344994,0.03143467588092874,5
FAFB,merge_errors,0.5,basic_structure,metric_node_count,139255.0,138951.0,-0.21830454920828696,0.0,2
FAFB,merge_errors,0.5,basic_structure,metric_edge_count,5342446.0,5327119.0,-0.2868910607613067,0.0002620522509726818,2
FAFB,merge_errors,0.5,basic_structure,metric_total_synapses,50666648.0,50665550.0,-0.002167106061565391,0.000600000221052713,2
FAFB,merge_errors,0.5,basic_structure,metric_weight_mean,9.48379225545752,9.510872575053957,0.28554315475283004,0.0008652831643335145,2
FAFB,merge_errors,0.5,basic_structure,metric_weight_variance,218.34257980101395,219.94275037867985,0.7328715173761363,0.08095059058609773,2
FAFB,merge_errors,0.5,basic_structure,metric_weight_std,14.776419722010266,14.830465767094164,0.3657587297915909,0.04032779287009672,2
FAFB,merge_errors,0.5,basic_structure,metric_weight_max,2633.0,2633.0,0.0,0.0,2
FAFB,merge_errors,0.5,basic_structure,metric_density,0.0002755000389527,0.00027591300465134997,0.14989678412382718,0.00026320016242414987,2
FAFB,merge_errors,0.5,degree_distribution,metric_total_degree_mean,76.72896484865893,76.6762239926305,-0.06873656660488298,0.00026262557454336113,2
FAFB,merge_errors,0.5,degree_distribution,metric_in_degree_mean,38.364482424329466,38.33811199631525,-0.06873656660488298,0.00026262557455262157,2
FAFB,merge_errors,0.5,degree_distribution,metric_out_degree_mean,38.364482424329466,38.33811199631525,-0.06873656660488298,0.00026262557455262157,2
FAFB,merge_errors,0.5,degree_distribution,metric_total_degree_std,199.8282025654068,198.77578941399463,-0.5266589690049867,0.08261520504551235,2
FAFB,merge_errors,0.5,degree_distribution,metric_in_degree_max,14786.0,14625.5,-1.0854862707966995,0.28743405924523197,2
FAFB,merge_errors,0.5,degree_distribution,metric_out_degree_max,14000.0,13848.0,-1.0857142857142856,0.2857142857142857,2
FAFB,merge_errors,0.5,assortativity,metric_degree_assortativity,-0.0358426018002618,-0.035987297622634556,-0.4036978765634603,0.12874554722395526,2
FAFB,merge_errors,0.5,connected_components,metric_wcc_count,875.0,875.0,0.0,0.0,2
FAFB,merge_errors,0.5,connected_components,metric_wcc_max_size,136997.0,136693.0,-0.22190266940151976,0.0,2
FAFB,merge_errors,0.5,connected_components,metric_scc_count,11120.0,11115.5,-0.040467625899280574,0.0044964028776978415,2
FAFB,merge_errors,0.5,connected_components,metric_scc_max_size,127536.0,127236.5,-0.2348356542466441,0.000392046167356668,2
FAFB,merge_errors,0.5,reciprocity,metric_reciprocity,0.1647380244929008,0.1647092922549396,-0.017441169426200238,0.010746146342591766,2
FAFB,merge_errors,1.0,basic_structure,metric_node_count,139255.0,138647.0,-0.4366090984165739,0.0,2
FAFB,merge_errors,1.0,basic_structure,metric_edge_count,5342446.0,5312816.0,-0.5546148711657545,0.01772596297650926,2
FAFB,merge_errors,1.0,basic_structure,metric_total_synapses,50666648.0,50664740.5,-0.0037648040186120065,0.0007726976530991354,2
FAFB,merge_errors,1.0,basic_structure,metric_weight_mean,9.48379225545752,9.536325376214364,0.5539252583966539,0.017146551232659547,2
FAFB,merge_errors,1.0,basic_structure,metric_weight_variance,218.34257980101395,221.31919677320008,1.363278282641368,0.14745985385249133,2
FAFB,merge_errors,1.0,basic_structure,metric_weight_std,14.776419722010266,14.87679668733288,0.6793050496061424,0.07323245516038887,2
FAFB,merge_errors,1.0,basic_structure,metric_weight_max,2633.0,2633.0,0.0,0.0,2
FAFB,merge_errors,1.0,basic_structure,metric_density,0.0002755000389527,0.000276380217176,0.319483883431009,0.017881769522528103,2
FAFB,merge_errors,1.0,degree_distribution,metric_total_degree_mean,76.72896484865893,76.63802318117233,-0.11852325606891488,0.01780369553105384,2
FAFB,merge_errors,1.0,degree_distribution,metric_in_degree_mean,38.364482424329466,38.319011590586165,-0.11852325606891488,0.01780369553105384,2
FAFB,merge_errors,1.0,degree_distribution,metric_out_degree_mean,38.364482424329466,38.319011590586165,-0.11852325606891488,0.01780369553105384,2
FAFB,merge_errors,1.0,degree_distribution,metric_total_degree_std,199.8282025654068,197.9248190396388,-0.9525099567189401,0.18118286533448746,2
FAFB,merge_errors,1.0,degree_distribution,metric_in_degree_max,14786.0,14474.5,-2.106722575409171,0.4429866089544163,2
FAFB,merge_errors,1.0,degree_distribution,metric_out_degree_max,14000.0,13703.5,-2.117857142857143,0.43214285714285716,2
FAFB,merge_errors,1.0,assortativity,metric_degree_assortativity,-0.0358426018002618,-0.0360672210729307,-0.6266823874020664,0.20867391005569783,2
FAFB,merge_errors,1.0,connected_components,metric_wcc_count,875.0,875.0,0.0,0.0,2
FAFB,merge_errors,1.0,connected_components,metric_wcc_max_size,136997.0,136389.0,-0.4438053388030395,0.0,2
FAFB,merge_errors,1.0,connected_components,metric_scc_count,11120.0,11112.5,-0.06744604316546762,0.02248201438848921,2
FAFB,merge_errors,1.0,connected_components,metric_scc_max_size,127536.0,126935.5,-0.4708474469953582,0.0019602308367833395,2
FAFB,merge_errors,1.0,reciprocity,metric_reciprocity,0.1647380244929008,0.1647066163928809,-0.019065482979155977,0.0340510816304118,2
FAFB,merge_errors,2.0,basic_structure,metric_node_count,139255.0,138039.0,-0.8732181968331478,0.0,2
FAFB,merge_errors,2.0,basic_structure,metric_edge_count,5342446.0,5245872.5,-1.807664504236449,0.03611641558941354,2
FAFB,merge_errors,2.0,basic_structure,metric_total_synapses,50666648.0,50658729.5,-0.015628624178966804,0.0012128293942003032,2
FAFB,merge_errors,2.0,basic_structure,metric_weight_mean,9.48379225545752,9.656875301383822,1.825040461284893,0.03868772851719108,2
FAFB,merge_errors,2.0,basic_structure,metric_weight_variance,218.34257980101395,227.36208523953354,4.130896248793751,0.22596284311107878,2
FAFB,merge_errors,2.0,basic_structure,metric_weight_std,14.776419722010266,15.078521730784306,2.044487192821436,0.1107178101077083,2
FAFB,merge_errors,2.0,basic_structure,metric_weight_max,2633.0,2633.0,0.0,0.0,2
FAFB,merge_errors,2.0,basic_structure,metric_density,0.0002755000389527,0.00027530700901685,-0.07006530256175847,0.03675552712621865,2
FAFB,merge_errors,2.0,degree_distribution,metric_total_degree_mean,76.72896484865893,76.00565782134035,-0.9426779427368035,0.03643456887476191,2
FAFB,merge_errors,2.0,degree_distribution,metric_in_degree_mean,38.364482424329466,38.002828910670175,-0.9426779427368035,0.03643456887476191,2
FAFB,merge_errors,2.0,degree_distribution,metric_out_degree_mean,38.364482424329466,38.002828910670175,-0.9426779427368035,0.03643456887476191,2
FAFB,merge_errors,2.0,degree_distribution,metric_total_degree_std,199.8282025654068,177.73233663308235,-11.057431157692635,0.048268039918410444,2
FAFB,merge_errors,2.0,degree_distribution,metric_in_degree_max,14786.0,14016.5,-5.204247260922494,0.023671040173136752,2
FAFB,merge_errors,2.0,degree_distribution,metric_out_degree_max,14000.0,13151.5,-6.060714285714286,0.075,2
FAFB,merge_errors,2.0,assortativity,metric_degree_assortativity,-0.0358426018002618,-0.03423569353774405,4.483235540412185,0.10723610221641063,2
FAFB,merge_errors,2.0,connected_components,metric_wcc_count,875.0,875.0,0.0,0.0,2
FAFB,merge_errors,2.0,connected_components,metric_wcc_max_size,136997.0,135781.0,-0.887610677606079,0.0,2
FAFB,merge_errors,2.0,connected_components,metric_scc_count,11120.0,11102.5,-0.15737410071942445,0.013489208633093525,2
FAFB,merge_errors,2.0,connected_components,metric_scc_max_size,127536.0,126338.5,-0.9389505708192197,0.0019602308367833395,2
FAFB,merge_errors,2.0,reciprocity,metric_reciprocity,0.1647380244929008,0.15996100054780737,-2.8997700802823894,0.004356049829929413,2
FAFB,merge_errors,3.0,basic_structure,metric_node_count,139255.0,137431.0,-1.3098272952497219,0.0,2
FAFB,merge_errors,3.0,basic_structure,metric_edge_count,5342446.0,5214693.5,-2.3912735851705382,0.10702026749545059,2
FAFB,merge_errors,3.0,basic_structure,metric_total_synapses,50666648.0,50655291.0,-0.022415139837156782,2.9605274065100972e-05,2
FAFB,merge_errors,3.0,basic_structure,metric_weight_mean,9.48379225545752,9.713965332447565,2.4270151727289297,0.11227281041006355,2
FAFB,merge_errors,3.0,basic_structure,metric_weight_variance,218.34257980101395,233.02613466797902,6.725007499841255,1.026319487672418,2
FAFB,merge_errors,3.0,basic_structure,metric_weight_std,14.776419722010266,15.26501710336379,3.306601941103049,0.4967347044565157,2
FAFB,merge_errors,3.0,basic_structure,metric_weight_max,2633.0,2633.0,0.0,0.0,2
FAFB,merge_errors,3.0,basic_structure,metric_density,0.0002755000389527,0.00027609753814985,0.21687808082400473,0.1098799000177196,2
FAFB,merge_errors,3.0,degree_distribution,metric_total_degree_mean,76.72896484865893,75.88816933588492,-1.095799369159225,0.108440652764515,2
FAFB,merge_errors,3.0,degree_distribution,metric_in_degree_mean,38.364482424329466,37.94408466794246,-1.095799369159225,0.108440652764515,2
FAFB,merge_errors,3.0,degree_distribution,metric_out_degree_mean,38.364482424329466,37.94408466794246,-1.095799369159225,0.108440652764515,2
FAFB,merge_errors,3.0,degree_distribution,metric_total_degree_std,199.8282025654068,176.4594912631979,-11.694400991551717,0.08902873446554904,2
FAFB,merge_errors,3.0,degree_distribution,metric_in_degree_max,14786.0,13715.5,-7.239956715812255,0.15893412687677533,2
FAFB,merge_errors,3.0,degree_distribution,metric_out_degree_max,14000.0,12874.5,-8.039285714285715,0.23214285714285715,2
FAFB,merge_errors,3.0,assortativity,metric_degree_assortativity,-0.0358426018002618,-0.03449210868263815,3.7678434315384735,0.0307534992447705,2
FAFB,merge_errors,3.0,connected_components,metric_wcc_count,875.0,875.0,0.0,0.0,2
FAFB,merge_errors,3.0,connected_components,metric_wcc_max_size,136997.0,135173.0,-1.3314160164091184,0.0,2
FAFB,merge_errors,3.0,connected_components,metric_scc_count,11120.0,11081.0,-0.35071942446043164,0.017985611510791366,2
FAFB,merge_errors,3.0,connected_components,metric_scc_max_size,127536.0,125752.0,-1.3988207251285911,0.000784092334713336,2
FAFB,merge_errors,3.0,reciprocity,metric_reciprocity,0.1647380244929008,0.1598015806556469,-2.996541844209514,0.07814771806326251,2
FAFB,merge_errors,5.0,basic_structure,metric_node_count,139255.0,136216.0,-2.1823273850131053,0.0,2
FAFB,merge_errors,5.0,basic_structure,metric_edge_count,5342446.0,5147422.0,-3.6504627281211643,0.05330891505501413,2
FAFB,merge_errors,5.0,basic_structure,metric_total_synapses,50666648.0,50648500.0,-0.03581843424889683,0.0007796055503809921,2
FAFB,merge_errors,5.0,basic_structure,metric_weight_mean,9.48379225545752,9.839588773444854,3.7516270749455614,0.058213535720125775,2
FAFB,merge_errors,5.0,basic_structure,metric_weight_variance,218.34257980101395,246.52574614332335,12.907773814889456,0.597169545588101,2
FAFB,merge_errors,5.0,basic_structure,metric_weight_std,14.776419722010266,15.701083468381322,6.257698168885392,0.2810006031934616,2
FAFB,merge_errors,5.0,basic_structure,metric_weight_max,2633.0,2636.5,0.1329282187618686,0.1329282187618686,2
FAFB,merge_errors,5.0,basic_structure,metric_density,0.0002755000389527,0.00027741932878835,0.6966568291409714,0.05571411838397656,2
FAFB,merge_errors,5.0,degree_distribution,metric_total_degree_mean,76.72896484865893,75.57734774182181,-1.50088966938181,0.05449824518400998,2
FAFB,merge_errors,5.0,degree_distribution,metric_in_degree_mean,38.364482424329466,37.788673870910905,-1.50088966938181,0.05449824518400998,2
FAFB,merge_errors,5.0,degree_distribution,metric_out_degree_mean,38.364482424329466,37.788673870910905,-1.50088966938181,0.05449824518400998,2
FAFB,merge_errors,5.0,degree_distribution,metric_total_degree_std,199.8282025654068,174.29073719341665,-12.779710293211167,0.08671193684209234,2
FAFB,merge_errors,5.0,degree_distribution,metric_in_degree_max,14786.0,13211.5,-10.648586500743946,0.11159204653050184,2
FAFB,merge_errors,5.0,degree_distribution,metric_out_degree_max,14000.0,12398.5,-11.439285714285715,0.017857142857142856,2
FAFB,merge_errors,5.0,assortativity,metric_degree_assortativity,-0.0358426018002618,-0.03477892691107695,2.9676274482314002,0.06635243912058184,2
FAFB,merge_errors,5.0,connected_components,metric_wcc_count,875.0,875.0,0.0,0.0,2
FAFB,merge_errors,5.0,connected_components,metric_wcc_max_size,136997.0,133958.0,-2.218296751023745,0.0,2
FAFB,merge_errors,5.0,connected_components,metric_scc_count,11120.0,11048.5,-0.6429856115107914,0.03147482014388489,2
FAFB,merge_errors,5.0,connected_components,metric_scc_max_size,127536.0,124572.0,-2.324049680090327,0.001568184669426672,2
FAFB,merge_errors,5.0,reciprocity,metric_reciprocity,0.1647380244929008,0.15934899734072785,-3.2712709580933246,0.09919784582550102,2
FAFB,merge_errors,7.5,basic_structure,metric_node_count,139255.0,134696.0,-3.2738501310545405,0.0,2
FAFB,merge_errors,7.5,basic_structure,metric_edge_count,5342446.0,5041628.5,-5.630707357641051,0.022564570610540565,2
FAFB,merge_errors,7.5,basic_structure,metric_total_synapses,50666648.0,50640376.0,-0.05185265068255551,0.0011664477981649783,2
FAFB,merge_errors,7.5,basic_structure,metric_weight_mean,9.48379225545752,10.04444874043927,5.911733090305902,0.02656052079478885,2
FAFB,merge_errors,7.5,basic_structure,metric_weight_variance,218.34257980101395,265.773517323628,21.723173540332883,0.4874023266589319,2
FAFB,merge_errors,7.5,basic_structure,metric_weight_std,14.776419722010266,16.30252900621969,10.32800443490518,0.22088785578756095,2
FAFB,merge_errors,7.5,basic_structure,metric_weight_max,2633.0,2636.5,0.1329282187618686,0.1329282187618686,2
FAFB,merge_errors,7.5,basic_structure,metric_density,0.0002755000389527,0.0002778847202636,0.8655829305742667,0.02411789368618804,2
FAFB,merge_errors,7.5,degree_distribution,metric_total_degree_mean,76.72896484865893,74.85936479182752,-2.436628801807813,0.023328304332505274,2
FAFB,merge_errors,7.5,degree_distribution,metric_in_degree_mean,38.364482424329466,37.42968239591376,-2.436628801807813,0.023328304332505274,2
FAFB,merge_errors,7.5,degree_distribution,metric_out_degree_mean,38.364482424329466,37.42968239591376,-2.436628801807813,0.023328304332505274,2
FAFB,merge_errors,7.5,degree_distribution,metric_total_degree_std,199.8282025654068,170.756309173497,-14.548443622413176,0.02342945054835246,2
FAFB,merge_errors,7.5,degree_distribution,metric_in_degree_max,14786.0,12612.0,-14.703097524685512,0.20289463005545788,2
FAFB,merge_errors,7.5,degree_distribution,metric_out_degree_max,14000.0,11837.0,-15.45,0.06428571428571428,2
FAFB,merge_errors,7.5,assortativity,metric_degree_assortativity,-0.0358426018002618,-0.03523347906567455,1.6994378309411862,0.6361433111635405,2
FAFB,merge_errors,7.5,connected_components,metric_wcc_count,875.0,875.0,0.0,0.0,2
FAFB,merge_errors,7.5,connected_components,metric_wcc_max_size,136997.0,132438.0,-3.327810098031344,0.0,2
FAFB,merge_errors,7.5,connected_components,metric_scc_count,11120.0,11014.0,-0.9532374100719424,0.0,2
FAFB,merge_errors,7.5,connected_components,metric_scc_max_size,127536.0,123086.5,-3.488818843306988,0.0011761385020700038,2
FAFB,merge_errors,7.5,reciprocity,metric_reciprocity,0.1647380244929008,0.1593612181709507,-3.263852615995039,0.02987304437641675,2
FAFB,merge_errors,10.0,basic_structure,metric_node_count,139255.0,133176.0,-4.365372877095975,0.0,2
FAFB,merge_errors,10.0,basic_structure,metric_edge_count,5342446.0,4930120.0,-7.717925459611571,0.052840964606848624,2
FAFB,merge_errors,10.0,basic_structure,metric_total_synapses,50666648.0,50633194.5,-0.06602666906245702,0.00024572377474033806,2
FAFB,merge_errors,10.0,basic_structure,metric_weight_mean,9.48379225545752,10.270178216760776,8.29189358139646,0.06174195548645521,2
FAFB,merge_errors,10.0,basic_structure,metric_weight_variance,218.34257980101395,286.63788396097596,31.278967310088017,0.5166354998097247,2
FAFB,merge_errors,10.0,basic_structure,metric_weight_std,14.776419722010266,16.930350679729855,14.576812233556108,0.22545377626522414,2
FAFB,merge_errors,10.0,basic_structure,metric_weight_max,2633.0,2945.5,11.868590960881125,11.868590960881125,2
FAFB,merge_errors,10.0,basic_structure,metric_density,0.0002755000389527,0.0002779769709635,0.8990677533897891,0.057775078147020605,2
FAFB,merge_errors,10.0,degree_distribution,metric_total_degree_mean,76.72896484865893,74.03916621613504,-3.5055844136947214,0.05525296244313198,2
FAFB,merge_errors,10.0,degree_distribution,metric_in_degree_mean,38.364482424329466,37.01958310806752,-3.5055844136947214,0.05525296244313198,2
FAFB,merge_errors,10.0,degree_distribution,metric_out_degree_mean,38.364482424329466,37.01958310806752,-3.5055844136947214,0.05525296244313198,2
FAFB,merge_errors,10.0,degree_distribution,metric_total_degree_std,199.8282025654068,167.76455754096816,-16.04560548151041,0.1720888797590119,2
FAFB,merge_errors,10.0,degree_distribution,metric_in_degree_max,14786.0,12152.0,-17.8141485188692,0.04057892601109157,2
FAFB,merge_errors,10.0,degree_distribution,metric_out_degree_max,14000.0,11395.5,-18.603571428571428,0.21071428571428574,2
FAFB,merge_errors,10.0,assortativity,metric_degree_assortativity,-0.0358426018002618,-0.035617540665561,0.6279151718811907,0.31761700497303025,2
FAFB,merge_errors,10.0,connected_components,metric_wcc_count,875.0,875.0,0.0,0.0,2
FAFB,merge_errors,10.0,connected_components,metric_wcc_max_size,136997.0,130919.0,-4.43659350204749,0.0,2
FAFB,merge_errors,10.0,connected_components,metric_scc_count,11120.0,10989.5,-1.1735611510791368,0.0044964028776978415,2
FAFB,merge_errors,10.0,connected_components,metric_scc_max_size,127536.0,121592.5,-4.660252791368712,0.0011761385020700038,2
FAFB,merge_errors,10.0,reciprocity,metric_reciprocity,0.1647380244929008,0.15937542125825355,-3.2552309954878305,0.010352799761590927,2
FAFB,merge_errors,15.0,basic_structure,metric_node_count,139255.0,130137.0,-6.547700262109081,0.0,2
FAFB,merge_errors,15.0,basic_structure,metric_edge_count,5342446.0,4701443.0,-11.998305645017282,0.11942095437183643,2
FAFB,merge_errors,15.0,basic_structure,metric_total_synapses,50666648.0,50618223.5,-0.09557470626436547,0.00182664540981673,2
FAFB,merge_errors,15.0,basic_structure,metric_weight_mean,9.48379225545752,10.766549327754769,13.525782068445006,0.15613360495061568,2
FAFB,merge_errors,15.0,basic_structure,metric_weight_variance,218.34257980101395,324.81909534092813,48.76580446972428,0.9276539277216193,2
FAFB,merge_errors,15.0,basic_structure,metric_weight_std,14.776419722010266,18.02265068688665,21.96899537200442,0.38028267958274103,2
FAFB,merge_errors,15.0,basic_structure,metric_weight_max,2633.0,2945.5,11.868590960881125,11.868590960881125,2
FAFB,merge_errors,15.0,basic_structure,metric_density,0.0002755000389527,0.00027760860935205,0.7653611982653897,0.13674163538491285,2
FAFB,merge_errors,15.0,degree_distribution,metric_total_degree_mean,76.72896484865893,72.25374797328968,-5.832500000744469,0.12778813866194424,2
FAFB,merge_errors,15.0,degree_distribution,metric_in_degree_mean,38.364482424329466,36.12687398664484,-5.832500000744469,0.12778813866194424,2
FAFB,merge_errors,15.0,degree_distribution,metric_out_degree_mean,38.364482424329466,36.12687398664484,-5.832500000744469,0.12778813866194424,2
FAFB,merge_errors,15.0,degree_distribution,metric_total_degree_std,199.8282025654068,162.0428133535771,-18.908937140372856,0.24809857878216912,2
FAFB,merge_errors,15.0,degree_distribution,metric_in_degree_max,14786.0,11397.5,-22.916948464763966,0.1792235898823211,2
FAFB,merge_errors,15.0,degree_distribution,metric_out_degree_max,14000.0,10688.0,-23.65714285714286,0.2857142857142857,2
FAFB,merge_errors,15.0,assortativity,metric_degree_assortativity,-0.0358426018002618,-0.03615856324855165,-0.8815248682296785,0.4961748722562012,2
FAFB,merge_errors,15.0,connected_components,metric_wcc_count,875.0,875.0,0.0,0.0,2
FAFB,merge_errors,15.0,connected_components,metric_wcc_max_size,136997.0,127881.0,-6.654160310079783,0.0,2
FAFB,merge_errors,15.0,connected_components,metric_scc_count,11120.0,10925.0,-1.753597122302158,0.008992805755395683,2
FAFB,merge_errors,15.0,connected_components,metric_scc_max_size,127536.0,118620.5,-6.990575210136746,0.0011761385020700038,2
FAFB,merge_errors,15.0,reciprocity,metric_reciprocity,0.1647380244929008,0.16105083790526326,-2.2382122154174713,0.03182728194673898,2
FAFB,merge_errors,20.0,basic_structure,metric_node_count,139255.0,127098.0,-8.730027647122187,0.0,2
FAFB,merge_errors,20.0,basic_structure,metric_edge_count,5342446.0,4482658.0,-16.093527197092865,0.10826501568757083,2
FAFB,merge_errors,20.0,basic_structure,metric_total_synapses,50666648.0,50605071.0,-0.12153359740711484,0.00274144837842835,2
FAFB,merge_errors,20.0,basic_structure,metric_weight_mean,9.48379225545752,11.289096122037027,19.03567494891752,0.1568596988278122,2
FAFB,merge_errors,20.0,basic_structure,metric_weight_variance,218.34257980101395,360.22666666446645,64.98232593603971,0.5551205642433393,2
FAFB,merge_errors,20.0,basic_structure,metric_weight_std,14.776419722010266,18.97961135257647,28.445264209064973,0.21609226609545806,2
FAFB,merge_errors,20.0,basic_structure,metric_weight_max,2633.0,2945.5,11.868590960881125,11.868590960881125,2
FAFB,merge_errors,20.0,basic_structure,metric_density,0.0002755000389527,0.0002774991069941,0.7256144314895131,0.12996685313045014,2
FAFB,merge_errors,20.0,degree_distribution,metric_total_degree_mean,76.72896484865893,70.53860800327307,-8.067822702412046,0.11862062943219297,2
FAFB,merge_errors,20.0,degree_distribution,metric_in_degree_mean,38.364482424329466,35.269304001636534,-8.067822702412046,0.11862062943219297,2
FAFB,merge_errors,20.0,degree_distribution,metric_out_degree_mean,38.364482424329466,35.269304001636534,-8.067822702412046,0.11862062943219297,2
FAFB,merge_errors,20.0,degree_distribution,metric_total_degree_std,199.8282025654068,156.17617499421533,-21.844778169839916,0.29022178447586094,2
FAFB,merge_errors,20.0,degree_distribution,metric_in_degree_max,14786.0,10644.0,-28.012985256323546,0.07439469768700122,2
FAFB,merge_errors,20.0,degree_distribution,metric_out_degree_max,14000.0,9981.0,-28.70714285714286,0.17857142857142858,2
FAFB,merge_errors,20.0,assortativity,metric_degree_assortativity,-0.0358426018002618,-0.037313839705427246,-4.1047184949466935,0.3009996820765439,2
FAFB,merge_errors,20.0,connected_components,metric_wcc_count,875.0,875.0,0.0,0.0,2
FAFB,merge_errors,20.0,connected_components,metric_wcc_max_size,136997.0,124842.0,-8.872457061103528,0.0,2
FAFB,merge_errors,20.0,connected_components,metric_scc_count,11120.0,10877.0,-2.185251798561151,0.06294964028776978,2
FAFB,merge_errors,20.0,connected_components,metric_scc_max_size,127536.0,115631.5,-9.334227198594906,0.006664784845063355,2
FAFB,merge_errors,20.0,reciprocity,metric_reciprocity,0.1647380244929008,0.1631252942303579,-0.9789666153319582,0.009950827114360641,2
FAFB,missed_synapses,0.25,basic_structure,metric_node_count,139255.0,139255.0,0.0,0.0,5
FAFB,missed_synapses,0.25,basic_structure,metric_edge_count,5342446.0,5341070.6,-0.025744761856280298,0.0006947991095117619,5
FAFB,missed_synapses,0.25,basic_structure,metric_total_synapses,50666648.0,50540204.0,-0.24956061825917517,0.0008113424848392488,5
FAFB,missed_synapses,0.25,basic_structure,metric_weight_mean,9.48379225545752,9.462560558958995,-0.2238734878055444,0.001017255109416597,5
FAFB,missed_synapses,0.25,basic_structure,metric_weight_variance,218.34257980101398,217.36756539296007,-0.44655257299903933,0.003774462825840761,5
FAFB,missed_synapses,0.25,basic_structure,metric_weight_std,14.776419722010266,14.743390563735522,-0.22352612402816913,0.0018914568505860323,5
FAFB,missed_synapses,0.25,basic_structure,metric_weight_max,2633.0,2630.0,-0.11393847322445878,0.07966645257654019,5
FAFB,missed_synapses,0.25,basic_structure,metric_density,0.0002755000389527,0.0002754291121238,-0.02574476184091306,0.0006947991124416075,5
FAFB,missed_synapses,0.25,degree_distribution,metric_total_degree_mean,76.72896484865893,76.70921115938387,-0.02574476185626351,0.0006947991095114181,5
FAFB,missed_synapses,0.25,degree_distribution,metric_in_degree_mean,38.364482424329466,38.354605579691935,-0.02574476185626351,0.0006947991095070673,5
FAFB,missed_synapses,0.25,degree_distribution,metric_out_degree_mean,38.364482424329466,38.354605579691935,-0.02574476185626351,0.0006947991095070673,5
FAFB,missed_synapses,0.25,degree_distribution,metric_total_degree_std,199.8282025654068,199.75762313520744,-0.0353200545735067,0.0018907422795918052,5
FAFB,missed_synapses,0.25,degree_distribution,metric_in_degree_max,14786.0,14780.0,-0.04057892601109157,0.01481732875707199,5
FAFB,missed_synapses,0.25,degree_distribution,metric_out_degree_max,14000.0,13994.6,-0.038571428571425974,0.013248026422136721,5
FAFB,missed_synapses,0.25,assortativity,metric_degree_assortativity,-0.0358426018002618,-0.03584897384852028,-0.017777861925278953,0.005486856375567479,5
FAFB,missed_synapses,0.25,connected_components,metric_wcc_count,875.0,875.0,0.0,0.0,5
FAFB,missed_synapses,0.25,connected_components,metric_wcc_max_size,136997.0,136997.0,0.0,0.0,5
FAFB,missed_synapses,0.25,connected_components,metric_scc_count,11120.0,11120.0,0.0,0.0,5
FAFB,missed_synapses,0.25,connected_components,metric_scc_max_size,127536.0,127536.0,0.0,0.0,5
FAFB,missed_synapses,0.25,reciprocity,metric_reciprocity,0.1647380244929008,0.16472173201309995,-0.0098899327286404,0.0017600931566539618,5
FAFB,missed_synapses,0.5,basic_structure,metric_node_count,139255.0,139255.0,0.0,0.0,5
FAFB,missed_synapses,0.5,basic_structure,metric_edge_count,5342446.0,5339648.2,-0.052369270555094306,0.0013465737413002384,5
FAFB,missed_synapses,0.5,basic_structure,metric_total_synapses,50666648.0,50413544.4,-0.4995467629909156,0.0009747027428275022,5
FAFB,missed_synapses,0.5,basic_structure,metric_weight_mean,9.48379225545752,9.441360650861018,-0.4474117890138708,0.0010425246523668437,5
FAFB,missed_synapses,0.5,basic_structure,metric_weight_variance,218.34257980101398,216.3925204843285,-0.8931191151367174,0.007326233695746315,5
FAFB,missed_synapses,0.5,basic_structure,metric_weight_std,14.776419722010266,14.71028620349399,-0.44756118031600384,0.003679592909502322,5
FAFB,missed_synapses,0.5,basic_structure,metric_weight_max,2633.0,2627.2,-0.22028104823396058,0.10303577642423502,5
FAFB,missed_synapses,0.5,basic_structure,metric_density,0.0002755000389527,0.00027535576159198004,-0.052369270533827485,0.0013465737437544552,5
FAFB,missed_synapses,0.5,degree_distribution,metric_total_degree_mean,76.72896484865893,76.68878244946322,-0.05236927055509043,0.0013465737412984224,5
FAFB,missed_synapses,0.5,degree_distribution,metric_in_degree_mean,38.364482424329466,38.3443912247316,-0.05236927055510894,0.001346573741305116,5
FAFB,missed_synapses,0.5,degree_distribution,metric_out_degree_mean,38.364482424329466,38.3443912247316,-0.05236927055510894,0.001346573741305116,5
FAFB,missed_synapses,0.5,degree_distribution,metric_total_degree_std,199.8282025654068,199.68348517764247,-0.07242090250847483,0.0028636816400915534,5
FAFB,missed_synapses,0.5,degree_distribution,metric_in_degree_max,14786.0,14773.4,-0.08521574462329476,0.026228485634607487,5
FAFB,missed_synapses,0.5,degree_distribution,metric_out_degree_max,14000.0,13989.8,-0.07285714285714805,0.017728105208558366,5
FAFB,missed_synapses,0.5,assortativity,metric_degree_assortativity,-0.0358426018002618,-0.03585481135350634,-0.0340643609316621,0.008778052926993022,5
FAFB,missed_synapses,0.5,connected_components,metric_wcc_count,875.0,875.0,0.0,0.0,5
FAFB,missed_synapses,0.5,connected_components,metric_wcc_max_size,136997.0,136997.0,0.0,0.0,5
FAFB,missed_synapses,0.5,connected_components,metric_scc_count,11120.0,11120.0,0.0,0.0,5
FAFB,missed_synapses,0.5,connected_components,metric_scc_max_size,127536.0,127536.0,0.0,0.0,5
FAFB,missed_synapses,0.5,reciprocity,metric_reciprocity,0.1647380244929008,0.1647033600502819,-0.02104216238210968,0.005185385434127582,5
FAFB,missed_synapses,0.75,basic_structure,metric_node_count,139255.0,139255.0,0.0,0.0,5
FAFB,missed_synapses,0.75,basic_structure,metric_edge_count,5342446.0,5338229.2,-0.07893013799296827,0.0011665035132251073,5
FAFB,missed_synapses,0.75,basic_structure,metric_total_synapses,50666648.0,50286725.8,-0.7498467236277462,0.0011678381669406673,5
FAFB,missed_synapses,0.75,basic_structure,metric_weight_mean,9.48379225545752,9.42011365949811,-0.6714465505374704,0.001329722058982841,5
FAFB,missed_synapses,0.75,basic_structure,metric_weight_variance,218.34257980101398,215.42274622626186,-1.3372717210784548,0.008509371765139221,5
FAFB,missed_synapses,0.75,basic_structure,metric_weight_std,14.776419722010266,14.677286732419526,-0.6708863950519438,0.00428339562201508,5
FAFB,missed_synapses,0.75,basic_structure,metric_weight_max,2633.0,2624.2,-0.3342195214584194,0.1161948996640969,5
FAFB,missed_synapses,0.75,basic_structure,metric_density,0.0002755000389527,0.00027528258639182004,-0.07893013797986216,0.0011665035065253093,5
FAFB,missed_synapses,0.75,degree_distribution,metric_total_degree_mean,76.72896484865893,76.66840257082332,-0.0789301379929583,0.0011665035132271335,5
FAFB,missed_synapses,0.75,degree_distribution,metric_in_degree_mean,38.364482424329466,38.33420128541166,-0.0789301379929583,0.0011665035132316984,5
FAFB,missed_synapses,0.75,degree_distribution,metric_out_degree_mean,38.364482424329466,38.33420128541166,-0.0789301379929583,0.0011665035132316984,5
FAFB,missed_synapses,0.75,degree_distribution,metric_total_degree_std,199.8282025654068,199.60933691981126,-0.10952690500426454,0.003925685556994154,5
FAFB,missed_synapses,0.75,degree_distribution,metric_in_degree_max,14786.0,14768.0,-0.12173677803327472,0.02303447364524063,5
FAFB,missed_synapses,0.75,degree_distribution,metric_out_degree_max,14000.0,13981.8,-0.1300000000000052,0.03681171064778608,5
FAFB,missed_synapses,0.75,assortativity,metric_degree_assortativity,-0.0358426018002618,-0.035859455669496484,-0.047021891236027284,0.01176450822386221,5
FAFB,missed_synapses,0.75,connected_components,metric_wcc_count,875.0,875.0,0.0,0.0,5
FAFB,missed_synapses,0.75,connected_components,metric_wcc_max_size,136997.0,136997.0,0.0,0.0,5
FAFB,missed_synapses,0.75,connected_components,metric_scc_count,11120.0,11120.0,0.0,0.0,5
FAFB,missed_synapses,0.75,connected_components,metric_scc_max_size,127536.0,127536.0,0.0,0.0,5
FAFB,missed_synapses,0.75,reciprocity,metric_reciprocity,0.1647380244929008,0.1646859974204216,-0.03158170230543308,0.004670097312898525,5
FAFB,missed_synapses,1.0,basic_structure,metric_node_count,139255.0,139255.0,0.0,0.0,5
FAFB,missed_synapses,1.0,basic_structure,metric_edge_count,5342446.0,5336794.8,-0.10577926290691916,0.0009892893045151607,5
FAFB,missed_synapses,1.0,basic_structure,metric_total_synapses,50666648.0,50159910.6,-1.0001399737357768,0.001053922327661067,5
FAFB,missed_synapses,1.0,basic_structure,metric_weight_mean,9.48379225545752,9.398883127601897,-0.8953077584208053,0.000785631768845302,5
FAFB,missed_synapses,1.0,basic_structure,metric_weight_variance,218.34257980101398,214.4499546508364,-1.7828062459118734,0.009721077525204078,5
FAFB,missed_synapses,1.0,basic_structure,metric_weight_std,14.776419722010266,14.644109878228694,-0.8954120569848824,0.004904487747586734,5
FAFB,missed_synapses,1.0,basic_structure,metric_weight_max,2633.0,2621.2,-0.44815799468287815,0.13459965929866577,5
FAFB,missed_synapses,1.0,basic_structure,metric_density,0.0002755000389527,0.00027520861704222,-0.10577926289514268,0.0009892893135601078,5
FAFB,missed_synapses,1.0,degree_distribution,metric_total_degree_mean,76.72896484865893,76.64780151520593,-0.1057792629068999,0.0009892893045161618,5
FAFB,missed_synapses,1.0,degree_distribution,metric_in_degree_mean,38.364482424329466,38.32390075760296,-0.1057792629068999,0.0009892893045161618,5
FAFB,missed_synapses,1.0,degree_distribution,metric_out_degree_mean,38.364482424329466,38.32390075760296,-0.1057792629068999,0.0009892893045161618,5
FAFB,missed_synapses,1.0,degree_distribution,metric_total_degree_std,199.8282025654068,199.53532220731114,-0.146566077428332,0.005038031973694452,5
FAFB,missed_synapses,1.0,degree_distribution,metric_in_degree_max,14786.0,14764.0,-0.14878939537400243,0.012098298268631352,5
FAFB,missed_synapses,1.0,degree_distribution,metric_out_degree_max,14000.0,13976.8,-0.16571428571429092,0.03301205716654669,5
FAFB,missed_synapses,1.0,assortativity,metric_degree_assortativity,-0.0358426018002618,-0.035862675038218245,-0.056003852812646686,0.008466833477902577,5
FAFB,missed_synapses,1.0,connected_components,metric_wcc_count,875.0,875.0,0.0,0.0,5
FAFB,missed_synapses,1.0,connected_components,metric_wcc_max_size,136997.0,136997.0,0.0,0.0,5
FAFB,missed_synapses,1.0,connected_components,metric_scc_count,11120.0,11120.0,0.0,0.0,5
FAFB,missed_synapses,1.0,connected_components,metric_scc_max_size,127536.0,127536.0,0.0,0.0,5
FAFB,missed_synapses,1.0,reciprocity,metric_reciprocity,0.1647380244929008,0.16466565291006974,-0.04393131643639912,0.0067267223613622805,5
FAFB,missed_synapses,2.0,basic_structure,metric_node_count,139255.0,139255.0,0.0,0.0,5
FAFB,missed_synapses,2.0,basic_structure,metric_edge_count,5342446.0,5331071.2,-0.21291371031171516,0.0017554826608952787,5
FAFB,missed_synapses,2.0,basic_structure,metric_total_synapses,50666648.0,49653241.2,-2.0001457368957922,0.0018632578481811769,5
FAFB,missed_synapses,2.0,basic_structure,metric_weight_mean,9.48379225545752,9.313933232102574,-1.7910453833190898,0.0023049797659139143,5
FAFB,missed_synapses,2.0,basic_structure,metric_weight_variance,218.34257980101398,210.59083953195892,-3.550265035853105,0.014781528064318483,5
FAFB,missed_synapses,2.0,basic_structure,metric_weight_std,14.776419722010266,14.511748285281822,-1.7911743284755324,0.007525610200473995,5
FAFB,missed_synapses,2.0,basic_structure,metric_weight_max,2633.0,2609.2,-0.9039118875807134,0.1957326050395006,5
FAFB,missed_synapses,2.0,basic_structure,metric_density,0.0002755000389527,0.00027491346159788,-0.21291371030285225,0.0017554826647277063,5
FAFB,missed_synapses,2.0,degree_distribution,metric_total_degree_mean,76.72896484865893,76.56559836271587,-0.21291371031172387,0.0017554826608955961,5
FAFB,missed_synapses,2.0,degree_distribution,metric_in_degree_mean,38.364482424329466,38.28279918135794,-0.21291371031172387,0.0017554826608955961,5
FAFB,missed_synapses,2.0,degree_distribution,metric_out_degree_mean,38.364482424329466,38.28279918135794,-0.21291371031172387,0.0017554826608955961,5
FAFB,missed_synapses,2.0,degree_distribution,metric_total_degree_std,199.8282025654068,199.25167090724753,-0.28851365861160716,0.005344691357307083,5
FAFB,missed_synapses,2.0,degree_distribution,metric_in_degree_max,14786.0,14745.8,-0.2718788042743185,0.026158636014897495,5
FAFB,missed_synapses,2.0,degree_distribution,metric_out_degree_max,14000.0,13957.4,-0.3042857142857169,0.02770102775666474,5
FAFB,missed_synapses,2.0,assortativity,metric_degree_assortativity,-0.0358426018002618,-0.03587905059328754,-0.10169125899077602,0.015249733683141089,5
FAFB,missed_synapses,2.0,connected_components,metric_wcc_count,875.0,875.0,0.0,0.0,5
FAFB,missed_synapses,2.0,connected_components,metric_wcc_max_size,136997.0,136997.0,0.0,0.0,5
FAFB,missed_synapses,2.0,connected_components,metric_scc_count,11120.0,11120.0,0.0,0.0,5
FAFB,missed_synapses,2.0,connected_components,metric_scc_max_size,127536.0,127536.0,0.0,0.0,5
FAFB,missed_synapses,2.0,reciprocity,metric_reciprocity,0.1647380244929008,0.1646021911057738,-0.08245417992908649,0.008602724603976144,5
FAFB,missed_synapses,5.0,basic_structure,metric_node_count,139255.0,139255.0,0.0,0.0,5
FAFB,missed_synapses,5.0,basic_structure,metric_edge_count,5342446.0,5313029.8,-0.5506129589330465,0.003963438527863631,5
FAFB,missed_synapses,5.0,basic_structure,metric_total_synapses,50666648.0,48132799.4,-5.00101881616483,0.0012877295842894005,5
FAFB,missed_synapses,5.0,basic_structure,metric_weight_mean,9.48379225545752,9.059388201176777,-4.475045876679933,0.0043022788235597,5
FAFB,missed_synapses,5.0,basic_structure,metric_weight_variance,218.34257980101398,199.21301527685387,-8.761261565011186,0.021790196957254322,5
FAFB,missed_synapses,5.0,basic_structure,metric_weight_std,14.776419722010266,14.114283985947186,-4.481029562775571,0.011406644052188483,5
FAFB,missed_synapses,5.0,basic_structure,metric_weight_max,2633.0,2571.4,-2.3395366502088835,0.2548873791957845,5
FAFB,missed_synapses,5.0,basic_structure,metric_density,0.0002755000389527,0.00027398310003638,-0.5506129589260861,0.003963438523700981,5
FAFB,missed_synapses,5.0,degree_distribution,metric_total_degree_mean,76.72896484865893,76.30648522494704,-0.5506129589330409,0.003963438527862575,5
FAFB,missed_synapses,5.0,degree_distribution,metric_in_degree_mean,38.364482424329466,38.15324261247352,-0.5506129589330409,0.003963438527867365,5
FAFB,missed_synapses,5.0,degree_distribution,metric_out_degree_mean,38.364482424329466,38.15324261247352,-0.5506129589330409,0.003963438527867365,5
FAFB,missed_synapses,5.0,degree_distribution,metric_total_degree_std,199.8282025654068,198.35651883294003,-0.7364744883721144,0.006179213527543545,5
FAFB,missed_synapses,5.0,degree_distribution,metric_in_degree_max,14786.0,14684.2,-0.6884891113215154,0.032966475333298904,5
FAFB,missed_synapses,5.0,degree_distribution,metric_out_degree_max,14000.0,13906.4,-0.6685714285714311,0.03741657386773942,5
FAFB,missed_synapses,5.0,assortativity,metric_degree_assortativity,-0.0358426018002618,-0.03592794951872796,-0.23811808903206,0.020171922832063205,5
FAFB,missed_synapses,5.0,connected_components,metric_wcc_count,875.0,875.0,0.0,0.0,5
FAFB,missed_synapses,5.0,connected_components,metric_wcc_max_size,136997.0,136997.0,0.0,0.0,5
FAFB,missed_synapses,5.0,connected_components,metric_scc_count,11120.0,11120.0,0.0,0.0,5
FAFB,missed_synapses,5.0,connected_components,metric_scc_max_size,127536.0,127536.0,0.0,0.0,5
FAFB,missed_synapses,5.0,reciprocity,metric_reciprocity,0.1647380244929008,0.16437355570572168,-0.22124144580525354,0.014172614149913406,5
FAFB,missed_synapses,10.0,basic_structure,metric_node_count,139255.0,139255.0,0.0,0.0,5
FAFB,missed_synapses,10.0,basic_structure,metric_edge_count,5342446.0,5281224.4,-1.14594700629636,0.006621953283548721,5
FAFB,missed_synapses,10.0,basic_structure,metric_total_synapses,50666648.0,45598622.0,-10.002686579937162,0.0034760551225298223,5
FAFB,missed_synapses,10.0,basic_structure,metric_weight_mean,9.48379225545752,8.634100495315762,-8.959409245313193,0.007124533190122387,5
FAFB,missed_synapses,10.0,basic_structure,metric_weight_variance,218.34257980101398,180.99864721464203,-17.103366929348027,0.02052699568456676,5
FAFB,missed_synapses,10.0,basic_structure,metric_weight_std,14.776419722010266,13.453573667992368,-8.95241255259857,0.011272665586040431,5
FAFB,missed_synapses,10.0,basic_structure,metric_weight_max,2633.0,2519.4,-4.314470186099503,0.0978663025197503,5
FAFB,missed_synapses,10.0,basic_structure,metric_density,0.0002755000389527,0.000272342954504,-1.1459470062877255,0.0066219532841103445,5
FAFB,missed_synapses,10.0,degree_distribution,metric_total_degree_mean,76.72896484865893,75.84969157301353,-1.1459470062963724,0.006621953283552994,5
FAFB,missed_synapses,10.0,degree_distribution,metric_in_degree_mean,38.364482424329466,37.92484578650677,-1.145947006296354,0.006621953283549755,5
FAFB,missed_synapses,10.0,degree_distribution,metric_out_degree_mean,38.364482424329466,37.92484578650677,-1.145947006296354,0.006621953283549755,5
FAFB,missed_synapses,10.0,degree_distribution,metric_total_degree_std,199.8282025654068,196.78553549237876,-1.5226414660023433,0.017021310217719576,5
FAFB,missed_synapses,10.0,degree_distribution,metric_in_degree_max,14786.0,14581.4,-1.3837413769782252,0.09684308031742865,5
FAFB,missed_synapses,10.0,degree_distribution,metric_out_degree_max,14000.0,13812.8,-1.3371428571428623,0.07047940790596577,5
FAFB,missed_synapses,10.0,assortativity,metric_degree_assortativity,-0.0358426018002618,-0.036035302085634095,-0.5376291778318524,0.04258610128287638,5
FAFB,missed_synapses,10.0,connected_components,metric_wcc_count,875.0,875.0,0.0,0.0,5
FAFB,missed_synapses,10.0,connected_components,metric_wcc_max_size,136997.0,136997.0,0.0,0.0,5
FAFB,missed_synapses,10.0,connected_components,metric_scc_count,11120.0,11120.0,0.0,0.0,5
FAFB,missed_synapses,10.0,connected_components,metric_scc_max_size,127536.0,127536.0,0.0,0.0,5
FAFB,missed_synapses,10.0,reciprocity,metric_reciprocity,0.1647380244929008,0.16399954539714928,-0.44827482788184586,0.019300604350806237,5
FAFB,missed_synapses,15.0,basic_structure,metric_node_count,139255.0,139255.0,0.0,0.0,5
FAFB,missed_synapses,15.0,basic_structure,metric_edge_count,5342446.0,5246570.0,-1.7946086867326314,0.004459400327052294,5
FAFB,missed_synapses,15.0,basic_structure,metric_total_synapses,50666648.0,43065590.6,-15.00209250077092,0.005254631760311138,5
FAFB,missed_synapses,15.0,basic_structure,metric_weight_mean,9.48379225545752,8.20833241294874,-13.448837850436949,0.0029900525312765683,5
FAFB,missed_synapses,15.0,basic_structure,metric_weight_variance,218.34257980101398,163.62499111223522,-25.06042968744141,0.028858683377442865,5
FAFB,missed_synapses,15.0,basic_structure,metric_weight_std,14.776419722010266,12.791598220982404,-13.432357352920638,0.016666836119138887,5
FAFB,missed_synapses,15.0,basic_structure,metric_weight_max,2633.0,2453.2,-6.82871249525257,0.5599367259850243,5
FAFB,missed_synapses,15.0,basic_structure,metric_density,0.0002755000389527,0.00027055589132172,-1.794608686726475,0.004459400325519134,5
FAFB,missed_synapses,15.0,degree_distribution,metric_total_degree_mean,76.72896484865893,75.35198018024487,-1.7946086867326405,0.004459400327052238,5
FAFB,missed_synapses,15.0,degree_distribution,metric_in_degree_mean,38.364482424329466,37.67599009012243,-1.7946086867326405,0.004459400327052238,5
FAFB,missed_synapses,15.0,degree_distribution,metric_out_degree_mean,38.364482424329466,37.67599009012243,-1.7946086867326405,0.004459400327052238,5
FAFB,missed_synapses,15.0,degree_distribution,metric_total_degree_std,199.8282025654068,195.08656864068638,-2.372855214552815,0.020355512846002063,5
FAFB,missed_synapses,15.0,degree_distribution,metric_in_degree_max,14786.0,14459.4,-2.2088462058704206,0.11585344572089197,5
FAFB,missed_synapses,15.0,degree_distribution,metric_out_degree_max,14000.0,13702.0,-2.1285714285714286,0.12753550926094653,5
FAFB,missed_synapses,15.0,assortativity,metric_degree_assortativity,-0.0358426018002618,-0.0361215740385785,-0.7783258589075346,0.05305713972173935,5
FAFB,missed_synapses,15.0,connected_components,metric_wcc_count,875.0,875.0,0.0,0.0,5
FAFB,missed_synapses,15.0,connected_components,metric_wcc_max_size,136997.0,136997.0,0.0,0.0,5
FAFB,missed_synapses,15.0,connected_components,metric_scc_count,11120.0,11120.2,0.0017985611510856797,0.003597122302158273,5
FAFB,missed_synapses,15.0,connected_components,metric_scc_max_size,127536.0,127535.8,-0.00015681846694038515,0.00031363693388533436,5
FAFB,missed_synapses,15.0,reciprocity,metric_reciprocity,0.1647380244929008,0.1635841325796242,-0.7004405429945588,0.02489171237171854,5
FAFB,missed_synapses,20.0,basic_structure,metric_node_count,139255.0,139255.0,0.0,0.0,5
FAFB,missed_synapses,20.0,basic_structure,metric_edge_count,5342446.0,5208892.6,-2.4998549353610757,0.0027228276581065043,5
FAFB,missed_synapses,20.0,basic_structure,metric_total_synapses,50666648.0,40530919.4,-20.004734870165482,0.0037753506024453165,5
FAFB,missed_synapses,20.0,basic_structure,metric_weight_mean,9.48379225545752,7.781100995863912,-17.953696303435805,0.0029691774717806227,5
FAFB,missed_synapses,20.0,basic_structure,metric_weight_variance,218.34257980101398,147.18113587090164,-32.59164749036361,0.008930529429104102,5
FAFB,missed_synapses,20.0,basic_structure,metric_weight_std,14.776419722010266,12.131823244059081,-17.897410385628916,0.005438548186623378,5
FAFB,missed_synapses,20.0,basic_structure,metric_weight_max,2633.0,2396.8,-8.970755791872383,0.1771652683583836,5
FAFB,missed_synapses,20.0,basic_structure,metric_density,0.0002755000389527,0.00026861293763206004,-2.4998549353462596,0.0027228276645466774,5
FAFB,missed_synapses,20.0,degree_distribution,metric_total_degree_mean,76.72896484865893,74.81085203403828,-2.4998549353610637,0.002722827658107155,5
FAFB,missed_synapses,20.0,degree_distribution,metric_in_degree_mean,38.364482424329466,37.40542601701914,-2.4998549353610637,0.002722827658107155,5
FAFB,missed_synapses,20.0,degree_distribution,metric_out_degree_mean,38.364482424329466,37.40542601701914,-2.4998549353610637,0.002722827658107155,5
FAFB,missed_synapses,20.0,degree_distribution,metric_total_degree_std,199.8282025654068,193.28288153603177,-3.2754741049290317,0.023143913284191006,5
FAFB,missed_synapses,20.0,degree_distribution,metric_in_degree_max,14786.0,14348.4,-2.9595563370756146,0.08496847707041477,5
FAFB,missed_synapses,20.0,degree_distribution,metric_out_degree_max,14000.0,13583.8,-2.9728571428571477,0.1446600518880209,5
FAFB,missed_synapses,20.0,assortativity,metric_degree_assortativity,-0.0358426018002618,-0.03624785998215724,-1.1306606148565774,0.03991997098747635,5
FAFB,missed_synapses,20.0,connected_components,metric_wcc_count,875.0,875.2,0.022857142857148054,0.04571428571428572,5
FAFB,missed_synapses,20.0,connected_components,metric_wcc_max_size,136997.0,136996.8,-0.00014598859829897116,0.000291977196580947,5
FAFB,missed_synapses,20.0,connected_components,metric_scc_count,11120.0,11120.8,0.007194244604310004,0.006729599616499895,5
FAFB,missed_synapses,20.0,connected_components,metric_scc_max_size,127536.0,127535.2,-0.0006272738677729506,0.0005867609752185957,5
FAFB,missed_synapses,20.0,reciprocity,metric_reciprocity,0.1647380244929008,0.16320743486020386,-0.9291052490209271,0.040014533252258774,5
FAFB,split_errors,0.5,basic_structure,metric_node_count,139255.0,139868.8,0.4407741194211974,0.00028724282790564074,5
FAFB,split_errors,0.5,basic_structure,metric_edge_count,5342446.0,5342446.0,0.0,0.0,5
FAFB,split_errors,0.5,basic_structure,metric_total_synapses,50666648.0,50666648.0,0.0,0.0,5
FAFB,split_errors,0.5,basic_structure,metric_weight_mean,9.48379225545752,9.48379225545752,0.0,0.0,5
FAFB,split_errors,0.5,basic_structure,metric_weight_variance,218.34257980101398,218.34257980101398,0.0,1.3017025564278883e-14,5
FAFB,split_errors,0.5,basic_structure,metric_weight_std,14.776419722010266,14.776419722010266,0.0,0.0,5
FAFB,split_errors,0.5,basic_structure,metric_weight_max,2633.0,2633.0,0.0,0.0,5
FAFB,split_errors,0.5,basic_structure,metric_density,0.0002755000389527,0.00027308732815522,-0.8757569714515433,0.0005669612410772458,5
FAFB,split_errors,0.5,degree_distribution,metric_total_degree_mean,76.72896484865893,76.39224759265389,-0.4388398262236299,0.0002847285091946818,5
FAFB,split_errors,0.5,degree_distribution,metric_in_degree_mean,38.364482424329466,38.196123796326944,-0.4388398262236299,0.0002847285091872734,5
FAFB,split_errors,0.5,degree_distribution,metric_out_degree_mean,38.364482424329466,38.196123796326944,-0.4388398262236299,0.0002847285091872734,5
FAFB,split_errors,0.5,degree_distribution,metric_total_degree_std,199.8282025654068,199.29341277023107,-0.2676247838443532,0.009882357461703413,5
FAFB,split_errors,0.5,degree_distribution,metric_in_degree_max,14786.0,14786.0,0.0,0.0,5
FAFB,split_errors,0.5,degree_distribution,metric_out_degree_max,14000.0,14000.0,0.0,0.0,5
FAFB,split_errors,0.5,assortativity,metric_degree_assortativity,-0.0358426018002618,-0.0357874027067751,0.15400414789726602,0.07607737061272761,5
FAFB,split_errors,0.5,connected_components,metric_wcc_count,875.0,875.0,0.0,0.0,5
FAFB,split_errors,0.5,connected_components,metric_wcc_max_size,136997.0,137610.8,0.4480390081534547,0.000291977196580947,5
FAFB,split_errors,0.5,connected_components,metric_scc_count,11120.0,11160.0,0.3597122302158274,0.0858801178871462,5
FAFB,split_errors,0.5,connected_components,metric_scc_max_size,127536.0,128109.0,0.44928490779074143,0.007134809412920163,5
FAFB,split_errors,0.5,reciprocity,metric_reciprocity,0.1647380244929008,0.1647380244929008,0.0,0.0,5
FAFB,split_errors,1.0,basic_structure,metric_node_count,139255.0,140471.0,0.8732181968331478,0.003275072134139925,5
FAFB,split_errors,1.0,basic_structure,metric_edge_count,5342446.0,5342446.0,0.0,0.0,5
FAFB,split_errors,1.0,basic_structure,metric_total_synapses,50666648.0,50666648.0,0.0,0.0,5
FAFB,split_errors,1.0,basic_structure,metric_weight_mean,9.48379225545752,9.48379225545752,0.0,0.0,5
FAFB,split_errors,1.0,basic_structure,metric_weight_variance,218.34257980101398,218.34257980101398,0.0,1.3017025564278883e-14,5
FAFB,split_errors,1.0,basic_structure,metric_weight_std,14.776419722010266,14.776419722010266,0.0,0.0,5
FAFB,split_errors,1.0,basic_structure,metric_weight_max,2633.0,2633.0,0.0,0.0,5
FAFB,split_errors,1.0,basic_structure,metric_density,0.0002755000389527,0.00027075088566798003,-1.7238303496339333,0.006381462301428633,5
FAFB,split_errors,1.0,degree_distribution,metric_total_degree_mean,76.72896484865893,76.06475365921135,-0.8656589995156095,0.0032185931710802104,5
FAFB,split_errors,1.0,degree_distribution,metric_in_degree_mean,38.364482424329466,38.032376829605674,-0.8656589995156095,0.0032185931710802104,5
FAFB,split_errors,1.0,degree_distribution,metric_out_degree_mean,38.364482424329466,38.032376829605674,-0.8656589995156095,0.0032185931710802104,5
FAFB,split_errors,1.0,degree_distribution,metric_total_degree_std,199.8282025654068,198.78263591497966,-0.523232775456159,0.02256596796857828,5
FAFB,split_errors,1.0,degree_distribution,metric_in_degree_max,14786.0,14786.0,0.0,0.0,5
FAFB,split_errors,1.0,degree_distribution,metric_out_degree_max,14000.0,14000.0,0.0,0.0,5
FAFB,split_errors,1.0,assortativity,metric_degree_assortativity,-0.0358426018002618,-0.035742009735996554,0.2806494484574908,0.13272119848878686,5
FAFB,split_errors,1.0,connected_components,metric_wcc_count,875.0,875.0,0.0,0.0,5
FAFB,split_errors,1.0,connected_components,metric_wcc_max_size,136997.0,138212.8,0.88746468900778,0.003277435903069943,5
FAFB,split_errors,1.0,connected_components,metric_scc_count,11120.0,11197.0,0.6924460431654675,0.0607264137271012,5
FAFB,split_errors,1.0,connected_components,metric_scc_max_size,127536.0,128674.2,0.8924538953707166,0.003948588104382816,5
FAFB,split_errors,1.0,reciprocity,metric_reciprocity,0.1647380244929008,0.1647380244929008,0.0,0.0,5
FAFB,split_errors,2.0,basic_structure,metric_node_count,139255.0,141680.8,1.74198412983375,0.004046965007678107,5
FAFB,split_errors,2.0,basic_structure,metric_edge_count,5342446.0,5342446.0,0.0,0.0,5
FAFB,split_errors,2.0,basic_structure,metric_total_synapses,50666648.0,50666648.0,0.0,0.0,5
FAFB,split_errors,2.0,basic_structure,metric_weight_mean,9.48379225545752,9.48379225545752,0.0,0.0,5
FAFB,split_errors,2.0,basic_structure,metric_weight_variance,218.34257980101398,218.34257980101398,0.0,1.3017025564278883e-14,5
FAFB,split_errors,2.0,basic_structure,metric_weight_std,14.776419722010266,14.776419722010266,0.0,0.0,5
FAFB,split_errors,2.0,basic_structure,metric_weight_max,2633.0,2633.0,0.0,0.0,5
FAFB,split_errors,2.0,basic_structure,metric_density,0.0002755000389527,0.00026614677475976,-3.395013746094535,0.007685473280531527,5
FAFB,split_errors,2.0,degree_distribution,metric_total_degree_mean,76.72896484865893,75.41524339858181,-1.7121584432532408,0.003909632268888533,5
FAFB,split_errors,2.0,degree_distribution,metric_in_degree_mean,38.364482424329466,37.707621699290904,-1.7121584432532408,0.003909632268888533,5
FAFB,split_errors,2.0,degree_distribution,metric_out_degree_mean,38.364482424329466,37.707621699290904,-1.7121584432532408,0.003909632268888533,5
FAFB,split_errors,2.0,degree_distribution,metric_total_degree_std,199.8282025654068,195.90072986927927,-1.96542462260401,1.4928830856869528,5
FAFB,split_errors,2.0,degree_distribution,metric_in_degree_max,14786.0,14754.6,-0.21236304612471008,0.42472609224942515,5
FAFB,split_errors,2.0,degree_distribution,metric_out_degree_max,14000.0,13947.4,-0.3757142857142883,0.7514285714285713,5
FAFB,split_errors,2.0,assortativity,metric_degree_assortativity,-0.0358426018002618,-0.0362844274896226,-1.2326830842887369,4.773756321748804,5
FAFB,split_errors,2.0,connected_components,metric_wcc_count,875.0,875.0,0.0,0.0,5
FAFB,split_errors,2.0,connected_components,metric_wcc_max_size,136997.0,139422.6,1.770549720066867,0.004345460430852419,5
FAFB,split_errors,2.0,connected_components,metric_scc_count,11120.0,11297.8,1.5989208633093461,0.07358731131467189,5
FAFB,split_errors,2.0,connected_components,metric_scc_max_size,127536.0,129783.0,1.7618554761008658,0.008884842224448184,5
FAFB,split_errors,2.0,reciprocity,metric_reciprocity,0.1647380244929008,0.1647380244929008,0.0,0.0,5
FAFB,split_errors,3.0,basic_structure,metric_node_count,139255.0,142888.2,2.6090266058669433,0.0040976173545473,5
FAFB,split_errors,3.0,basic_structure,metric_edge_count,5342446.0,5342446.0,0.0,0.0,5
FAFB,split_errors,3.0,basic_structure,metric_total_synapses,50666648.0,50666648.0,0.0,0.0,5
FAFB,split_errors,3.0,basic_structure,metric_weight_mean,9.48379225545752,9.48379225545752,0.0,0.0,5
FAFB,split_errors,3.0,basic_structure,metric_weight_variance,218.34257980101398,218.34257980101398,0.0,1.3017025564278883e-14,5
FAFB,split_errors,3.0,basic_structure,metric_weight_std,14.776419722010266,14.776419722010266,0.0,0.0,5
FAFB,split_errors,3.0,basic_structure,metric_weight_max,2633.0,2633.0,0.0,0.0,5
FAFB,split_errors,3.0,basic_structure,metric_density,0.0002755000389527,0.00026166790175502003,-5.02073874481548,0.00758561916363517,5
FAFB,split_errors,3.0,degree_distribution,metric_total_degree_mean,76.72896484865893,74.77798738481764,-2.5426870643823065,0.0038917971770434665,5
FAFB,split_errors,3.0,degree_distribution,metric_in_degree_mean,38.364482424329466,37.38899369240882,-2.5426870643823065,0.003891797177037105,5
FAFB,split_errors,3.0,degree_distribution,metric_out_degree_mean,38.364482424329466,37.38899369240882,-2.5426870643823065,0.003891797177037105,5
FAFB,split_errors,3.0,degree_distribution,metric_total_degree_std,199.8282025654068,194.7742696278562,-2.5291389667063484,1.4519091745739752,5
FAFB,split_errors,3.0,degree_distribution,metric_in_degree_max,14786.0,14754.6,-0.21236304612471008,0.42472609224942515,5
FAFB,split_errors,3.0,degree_distribution,metric_out_degree_max,14000.0,13947.4,-0.3757142857142883,0.7514285714285713,5
FAFB,split_errors,3.0,assortativity,metric_degree_assortativity,-0.0358426018002618,-0.0360882036608723,-0.6852233048793452,4.854044371173356,5
FAFB,split_errors,3.0,connected_components,metric_wcc_count,875.0,875.0,0.0,0.0,5
FAFB,split_errors,3.0,connected_components,metric_wcc_max_size,136997.0,140629.8,2.6517368993481525,0.004291170888909704,5
FAFB,split_errors,3.0,connected_components,metric_scc_count,11120.0,11380.0,2.338129496402878,0.09551020177950902,5
FAFB,split_errors,3.0,connected_components,metric_scc_max_size,127536.0,130908.0,2.6439593526533685,0.006942649486005098,5
FAFB,split_errors,3.0,reciprocity,metric_reciprocity,0.1647380244929008,0.1647380244929008,0.0,0.0,5
FAFB,split_errors,5.0,basic_structure,metric_node_count,139255.0,145303.4,4.3433988007611894,0.005308166633176928,5
FAFB,split_errors,5.0,basic_structure,metric_edge_count,5342446.0,5342446.0,0.0,0.0,5
FAFB,split_errors,5.0,basic_structure,metric_total_synapses,50666648.0,50666648.0,0.0,0.0,5
FAFB,split_errors,5.0,basic_structure,metric_weight_mean,9.48379225545752,9.48379225545752,0.0,0.0,5
FAFB,split_errors,5.0,basic_structure,metric_weight_variance,218.34257980101398,218.34257980101398,0.0,1.3017025564278883e-14,5
FAFB,split_errors,5.0,basic_structure,metric_weight_std,14.776419722010266,14.776419722010266,0.0,0.0,5
FAFB,split_errors,5.0,basic_structure,metric_weight_max,2633.0,2633.0,0.0,0.0,5
FAFB,split_errors,5.0,basic_structure,metric_density,0.0002755000389527,0.00025304139908960004,-8.151955240542025,0.009345515532364962,5
FAFB,split_errors,5.0,degree_distribution,metric_total_degree_mean,76.72896484865893,73.53504479353629,-4.162600214172536,0.0048756155163188295,5
FAFB,split_errors,5.0,degree_distribution,metric_in_degree_mean,38.364482424329466,36.76752239676814,-4.162600214172536,0.0048756155163188295,5
FAFB,split_errors,5.0,degree_distribution,metric_out_degree_mean,38.364482424329466,36.76752239676814,-4.162600214172536,0.0048756155163188295,5
FAFB,split_errors,5.0,degree_distribution,metric_total_degree_std,199.8282025654068,192.59872149086172,-3.617848222489395,1.4255950422125436,5
FAFB,split_errors,5.0,degree_distribution,metric_in_degree_max,14786.0,14754.6,-0.21236304612471008,0.42472609224942515,5
FAFB,split_errors,5.0,degree_distribution,metric_out_degree_max,14000.0,13947.4,-0.3757142857142883,0.7514285714285713,5
FAFB,split_errors,5.0,assortativity,metric_degree_assortativity,-0.0358426018002618,-0.03577068783652056,0.20063823531003014,4.872437773819653,5
FAFB,split_errors,5.0,connected_components,metric_wcc_count,875.0,875.0,0.0,0.0,5
FAFB,split_errors,5.0,connected_components,metric_wcc_max_size,136997.0,143044.6,4.414403235107343,0.005153211411847789,5
FAFB,split_errors,5.0,connected_components,metric_scc_count,11120.0,11545.4,3.82553956834532,0.15726872114172066,5
FAFB,split_errors,5.0,connected_components,metric_scc_max_size,127536.0,133154.8,4.405658010287283,0.019144702624553825,5
FAFB,split_errors,5.0,reciprocity,metric_reciprocity,0.1647380244929008,0.1647380244929008,0.0,0.0,5
FAFB,split_errors,7.5,basic_structure,metric_node_count,139255.0,148325.2,6.513374744174365,0.004878902086521282,5
FAFB,split_errors,7.5,basic_structure,metric_edge_count,5342446.0,5342446.0,0.0,0.0,5
FAFB,split_errors,7.5,basic_structure,metric_total_synapses,50666648.0,50666648.0,0.0,0.0,5
FAFB,split_errors,7.5,basic_structure,metric_weight_mean,9.48379225545752,9.48379225545752,0.0,0.0,5
FAFB,split_errors,7.5,basic_structure,metric_weight_variance,218.34257980101398,218.34257980101398,0.0,1.3017025564278883e-14,5
FAFB,split_errors,7.5,basic_structure,metric_weight_std,14.776419722010266,14.776419722010266,0.0,0.0,5
FAFB,split_errors,7.5,basic_structure,metric_weight_max,2633.0,2633.0,0.0,0.0,5
FAFB,split_errors,7.5,basic_structure,metric_density,0.0002755000389527,0.00024283606491314,-11.856250243640792,0.008074923532223457,5
FAFB,split_errors,7.5,degree_distribution,metric_total_degree_mean,76.72896484865893,72.03692981650042,-6.1150766746471,0.0043004324804104795,5
FAFB,split_errors,7.5,degree_distribution,metric_in_degree_mean,38.364482424329466,36.01846490825021,-6.1150766746471,0.0043004324804104795,5
FAFB,split_errors,7.5,degree_distribution,metric_out_degree_mean,38.364482424329466,36.01846490825021,-6.1150766746471,0.0043004324804104795,5
FAFB,split_errors,7.5,degree_distribution,metric_total_degree_std,199.8282025654068,189.78370062914357,-5.026568726191446,1.327578260029938,5
FAFB,split_errors,7.5,degree_distribution,metric_in_degree_max,14786.0,14754.6,-0.21236304612471008,0.42472609224942515,5
FAFB,split_errors,7.5,degree_distribution,metric_out_degree_max,14000.0,13947.4,-0.3757142857142883,0.7514285714285713,5
FAFB,split_errors,7.5,assortativity,metric_degree_assortativity,-0.0358426018002618,-0.03534516415259238,1.3878391151442249,5.156516908246246,5
FAFB,split_errors,7.5,connected_components,metric_wcc_count,875.0,875.0,0.0,0.0,5
FAFB,split_errors,7.5,connected_components,metric_wcc_max_size,136997.0,146065.6,6.6195610122849455,0.004942096799144729,5
FAFB,split_errors,7.5,connected_components,metric_scc_count,11120.0,11756.0,5.719424460431655,0.1708159722386153,5
FAFB,split_errors,7.5,connected_components,metric_scc_max_size,127536.0,135962.8,6.60738928616233,0.014863876064575069,5
FAFB,split_errors,7.5,reciprocity,metric_reciprocity,0.1647380244929008,0.1647380244929008,0.0,0.0,5
FAFB,split_errors,10.0,basic_structure,metric_node_count,139255.0,151343.6,8.680909123550325,0.006187399871756999,5
FAFB,split_errors,10.0,basic_structure,metric_edge_count,5342446.0,5342446.0,0.0,0.0,5
FAFB,split_errors,10.0,basic_structure,metric_total_synapses,50666648.0,50666648.0,0.0,0.0,5
FAFB,split_errors,10.0,basic_structure,metric_weight_mean,9.48379225545752,9.48379225545752,0.0,0.0,5
FAFB,split_errors,10.0,basic_structure,metric_weight_variance,218.34257980101398,218.34257980101398,0.0,1.3017025564278883e-14,5
FAFB,split_errors,10.0,basic_structure,metric_weight_std,14.776419722010266,14.776419722010266,0.0,0.0,5
FAFB,split_errors,10.0,basic_structure,metric_weight_max,2633.0,2633.0,0.0,0.0,5
FAFB,split_errors,10.0,basic_structure,metric_density,0.0002755000389527,0.0002332463704324,-15.337082593862872,0.009639392608189258,5
FAFB,split_errors,10.0,degree_distribution,metric_total_degree_mean,76.72896484865893,70.60022382598672,-7.987519491186429,0.0052381956909409305,5
FAFB,split_errors,10.0,degree_distribution,metric_in_degree_mean,38.364482424329466,35.30011191299336,-7.987519491186429,0.005238195690934311,5
FAFB,split_errors,10.0,degree_distribution,metric_out_degree_mean,38.364482424329466,35.30011191299336,-7.987519491186429,0.005238195690934311,5
FAFB,split_errors,10.0,degree_distribution,metric_total_degree_std,199.8282025654068,185.4949420978998,-7.172791569706232,2.1012602608233144,5
FAFB,split_errors,10.0,degree_distribution,metric_in_degree_max,14786.0,14754.6,-0.21236304612471008,0.42472609224942515,5
FAFB,split_errors,10.0,degree_distribution,metric_out_degree_max,14000.0,13947.4,-0.3757142857142883,0.7514285714285713,5
FAFB,split_errors,10.0,assortativity,metric_degree_assortativity,-0.0358426018002618,-0.03551275525513982,0.9202639556137766,4.134295517396075,5
FAFB,split_errors,10.0,connected_components,metric_wcc_count,875.0,875.0,0.0,0.0,5
FAFB,split_errors,10.0,connected_components,metric_wcc_max_size,136997.0,149083.6,8.82252896048819,0.006440066570833749,5
FAFB,split_errors,10.0,connected_components,metric_scc_count,11120.0,11967.2,7.61870503597123,0.310031461745224,5
FAFB,split_errors,10.0,connected_components,metric_scc_max_size,127536.0,138767.6,8.806611466566308,0.031994810615311724,5
FAFB,split_errors,10.0,reciprocity,metric_reciprocity,0.1647380244929008,0.1647380244929008,0.0,0.0,5
FAFB,split_errors,15.0,basic_structure,metric_node_count,139255.0,157377.0,13.013536318265054,0.006374590792767843,5
FAFB,split_errors,15.0,basic_structure,metric_edge_count,5342446.0,5342446.0,0.0,0.0,5
FAFB,split_errors,15.0,basic_structure,metric_total_synapses,50666648.0,50666648.0,0.0,0.0,5
FAFB,split_errors,15.0,basic_structure,metric_weight_mean,9.48379225545752,9.48379225545752,0.0,0.0,5
FAFB,split_errors,15.0,basic_structure,metric_weight_variance,218.34257980101398,218.34257980101398,0.0,1.3017025564278883e-14,5
FAFB,split_errors,15.0,basic_structure,metric_weight_std,14.776419722010266,14.776419722010266,0.0,0.0,5
FAFB,split_errors,15.0,basic_structure,metric_weight_max,2633.0,2633.0,0.0,0.0,5
FAFB,split_errors,15.0,basic_structure,metric_density,0.0002755000389527,0.00021570508351988,-21.70415498310911,0.008831776425046343,5
FAFB,split_errors,15.0,degree_distribution,metric_total_degree_mean,76.72896484865893,67.89360601607996,-11.515024150274849,0.0049907077205244834,5
FAFB,split_errors,15.0,degree_distribution,metric_in_degree_mean,38.364482424329466,33.94680300803998,-11.515024150274849,0.0049907077205249,5
FAFB,split_errors,15.0,degree_distribution,metric_out_degree_mean,38.364482424329466,33.94680300803998,-11.515024150274849,0.0049907077205249,5
FAFB,split_errors,15.0,degree_distribution,metric_total_degree_std,199.8282025654068,180.2186050837616,-9.813228177952855,1.8043554386228566,5
FAFB,split_errors,15.0,degree_distribution,metric_in_degree_max,14786.0,14754.6,-0.21236304612471008,0.42472609224942515,5
FAFB,split_errors,15.0,degree_distribution,metric_out_degree_max,14000.0,13947.4,-0.3757142857142883,0.7514285714285713,5
FAFB,split_errors,15.0,assortativity,metric_degree_assortativity,-0.0358426018002618,-0.034765700673564895,3.004528333903043,4.7703267565228,5
FAFB,split_errors,15.0,connected_components,metric_wcc_count,875.0,875.0,0.0,0.0,5
FAFB,split_errors,15.0,connected_components,metric_wcc_max_size,136997.0,155116.2,13.225983050723746,0.0068068896264150405,5
FAFB,split_errors,15.0,connected_components,metric_scc_count,11120.0,12383.6,11.36330935251799,0.16062671627169858,5
FAFB,split_errors,15.0,connected_components,metric_scc_max_size,127536.0,144379.2,13.206624012043665,0.013826729673288874,5
FAFB,split_errors,15.0,reciprocity,metric_reciprocity,0.1647380244929008,0.1647380244929008,0.0,0.0,5
FAFB,split_errors,20.0,basic_structure,metric_node_count,139255.0,163407.0,17.343721948942587,0.006643945858300457,5
FAFB,split_errors,20.0,basic_structure,metric_edge_count,5342446.0,5342446.0,0.0,0.0,5
FAFB,split_errors,20.0,basic_structure,metric_total_synapses,50666648.0,50666648.0,0.0,0.0,5
FAFB,split_errors,20.0,basic_structure,metric_weight_mean,9.48379225545752,9.48379225545752,0.0,0.0,5
FAFB,split_errors,20.0,basic_structure,metric_weight_variance,218.34257980101398,218.34257980101398,0.0,1.3017025564278883e-14,5
FAFB,split_errors,20.0,basic_structure,metric_weight_std,14.776419722010266,14.776419722010266,0.0,0.0,5
FAFB,split_errors,20.0,basic_structure,metric_weight_max,2633.0,2633.0,0.0,0.0,5
FAFB,split_errors,20.0,basic_structure,metric_density,0.0002755000389527,0.00020007899138352,-27.376056952982452,0.008224139194972346,5
FAFB,split_errors,20.0,degree_distribution,metric_total_degree_mean,76.72896484865893,65.38821491278834,-14.780272297742075,0.004825197416367591,5
FAFB,split_errors,20.0,degree_distribution,metric_in_degree_mean,38.364482424329466,32.69410745639417,-14.780272297742075,0.004825197416367591,5
FAFB,split_errors,20.0,degree_distribution,metric_out_degree_mean,38.364482424329466,32.69410745639417,-14.780272297742075,0.004825197416367591,5
FAFB,split_errors,20.0,degree_distribution,metric_total_degree_std,199.8282025654068,173.79013967199288,-13.030224242191874,2.9123146629483743,5
FAFB,split_errors,20.0,degree_distribution,metric_in_degree_max,14786.0,13901.2,-5.984038955768966,11.968077911537941,5
FAFB,split_errors,20.0,degree_distribution,metric_out_degree_max,14000.0,12677.2,-9.448571428571423,18.897142857142857,5
FAFB,split_errors,20.0,assortativity,metric_degree_assortativity,-0.0358426018002618,-0.03581246620649322,0.08407758436878701,14.878739192890508,5
FAFB,split_errors,20.0,connected_components,metric_wcc_count,875.0,875.0,0.0,0.0,5
FAFB,split_errors,20.0,connected_components,metric_wcc_max_size,136997.0,161145.8,17.627247311984924,0.006664503433221648,5
FAFB,split_errors,20.0,connected_components,metric_scc_count,11120.0,12819.2,15.280575539568353,0.30194408304220594,5
FAFB,split_errors,20.0,connected_components,metric_scc_max_size,127536.0,149968.6,17.589229707690382,0.034039361916056644,5
FAFB,split_errors,20.0,reciprocity,metric_reciprocity,0.1647380244929008,0.1647380244929008,0.0,0.0,5
FAFB,synapse_count_measurement,0.5,basic_structure,metric_node_count,139255.0,139255.0,0.0,0.0,5
FAFB,synapse_count_measurement,0.5,basic_structure,metric_edge_count,5342446.0,5342446.0,0.0,0.0,5
FAFB,synapse_count_measurement,0.5,basic_structure,metric_total_synapses,50666648.0,50666577.6,-0.0001389474196092662,0.0004834675712513779,5
FAFB,synapse_count_measurement,0.5,basic_structure,metric_weight_mean,9.48379225545752,9.483779077972898,-0.00013894741962661505,0.0004834675712578914,5
FAFB,synapse_count_measurement,0.5,basic_structure,metric_weight_variance,218.34257980101398,218.3363434264751,-0.0028562337884602143,0.015742756158231633,5
FAFB,synapse_count_measurement,0.5,basic_structure,metric_weight_std,14.776419722010266,14.776208650182117,-0.001428436875236717,0.007871199008270489,5
FAFB,synapse_count_measurement,0.5,basic_structure,metric_weight_max,2633.0,2628.0,-0.189897455374098,0.41256287471326303,5
FAFB,synapse_count_measurement,0.5,basic_structure,metric_density,0.0002755000389527,0.0002755000389527,0.0,0.0,5
FAFB,synapse_count_measurement,0.5,degree_distribution,metric_total_degree_mean,76.72896484865893,76.72896484865893,0.0,0.0,5
FAFB,synapse_count_measurement,0.5,degree_distribution,metric_in_degree_mean,38.364482424329466,38.364482424329466,0.0,0.0,5
FAFB,synapse_count_measurement,0.5,degree_distribution,metric_out_degree_mean,38.364482424329466,38.364482424329466,0.0,0.0,5
FAFB,synapse_count_measurement,0.5,degree_distribution,metric_total_degree_std,199.8282025654068,199.8282025654068,0.0,0.0,5
FAFB,synapse_count_measurement,0.5,degree_distribution,metric_in_degree_max,14786.0,14786.0,0.0,0.0,5
FAFB,synapse_count_measurement,0.5,degree_distribution,metric_out_degree_max,14000.0,14000.0,0.0,0.0,5
FAFB,synapse_count_measurement,0.5,assortativity,metric_degree_assortativity,-0.0358426018002618,-0.0358426018002618,0.0,0.0,5
FAFB,synapse_count_measurement,0.5,connected_components,metric_wcc_count,875.0,875.0,0.0,0.0,5
FAFB,synapse_count_measurement,0.5,connected_components,metric_wcc_max_size,136997.0,136997.0,0.0,0.0,5
FAFB,synapse_count_measurement,0.5,connected_components,metric_scc_count,11120.0,11120.0,0.0,0.0,5
FAFB,synapse_count_measurement,0.5,connected_components,metric_scc_max_size,127536.0,127536.0,0.0,0.0,5
FAFB,synapse_count_measurement,0.5,reciprocity,metric_reciprocity,0.1647380244929008,0.1647380244929008,0.0,0.0,5
FAFB,synapse_count_measurement,1.0,basic_structure,metric_node_count,139255.0,139255.0,0.0,0.0,5
FAFB,synapse_count_measurement,1.0,basic_structure,metric_edge_count,5342446.0,5342446.0,0.0,0.0,5
FAFB,synapse_count_measurement,1.0,basic_structure,metric_total_synapses,50666648.0,50666621.6,-5.210528235163669e-05,0.0010951185050910599,5
FAFB,synapse_count_measurement,1.0,basic_structure,metric_weight_mean,9.48379225545752,9.483787313900786,-5.2105282364663264e-05,0.0010951185050881948,5
FAFB,synapse_count_measurement,1.0,basic_structure,metric_weight_variance,218.34257980101398,218.3491649282148,0.0030159610676135902,0.029917883333641353,5
FAFB,synapse_count_measurement,1.0,basic_structure,metric_weight_std,14.776419722010266,14.77664238056723,0.0015068505169273138,0.014957699750596827,5
FAFB,synapse_count_measurement,1.0,basic_structure,metric_weight_max,2633.0,2628.2,-0.18230155715914098,0.6816869015171917,5
FAFB,synapse_count_measurement,1.0,basic_structure,metric_density,0.0002755000389527,0.0002755000389527,0.0,0.0,5
FAFB,synapse_count_measurement,1.0,degree_distribution,metric_total_degree_mean,76.72896484865893,76.72896484865893,0.0,0.0,5
FAFB,synapse_count_measurement,1.0,degree_distribution,metric_in_degree_mean,38.364482424329466,38.364482424329466,0.0,0.0,5
FAFB,synapse_count_measurement,1.0,degree_distribution,metric_out_degree_mean,38.364482424329466,38.364482424329466,0.0,0.0,5
FAFB,synapse_count_measurement,1.0,degree_distribution,metric_total_degree_std,199.8282025654068,199.8282025654068,0.0,0.0,5
FAFB,synapse_count_measurement,1.0,degree_distribution,metric_in_degree_max,14786.0,14786.0,0.0,0.0,5
FAFB,synapse_count_measurement,1.0,degree_distribution,metric_out_degree_max,14000.0,14000.0,0.0,0.0,5
FAFB,synapse_count_measurement,1.0,assortativity,metric_degree_assortativity,-0.0358426018002618,-0.0358426018002618,0.0,0.0,5
FAFB,synapse_count_measurement,1.0,connected_components,metric_wcc_count,875.0,875.0,0.0,0.0,5
FAFB,synapse_count_measurement,1.0,connected_components,metric_wcc_max_size,136997.0,136997.0,0.0,0.0,5
FAFB,synapse_count_measurement,1.0,connected_components,metric_scc_count,11120.0,11120.0,0.0,0.0,5
FAFB,synapse_count_measurement,1.0,connected_components,metric_scc_max_size,127536.0,127536.0,0.0,0.0,5
FAFB,synapse_count_measurement,1.0,reciprocity,metric_reciprocity,0.1647380244929008,0.1647380244929008,0.0,0.0,5
FAFB,synapse_count_measurement,2.0,basic_structure,metric_node_count,139255.0,139255.0,0.0,0.0,5
FAFB,synapse_count_measurement,2.0,basic_structure,metric_edge_count,5342446.0,5342446.0,0.0,0.0,5
FAFB,synapse_count_measurement,2.0,basic_structure,metric_total_synapses,50666648.0,50666774.6,0.0002498685131123932,0.0019946707188297523,5
FAFB,synapse_count_measurement,2.0,basic_structure,metric_weight_mean,9.48379225545752,9.483815952468214,0.0002498685131088624,0.0019946707188389632,5
FAFB,synapse_count_measurement,2.0,basic_structure,metric_weight_variance,218.34257980101398,218.4288192332177,0.03949730386180561,0.05803115450649465,5
FAFB,synapse_count_measurement,2.0,basic_structure,metric_weight_std,14.776419722010266,14.779336956134362,0.019742496348765678,0.02900603846653574,5
FAFB,synapse_count_measurement,2.0,basic_structure,metric_weight_max,2633.0,2635.8,0.10634257500950178,1.3255658538160116,5
FAFB,synapse_count_measurement,2.0,basic_structure,metric_density,0.0002755000389527,0.0002755000389527,0.0,0.0,5
FAFB,synapse_count_measurement,2.0,degree_distribution,metric_total_degree_mean,76.72896484865893,76.72896484865893,0.0,0.0,5
FAFB,synapse_count_measurement,2.0,degree_distribution,metric_in_degree_mean,38.364482424329466,38.364482424329466,0.0,0.0,5
FAFB,synapse_count_measurement,2.0,degree_distribution,metric_out_degree_mean,38.364482424329466,38.364482424329466,0.0,0.0,5
FAFB,synapse_count_measurement,2.0,degree_distribution,metric_total_degree_std,199.8282025654068,199.8282025654068,0.0,0.0,5
FAFB,synapse_count_measurement,2.0,degree_distribution,metric_in_degree_max,14786.0,14786.0,0.0,0.0,5
FAFB,synapse_count_measurement,2.0,degree_distribution,metric_out_degree_max,14000.0,14000.0,0.0,0.0,5
FAFB,synapse_count_measurement,2.0,assortativity,metric_degree_assortativity,-0.0358426018002618,-0.0358426018002618,0.0,0.0,5
FAFB,synapse_count_measurement,2.0,connected_components,metric_wcc_count,875.0,875.0,0.0,0.0,5
FAFB,synapse_count_measurement,2.0,connected_components,metric_wcc_max_size,136997.0,136997.0,0.0,0.0,5
FAFB,synapse_count_measurement,2.0,connected_components,metric_scc_count,11120.0,11120.0,0.0,0.0,5
FAFB,synapse_count_measurement,2.0,connected_components,metric_scc_max_size,127536.0,127536.0,0.0,0.0,5
FAFB,synapse_count_measurement,2.0,reciprocity,metric_reciprocity,0.1647380244929008,0.1647380244929008,0.0,0.0,5
FAFB,synapse_count_measurement,3.0,basic_structure,metric_node_count,139255.0,139255.0,0.0,0.0,5
FAFB,synapse_count_measurement,3.0,basic_structure,metric_edge_count,5342446.0,5342446.0,0.0,0.0,5
FAFB,synapse_count_measurement,3.0,basic_structure,metric_total_synapses,50666648.0,50666752.0,0.00020526323351803338,0.003963068336260565,5
FAFB,synapse_count_measurement,3.0,basic_structure,metric_weight_mean,9.48379225545752,9.483811722196164,0.00020526323352314143,0.003963068336262223,5
FAFB,synapse_count_measurement,3.0,basic_structure,metric_weight_variance,218.34257980101398,218.56399542496197,0.10140744153054211,0.08778197328719292,5
FAFB,synapse_count_measurement,3.0,basic_structure,metric_weight_std,14.776419722010266,14.783908597616891,0.05068125938159926,0.043859852773613046,5
FAFB,synapse_count_measurement,3.0,basic_structure,metric_weight_max,2633.0,2648.2,0.577288264337251,1.8808707875611583,5
FAFB,synapse_count_measurement,3.0,basic_structure,metric_density,0.0002755000389527,0.0002755000389527,0.0,0.0,5
FAFB,synapse_count_measurement,3.0,degree_distribution,metric_total_degree_mean,76.72896484865893,76.72896484865893,0.0,0.0,5
FAFB,synapse_count_measurement,3.0,degree_distribution,metric_in_degree_mean,38.364482424329466,38.364482424329466,0.0,0.0,5
FAFB,synapse_count_measurement,3.0,degree_distribution,metric_out_degree_mean,38.364482424329466,38.364482424329466,0.0,0.0,5
FAFB,synapse_count_measurement,3.0,degree_distribution,metric_total_degree_std,199.8282025654068,199.8282025654068,0.0,0.0,5
FAFB,synapse_count_measurement,3.0,degree_distribution,metric_in_degree_max,14786.0,14786.0,0.0,0.0,5
FAFB,synapse_count_measurement,3.0,degree_distribution,metric_out_degree_max,14000.0,14000.0,0.0,0.0,5
FAFB,synapse_count_measurement,3.0,assortativity,metric_degree_assortativity,-0.0358426018002618,-0.0358426018002618,0.0,0.0,5
FAFB,synapse_count_measurement,3.0,connected_components,metric_wcc_count,875.0,875.0,0.0,0.0,5
FAFB,synapse_count_measurement,3.0,connected_components,metric_wcc_max_size,136997.0,136997.0,0.0,0.0,5
FAFB,synapse_count_measurement,3.0,connected_components,metric_scc_count,11120.0,11120.0,0.0,0.0,5
FAFB,synapse_count_measurement,3.0,connected_components,metric_scc_max_size,127536.0,127536.0,0.0,0.0,5
FAFB,synapse_count_measurement,3.0,reciprocity,metric_reciprocity,0.1647380244929008,0.1647380244929008,0.0,0.0,5
FAFB,synapse_count_measurement,5.0,basic_structure,metric_node_count,139255.0,139255.0,0.0,0.0,5
FAFB,synapse_count_measurement,5.0,basic_structure,metric_edge_count,5342446.0,5342446.0,0.0,0.0,5
FAFB,synapse_count_measurement,5.0,basic_structure,metric_total_synapses,50666648.0,50666873.0,0.0004440791109765146,0.0055645241622341475,5
FAFB,synapse_count_measurement,5.0,basic_structure,metric_weight_mean,9.48379225545752,9.483834370997855,0.0004440791109794611,0.005564524162231321,5
FAFB,synapse_count_measurement,5.0,basic_structure,metric_weight_variance,218.34257980101398,219.0362277286028,0.31768788672414133,0.14516141181266576,5
FAFB,synapse_count_measurement,5.0,basic_structure,metric_weight_std,14.776419722010266,14.7998686868813,0.15869178943331094,0.07244102236442698,5
FAFB,synapse_count_measurement,5.0,basic_structure,metric_weight_max,2633.0,2674.8,1.587542726927466,2.9542478413810533,5
FAFB,synapse_count_measurement,5.0,basic_structure,metric_density,0.0002755000389527,0.0002755000389527,0.0,0.0,5
FAFB,synapse_count_measurement,5.0,degree_distribution,metric_total_degree_mean,76.72896484865893,76.72896484865893,0.0,0.0,5
FAFB,synapse_count_measurement,5.0,degree_distribution,metric_in_degree_mean,38.364482424329466,38.364482424329466,0.0,0.0,5
FAFB,synapse_count_measurement,5.0,degree_distribution,metric_out_degree_mean,38.364482424329466,38.364482424329466,0.0,0.0,5
FAFB,synapse_count_measurement,5.0,degree_distribution,metric_total_degree_std,199.8282025654068,199.8282025654068,0.0,0.0,5
FAFB,synapse_count_measurement,5.0,degree_distribution,metric_in_degree_max,14786.0,14786.0,0.0,0.0,5
FAFB,synapse_count_measurement,5.0,degree_distribution,metric_out_degree_max,14000.0,14000.0,0.0,0.0,5
FAFB,synapse_count_measurement,5.0,assortativity,metric_degree_assortativity,-0.0358426018002618,-0.0358426018002618,0.0,0.0,5
FAFB,synapse_count_measurement,5.0,connected_components,metric_wcc_count,875.0,875.0,0.0,0.0,5
FAFB,synapse_count_measurement,5.0,connected_components,metric_wcc_max_size,136997.0,136997.0,0.0,0.0,5
FAFB,synapse_count_measurement,5.0,connected_components,metric_scc_count,11120.0,11120.0,0.0,0.0,5
FAFB,synapse_count_measurement,5.0,connected_components,metric_scc_max_size,127536.0,127536.0,0.0,0.0,5
FAFB,synapse_count_measurement,5.0,reciprocity,metric_reciprocity,0.1647380244929008,0.1647380244929008,0.0,0.0,5
FAFB,synapse_count_measurement,7.5,basic_structure,metric_node_count,139255.0,139255.0,0.0,0.0,5
FAFB,synapse_count_measurement,7.5,basic_structure,metric_edge_count,5342446.0,5342446.0,0.0,0.0,5
FAFB,synapse_count_measurement,7.5,basic_structure,metric_total_synapses,50666648.0,50667518.6,0.0017182901067414014,0.008167248365318222,5
FAFB,synapse_count_measurement,7.5,basic_structure,metric_weight_mean,9.48379225545752,9.483955214521588,0.0017182901067326292,0.00816724836532186,5
FAFB,synapse_count_measurement,7.5,basic_structure,metric_weight_variance,218.34257980101398,219.96324136200087,0.7422563031287234,0.2154794615227459,5
FAFB,synapse_count_measurement,7.5,basic_structure,metric_weight_std,14.776419722010266,14.8311493160849,0.3703846743951933,0.10728758925791561,5
FAFB,synapse_count_measurement,7.5,basic_structure,metric_weight_max,2633.0,2710.0,2.924420812761109,4.244673287162345,5
FAFB,synapse_count_measurement,7.5,basic_structure,metric_density,0.0002755000389527,0.0002755000389527,0.0,0.0,5
FAFB,synapse_count_measurement,7.5,degree_distribution,metric_total_degree_mean,76.72896484865893,76.72896484865893,0.0,0.0,5
FAFB,synapse_count_measurement,7.5,degree_distribution,metric_in_degree_mean,38.364482424329466,38.364482424329466,0.0,0.0,5
FAFB,synapse_count_measurement,7.5,degree_distribution,metric_out_degree_mean,38.364482424329466,38.364482424329466,0.0,0.0,5
FAFB,synapse_count_measurement,7.5,degree_distribution,metric_total_degree_std,199.8282025654068,199.8282025654068,0.0,0.0,5
FAFB,synapse_count_measurement,7.5,degree_distribution,metric_in_degree_max,14786.0,14786.0,0.0,0.0,5
FAFB,synapse_count_measurement,7.5,degree_distribution,metric_out_degree_max,14000.0,14000.0,0.0,0.0,5
FAFB,synapse_count_measurement,7.5,assortativity,metric_degree_assortativity,-0.0358426018002618,-0.0358426018002618,0.0,0.0,5
FAFB,synapse_count_measurement,7.5,connected_components,metric_wcc_count,875.0,875.0,0.0,0.0,5
FAFB,synapse_count_measurement,7.5,connected_components,metric_wcc_max_size,136997.0,136997.0,0.0,0.0,5
FAFB,synapse_count_measurement,7.5,connected_components,metric_scc_count,11120.0,11120.0,0.0,0.0,5
FAFB,synapse_count_measurement,7.5,connected_components,metric_scc_max_size,127536.0,127536.0,0.0,0.0,5
FAFB,synapse_count_measurement,7.5,reciprocity,metric_reciprocity,0.1647380244929008,0.1647380244929008,0.0,0.0,5
FAFB,synapse_count_measurement,10.0,basic_structure,metric_node_count,139255.0,139255.0,0.0,0.0,5
FAFB,synapse_count_measurement,10.0,basic_structure,metric_edge_count,5342446.0,5342446.0,0.0,0.0,5
FAFB,synapse_count_measurement,10.0,basic_structure,metric_total_synapses,50666648.0,50667779.0,0.0022322376645086133,0.011787520429363728,5
FAFB,synapse_count_measurement,10.0,basic_structure,metric_weight_mean,9.48379225545752,9.484003956240269,0.0022322376645009475,0.011787520429364115,5
FAFB,synapse_count_measurement,10.0,basic_structure,metric_weight_variance,218.34257980101398,221.26865743398966,1.340131473962775,0.2860327794083994,5
FAFB,synapse_count_measurement,10.0,basic_structure,metric_weight_std,14.776419722010266,14.875087137394562,0.6677356033500199,0.1419714418278731,5
FAFB,synapse_count_measurement,10.0,basic_structure,metric_weight_max,2633.0,2745.4,4.268894796809726,5.547845627499718,5
FAFB,synapse_count_measurement,10.0,basic_structure,metric_density,0.0002755000389527,0.0002755000389527,0.0,0.0,5
FAFB,synapse_count_measurement,10.0,degree_distribution,metric_total_degree_mean,76.72896484865893,76.72896484865893,0.0,0.0,5
FAFB,synapse_count_measurement,10.0,degree_distribution,metric_in_degree_mean,38.364482424329466,38.364482424329466,0.0,0.0,5
FAFB,synapse_count_measurement,10.0,degree_distribution,metric_out_degree_mean,38.364482424329466,38.364482424329466,0.0,0.0,5
FAFB,synapse_count_measurement,10.0,degree_distribution,metric_total_degree_std,199.8282025654068,199.8282025654068,0.0,0.0,5
FAFB,synapse_count_measurement,10.0,degree_distribution,metric_in_degree_max,14786.0,14786.0,0.0,0.0,5
FAFB,synapse_count_measurement,10.0,degree_distribution,metric_out_degree_max,14000.0,14000.0,0.0,0.0,5
FAFB,synapse_count_measurement,10.0,assortativity,metric_degree_assortativity,-0.0358426018002618,-0.0358426018002618,0.0,0.0,5
FAFB,synapse_count_measurement,10.0,connected_components,metric_wcc_count,875.0,875.0,0.0,0.0,5
FAFB,synapse_count_measurement,10.0,connected_components,metric_wcc_max_size,136997.0,136997.0,0.0,0.0,5
FAFB,synapse_count_measurement,10.0,connected_components,metric_scc_count,11120.0,11120.0,0.0,0.0,5
FAFB,synapse_count_measurement,10.0,connected_components,metric_scc_max_size,127536.0,127536.0,0.0,0.0,5
FAFB,synapse_count_measurement,10.0,reciprocity,metric_reciprocity,0.1647380244929008,0.1647380244929008,0.0,0.0,5
FAFB,synapse_count_measurement,15.0,basic_structure,metric_node_count,139255.0,139255.0,0.0,0.0,5
FAFB,synapse_count_measurement,15.0,basic_structure,metric_edge_count,5342446.0,5342446.0,0.0,0.0,5
FAFB,synapse_count_measurement,15.0,basic_structure,metric_total_synapses,50666648.0,50668476.8,0.0036094750140112284,0.016563069517573064,5
FAFB,synapse_count_measurement,15.0,basic_structure,metric_weight_mean,9.48379225545752,9.48413457056936,0.003609475014000602,0.016563069517575267,5
FAFB,synapse_count_measurement,15.0,basic_structure,metric_weight_variance,218.34257980101398,225.00211348151956,3.0500389280802334,0.4263885286540462,5
FAFB,synapse_count_measurement,15.0,basic_structure,metric_weight_std,14.776419722010266,15.0000384133838,1.5133482641971963,0.20980228749510865,5
FAFB,synapse_count_measurement,15.0,basic_structure,metric_weight_max,2633.0,2816.2,6.957842764906943,8.170213937685526,5
FAFB,synapse_count_measurement,15.0,basic_structure,metric_density,0.0002755000389527,0.0002755000389527,0.0,0.0,5
FAFB,synapse_count_measurement,15.0,degree_distribution,metric_total_degree_mean,76.72896484865893,76.72896484865893,0.0,0.0,5
FAFB,synapse_count_measurement,15.0,degree_distribution,metric_in_degree_mean,38.364482424329466,38.364482424329466,0.0,0.0,5
FAFB,synapse_count_measurement,15.0,degree_distribution,metric_out_degree_mean,38.364482424329466,38.364482424329466,0.0,0.0,5
FAFB,synapse_count_measurement,15.0,degree_distribution,metric_total_degree_std,199.8282025654068,199.8282025654068,0.0,0.0,5
FAFB,synapse_count_measurement,15.0,degree_distribution,metric_in_degree_max,14786.0,14786.0,0.0,0.0,5
FAFB,synapse_count_measurement,15.0,degree_distribution,metric_out_degree_max,14000.0,14000.0,0.0,0.0,5
FAFB,synapse_count_measurement,15.0,assortativity,metric_degree_assortativity,-0.0358426018002618,-0.0358426018002618,0.0,0.0,5
FAFB,synapse_count_measurement,15.0,connected_components,metric_wcc_count,875.0,875.0,0.0,0.0,5
FAFB,synapse_count_measurement,15.0,connected_components,metric_wcc_max_size,136997.0,136997.0,0.0,0.0,5
FAFB,synapse_count_measurement,15.0,connected_components,metric_scc_count,11120.0,11120.0,0.0,0.0,5
FAFB,synapse_count_measurement,15.0,connected_components,metric_scc_max_size,127536.0,127536.0,0.0,0.0,5
FAFB,synapse_count_measurement,15.0,reciprocity,metric_reciprocity,0.1647380244929008,0.1647380244929008,0.0,0.0,5
FAFB,synapse_count_measurement,20.0,basic_structure,metric_node_count,139255.0,139255.0,0.0,0.0,5
FAFB,synapse_count_measurement,20.0,basic_structure,metric_edge_count,5342446.0,5342446.0,0.0,0.0,5
FAFB,synapse_count_measurement,20.0,basic_structure,metric_total_synapses,50666648.0,50672290.0,0.011135530418353311,0.022433106446852532,5
FAFB,synapse_count_measurement,20.0,basic_structure,metric_weight_mean,9.48379225545752,9.484848326028938,0.011135530418344782,0.022433106446843737,5
FAFB,synapse_count_measurement,20.0,basic_structure,metric_weight_variance,218.34257980101398,230.25358190535908,5.45518978258852,0.5628801565765199,5
FAFB,synapse_count_measurement,20.0,basic_structure,metric_weight_std,14.776419722010266,15.17405503789982,2.6910125955427135,0.2736975720460963,5
FAFB,synapse_count_measurement,20.0,basic_structure,metric_weight_max,2633.0,2897.0,10.026585643752375,10.329108962429343,5
FAFB,synapse_count_measurement,20.0,basic_structure,metric_density,0.0002755000389527,0.0002755000389527,0.0,0.0,5
FAFB,synapse_count_measurement,20.0,degree_distribution,metric_total_degree_mean,76.72896484865893,76.72896484865893,0.0,0.0,5
FAFB,synapse_count_measurement,20.0,degree_distribution,metric_in_degree_mean,38.364482424329466,38.364482424329466,0.0,0.0,5
FAFB,synapse_count_measurement,20.0,degree_distribution,metric_out_degree_mean,38.364482424329466,38.364482424329466,0.0,0.0,5
FAFB,synapse_count_measurement,20.0,degree_distribution,metric_total_degree_std,199.8282025654068,199.8282025654068,0.0,0.0,5
FAFB,synapse_count_measurement,20.0,degree_distribution,metric_in_degree_max,14786.0,14786.0,0.0,0.0,5
FAFB,synapse_count_measurement,20.0,degree_distribution,metric_out_degree_max,14000.0,14000.0,0.0,0.0,5
FAFB,synapse_count_measurement,20.0,assortativity,metric_degree_assortativity,-0.0358426018002618,-0.0358426018002618,0.0,0.0,5
FAFB,synapse_count_measurement,20.0,connected_components,metric_wcc_count,875.0,875.0,0.0,0.0,5
FAFB,synapse_count_measurement,20.0,connected_components,metric_wcc_max_size,136997.0,136997.0,0.0,0.0,5
FAFB,synapse_count_measurement,20.0,connected_components,metric_scc_count,11120.0,11120.0,0.0,0.0,5
FAFB,synapse_count_measurement,20.0,connected_components,metric_scc_max_size,127536.0,127536.0,0.0,0.0,5
FAFB,synapse_count_measurement,20.0,reciprocity,metric_reciprocity,0.1647380244929008,0.1647380244929008,0.0,0.0,5
MANC,merge_errors,0.5,basic_structure,metric_node_count,23665.0,23606.0,-0.24931333192478342,0.0,1
MANC,merge_errors,0.5,basic_structure,metric_edge_count,6239883.0,6230160.0,-0.15582022932160747,0.0,1
MANC,merge_errors,0.5,basic_structure,metric_total_synapses,30934610.0,30934196.0,-0.0013383068349657552,0.0,1
MANC,merge_errors,0.5,basic_structure,metric_weight_mean,4.957562505579031,4.9652329956213,0.15472301223911966,0.0,1
MANC,merge_errors,0.5,basic_structure,metric_weight_variance,156.95645821232384,157.43497587987844,0.3048728755762828,0.0,1
MANC,merge_errors,0.5,basic_structure,metric_weight_std,12.528226459173055,12.547309507614708,0.15232043022083314,0.0,1
MANC,merge_errors,0.5,basic_structure,metric_weight_max,1001.0,1001.0,0.0,0.0,1
MANC,merge_errors,0.5,basic_structure,metric_density,0.0111424778935521,0.0111807977762736,0.3439080883765999,0.0,1
MANC,merge_errors,0.5,degree_distribution,metric_total_degree_mean,527.3511937460385,527.8454630178768,0.09372677595120114,0.0,1
MANC,merge_errors,0.5,degree_distribution,metric_in_degree_mean,263.67559687301923,263.9227315089384,0.09372677595120114,0.0,1
MANC,merge_errors,0.5,degree_distribution,metric_out_degree_mean,263.67559687301923,263.9227315089384,0.09372677595120114,0.0,1
MANC,merge_errors,0.5,degree_distribution,metric_total_degree_std,547.819079564865,547.8490460306388,0.005470139119211518,0.0,1
MANC,merge_errors,0.5,degree_distribution,metric_in_degree_max,3625.0,3623.0,-0.05517241379310345,0.0,1
MANC,merge_errors,0.5,degree_distribution,metric_out_degree_max,6552.0,6548.0,-0.06105006105006105,0.0,1
MANC,merge_errors,0.5,assortativity,metric_degree_assortativity,0.0369423897310833,0.0370008899765895,0.15835533632784896,0.0,1
MANC,merge_errors,0.5,connected_components,metric_wcc_count,25.0,25.0,0.0,0.0,1
MANC,merge_errors,0.5,connected_components,metric_wcc_max_size,23641.0,23582.0,-0.24956643120003383,0.0,1
MANC,merge_errors,0.5,connected_components,metric_scc_count,95.0,95.0,0.0,0.0,1
MANC,merge_errors,0.5,connected_components,metric_scc_max_size,23569.0,23510.0,-0.2503288217573932,0.0,1
MANC,merge_errors,0.5,reciprocity,metric_reciprocity,0.2852700894141373,0.2856472381421989,0.13220759625944656,0.0,1
MANC,merge_errors,1.0,basic_structure,metric_node_count,23665.0,23547.0,-0.49862666384956683,0.0,1
MANC,merge_errors,1.0,basic_structure,metric_edge_count,6239883.0,6218124.0,-0.3487084613605736,0.0,1
MANC,merge_errors,1.0,basic_structure,metric_total_synapses,30934610.0,30933832.0,-0.0025149824096699458,0.0,1
MANC,merge_errors,1.0,basic_structure,metric_weight_mean,4.957562505579031,4.974785321103278,0.3474049092646804,0.0,1
MANC,merge_errors,1.0,basic_structure,metric_weight_variance,156.95645821232384,158.06701324079822,0.7075561216933614,0.0,1
MANC,merge_errors,1.0,basic_structure,metric_weight_std,12.528226459173055,12.572470450981312,0.35315447044670567,0.0,1
MANC,merge_errors,1.0,basic_structure,metric_weight_max,1001.0,1001.0,0.0,0.0,1
MANC,merge_errors,1.0,basic_structure,metric_density,0.0111424778935521,0.0112151905005327,0.6525712473944186,0.0,1
MANC,merge_errors,1.0,degree_distribution,metric_total_degree_mean,527.3511937460385,528.1457510510893,0.15066948069401218,0.0,1
MANC,merge_errors,1.0,degree_distribution,metric_in_degree_mean,263.67559687301923,264.07287552554465,0.15066948069401218,0.0,1
MANC,merge_errors,1.0,degree_distribution,metric_out_degree_mean,263.67559687301923,264.07287552554465,0.15066948069401218,0.0,1
MANC,merge_errors,1.0,degree_distribution,metric_total_degree_std,547.819079564865,547.8813624638262,0.011369246031140196,0.0,1
MANC,merge_errors,1.0,degree_distribution,metric_in_degree_max,3625.0,3619.0,-0.16551724137931034,0.0,1
MANC,merge_errors,1.0,degree_distribution,metric_out_degree_max,6552.0,6540.0,-0.18315018315018314,0.0,1
MANC,merge_errors,1.0,assortativity,metric_degree_assortativity,0.0369423897310833,0.0370288639966753,0.2340786998932109,0.0,1
MANC,merge_errors,1.0,connected_components,metric_wcc_count,25.0,25.0,0.0,0.0,1
MANC,merge_errors,1.0,connected_components,metric_wcc_max_size,23641.0,23523.0,-0.49913286240006766,0.0,1
MANC,merge_errors,1.0,connected_components,metric_scc_count,95.0,95.0,0.0,0.0,1
MANC,merge_errors,1.0,connected_components,metric_scc_max_size,23569.0,23451.0,-0.5006576435147864,0.0,1
MANC,merge_errors,1.0,reciprocity,metric_reciprocity,0.2852700894141373,0.2860219598261972,0.26356440438745443,0.0,1
MANC,merge_errors,2.0,basic_structure,metric_node_count,23665.0,23430.0,-0.9930276780054934,0.0,1
MANC,merge_errors,2.0,basic_structure,metric_edge_count,6239883.0,6188054.0,-0.8306085226277481,0.0,1
MANC,merge_errors,2.0,basic_structure,metric_total_synapses,30934610.0,30932588.0,-0.006536368164977674,0.0,1
MANC,merge_errors,2.0,basic_structure,metric_weight_mean,4.957562505579031,4.99875857579782,0.830974297801148,0.0,1
MANC,merge_errors,2.0,basic_structure,metric_weight_variance,156.95645821232384,159.90415443423396,1.8780343641053663,0.0,1
MANC,merge_errors,2.0,basic_structure,metric_weight_std,12.528226459173055,12.645321444480324,0.9346493351541597,0.0,1
MANC,merge_errors,2.0,basic_structure,metric_weight_max,1001.0,1001.0,0.0,0.0,1
MANC,merge_errors,2.0,basic_structure,metric_density,0.0111424778935521,0.0112727027163752,1.1687240851378105,0.0,1
MANC,merge_errors,2.0,degree_distribution,metric_total_degree_mean,527.3511937460385,528.2163038839095,0.16404819940308615,0.0,1
MANC,merge_errors,2.0,degree_distribution,metric_in_degree_mean,263.67559687301923,264.1081519419548,0.16404819940310772,0.0,1
MANC,merge_errors,2.0,degree_distribution,metric_out_degree_mean,263.67559687301923,264.1081519419548,0.16404819940310772,0.0,1
MANC,merge_errors,2.0,degree_distribution,metric_total_degree_std,547.819079564865,547.5610532465935,-0.04710064470124986,0.0,1
MANC,merge_errors,2.0,degree_distribution,metric_in_degree_max,3625.0,3613.0,-0.3310344827586207,0.0,1
MANC,merge_errors,2.0,degree_distribution,metric_out_degree_max,6552.0,6529.0,-0.35103785103785107,0.0,1
MANC,merge_errors,2.0,assortativity,metric_degree_assortativity,0.0369423897310833,0.0365225630131679,-1.1364362754317352,0.0,1
MANC,merge_errors,2.0,connected_components,metric_wcc_count,25.0,25.0,0.0,0.0,1
MANC,merge_errors,2.0,connected_components,metric_wcc_max_size,23641.0,23406.0,-0.9940357852882704,0.0,1
MANC,merge_errors,2.0,connected_components,metric_scc_count,95.0,95.0,0.0,0.0,1
MANC,merge_errors,2.0,connected_components,metric_scc_max_size,23569.0,23334.0,-0.9970724256438542,0.0,1
MANC,merge_errors,2.0,reciprocity,metric_reciprocity,0.2852700894141373,0.2869024817663573,0.572226957117193,0.0,1
MANC,merge_errors,3.0,basic_structure,metric_node_count,23665.0,23312.0,-1.4916543418550603,0.0,1
MANC,merge_errors,3.0,basic_structure,metric_edge_count,6239883.0,6161185.0,-1.2612095451148684,0.0,1
MANC,merge_errors,3.0,basic_structure,metric_total_synapses,30934610.0,30931157.0,-0.011162254833663654,0.0,1
MANC,merge_errors,3.0,basic_structure,metric_weight_mean,4.957562505579031,5.0203259600223005,1.2660143845415524,0.0,1
MANC,merge_errors,3.0,basic_structure,metric_weight_variance,156.95645821232384,161.64439024950144,2.98677231288946,0.0,1
MANC,merge_errors,3.0,basic_structure,metric_weight_std,12.528226459173055,12.713944716314504,1.482398627983515,0.0,1
MANC,merge_errors,3.0,basic_structure,metric_weight_max,1001.0,1001.0,0.0,0.0,1
MANC,merge_errors,3.0,basic_structure,metric_density,0.0111424778935521,0.0113376699627816,1.7517833204987028,0.0,1
MANC,merge_errors,3.0,degree_distribution,metric_total_degree_mean,527.3511937460385,528.5848490048044,0.23393428769974683,0.0,1
MANC,merge_errors,3.0,degree_distribution,metric_in_degree_mean,263.67559687301923,264.2924245024022,0.23393428769974683,0.0,1
MANC,merge_errors,3.0,degree_distribution,metric_out_degree_mean,263.67559687301923,264.2924245024022,0.23393428769974683,0.0,1
MANC,merge_errors,3.0,degree_distribution,metric_total_degree_std,547.819079564865,547.5447124088141,-0.05008353419687178,0.0,1
MANC,merge_errors,3.0,degree_distribution,metric_in_degree_max,3625.0,3594.0,-0.8551724137931035,0.0,1
MANC,merge_errors,3.0,degree_distribution,metric_out_degree_max,6552.0,6510.0,-0.641025641025641,0.0,1
MANC,merge_errors,3.0,assortativity,metric_degree_assortativity,0.0369423897310833,0.035796898861997,-3.100749240708919,0.0,1
MANC,merge_errors,3.0,connected_components,metric_wcc_count,25.0,25.0,0.0,0.0,1
MANC,merge_errors,3.0,connected_components,metric_wcc_max_size,23641.0,23288.0,-1.4931686476883381,0.0,1
MANC,merge_errors,3.0,connected_components,metric_scc_count,95.0,95.0,0.0,0.0,1
MANC,merge_errors,3.0,connected_components,metric_scc_max_size,23569.0,23216.0,-1.4977300691586406,0.0,1
MANC,merge_errors,3.0,reciprocity,metric_reciprocity,0.2852700894141373,0.2877936772446281,0.8846310651332426,0.0,1
MANC,merge_errors,5.0,basic_structure,metric_node_count,23665.0,23077.0,-2.4846820198605535,0.0,1
MANC,merge_errors,5.0,basic_structure,metric_edge_count,6239883.0,6103075.0,-2.192477006379767,0.0,1
MANC,merge_errors,5.0,basic_structure,metric_total_synapses,30934610.0,30929213.0,-0.01744647823263329,0.0,1
MANC,merge_errors,5.0,basic_structure,metric_weight_mean,4.957562505579031,5.067808113123303,2.2237865366337988,0.0,1
MANC,merge_errors,5.0,basic_structure,metric_weight_variance,156.95645821232384,165.49421011966612,5.439567128733745,0.0,1
MANC,merge_errors,5.0,basic_structure,metric_weight_std,12.528226459173055,12.864455298210885,2.683770445350195,0.0,1
MANC,merge_errors,5.0,basic_structure,metric_weight_max,1001.0,1001.0,0.0,0.0,1
MANC,merge_errors,5.0,basic_structure,metric_density,0.0111424778935521,0.0114606388360631,2.8553876933883076,0.0,1
MANC,merge_errors,5.0,degree_distribution,metric_total_degree_mean,527.3511937460385,528.9314035619881,0.2996503724064029,0.0,1
MANC,merge_errors,5.0,degree_distribution,metric_in_degree_mean,263.67559687301923,264.46570178099404,0.2996503724064029,0.0,1
MANC,merge_errors,5.0,degree_distribution,metric_out_degree_mean,263.67559687301923,264.46570178099404,0.2996503724064029,0.0,1
MANC,merge_errors,5.0,degree_distribution,metric_total_degree_std,547.819079564865,546.4293408127879,-0.2536857155798455,0.0,1
MANC,merge_errors,5.0,degree_distribution,metric_in_degree_max,3625.0,3578.0,-1.296551724137931,0.0,1
MANC,merge_errors,5.0,degree_distribution,metric_out_degree_max,6552.0,6471.0,-1.2362637362637363,0.0,1
MANC,merge_errors,5.0,assortativity,metric_degree_assortativity,0.0369423897310833,0.0344017940212611,-6.877182901041561,0.0,1
MANC,merge_errors,5.0,connected_components,metric_wcc_count,25.0,25.0,0.0,0.0,1
MANC,merge_errors,5.0,connected_components,metric_wcc_max_size,23641.0,23053.0,-2.4872044329766085,0.0,1
MANC,merge_errors,5.0,connected_components,metric_scc_count,95.0,95.0,0.0,0.0,1
MANC,merge_errors,5.0,connected_components,metric_scc_max_size,23569.0,22981.0,-2.494802494802495,0.0,1
MANC,merge_errors,5.0,reciprocity,metric_reciprocity,0.2852700894141373,0.2895073861599374,1.4853631358626762,0.0,1
MANC,merge_errors,7.5,basic_structure,metric_node_count,23665.0,22783.0,-3.72702302979083,0.0,1
MANC,merge_errors,7.5,basic_structure,metric_edge_count,6239883.0,6034338.0,-3.2940521480931615,0.0,1
MANC,merge_errors,7.5,basic_structure,metric_total_synapses,30934610.0,30926380.0,-0.026604505439053537,0.0,1
MANC,merge_errors,7.5,basic_structure,metric_weight_mean,4.957562505579031,5.125065914438336,3.3787452739285353,0.0,1
MANC,merge_errors,7.5,basic_structure,metric_weight_variance,156.95645821232384,170.5353236767699,8.651358229603506,0.0,1
MANC,merge_errors,7.5,basic_structure,metric_weight_std,12.528226459173055,13.058917400641215,4.235962234539535,0.0,1
MANC,merge_errors,7.5,basic_structure,metric_weight_max,1001.0,1001.0,0.0,0.0,1
MANC,merge_errors,7.5,basic_structure,metric_density,0.0111424778935521,0.0116259078118383,4.33862129146291,0.0,1
MANC,merge_errors,7.5,degree_distribution,metric_total_degree_mean,527.3511937460385,529.7228635386033,0.44973251614691107,0.0,1
MANC,merge_errors,7.5,degree_distribution,metric_in_degree_mean,263.67559687301923,264.86143176930165,0.44973251614691107,0.0,1
MANC,merge_errors,7.5,degree_distribution,metric_out_degree_mean,263.67559687301923,264.86143176930165,0.44973251614691107,0.0,1
MANC,merge_errors,7.5,degree_distribution,metric_total_degree_std,547.819079564865,545.6385083796941,-0.39804586340856746,0.0,1
MANC,merge_errors,7.5,degree_distribution,metric_in_degree_max,3625.0,3553.0,-1.9862068965517243,0.0,1
MANC,merge_errors,7.5,degree_distribution,metric_out_degree_max,6552.0,6435.0,-1.7857142857142856,0.0,1
MANC,merge_errors,7.5,assortativity,metric_degree_assortativity,0.0369423897310833,0.0341283728852534,-7.6173113496828915,0.0,1
MANC,merge_errors,7.5,connected_components,metric_wcc_count,25.0,25.0,0.0,0.0,1
MANC,merge_errors,7.5,connected_components,metric_wcc_max_size,23641.0,22759.0,-3.730806649464913,0.0,1
MANC,merge_errors,7.5,connected_components,metric_scc_count,95.0,95.0,0.0,0.0,1
MANC,merge_errors,7.5,connected_components,metric_scc_max_size,23569.0,22687.0,-3.7422037422037424,0.0,1
MANC,merge_errors,7.5,reciprocity,metric_reciprocity,0.2852700894141373,0.2912509667648332,2.0965665776523976,0.0,1
MANC,merge_errors,10.0,basic_structure,metric_node_count,23665.0,22489.0,-4.969364039721107,0.0,1
MANC,merge_errors,10.0,basic_structure,metric_edge_count,6239883.0,5969387.0,-4.334953075241955,0.0,1
MANC,merge_errors,10.0,basic_structure,metric_total_synapses,30934610.0,30923230.0,-0.03678727483553211,0.0,1
MANC,merge_errors,10.0,basic_structure,metric_weight_mean,4.957562505579031,5.180302433063898,4.492932307645227,0.0,1
MANC,merge_errors,10.0,basic_structure,metric_weight_variance,156.95645821232384,174.91787923832138,11.443569274288869,0.0,1
MANC,merge_errors,10.0,basic_structure,metric_weight_std,12.528226459173055,13.225652318064368,5.566836304915799,0.0,1
MANC,merge_errors,10.0,basic_structure,metric_weight_max,1001.0,1001.0,0.0,0.0,1
MANC,merge_errors,10.0,basic_structure,metric_density,0.0111424778935521,0.0118034443939144,5.931952539432789,0.0,1
MANC,merge_errors,10.0,degree_distribution,metric_total_degree_mean,527.3511937460385,530.8717150606964,0.6675857296633567,0.0,1
MANC,merge_errors,10.0,degree_distribution,metric_in_degree_mean,263.67559687301923,265.4358575303482,0.6675857296633567,0.0,1
MANC,merge_errors,10.0,degree_distribution,metric_out_degree_mean,263.67559687301923,265.4358575303482,0.6675857296633567,0.0,1
MANC,merge_errors,10.0,degree_distribution,metric_total_degree_std,547.819079564865,545.38944369021,-0.44351063431103227,0.0,1
MANC,merge_errors,10.0,degree_distribution,metric_in_degree_max,3625.0,3538.0,-2.4,0.0,1
MANC,merge_errors,10.0,degree_distribution,metric_out_degree_max,6552.0,6384.0,-2.564102564102564,0.0,1
MANC,merge_errors,10.0,assortativity,metric_degree_assortativity,0.0369423897310833,0.034139114454551,-7.588234808138641,0.0,1
MANC,merge_errors,10.0,connected_components,metric_wcc_count,25.0,25.0,0.0,0.0,1
MANC,merge_errors,10.0,connected_components,metric_wcc_max_size,23641.0,22465.0,-4.974408865953217,0.0,1
MANC,merge_errors,10.0,connected_components,metric_scc_count,95.0,95.0,0.0,0.0,1
MANC,merge_errors,10.0,connected_components,metric_scc_max_size,23569.0,22393.0,-4.98960498960499,0.0,1
MANC,merge_errors,10.0,reciprocity,metric_reciprocity,0.2852700894141373,0.2931330881921817,2.7563348103520964,0.0,1
MANC,merge_errors,15.0,basic_structure,metric_node_count,23665.0,21902.0,-7.449820409888021,0.0,1
MANC,merge_errors,15.0,basic_structure,metric_edge_count,6239883.0,5842233.0,-6.372715642264446,0.0,1
MANC,merge_errors,15.0,basic_structure,metric_total_synapses,30934610.0,30915423.0,-0.06202437981277281,0.0,1
MANC,merge_errors,15.0,basic_structure,metric_weight_mean,4.957562505579031,5.291713459562465,6.740226746660166,0.0,1
MANC,merge_errors,15.0,basic_structure,metric_weight_variance,156.95645821232384,184.6893095504464,17.66913681283938,0.0,1
MANC,merge_errors,15.0,basic_structure,metric_weight_std,12.528226459173055,13.590044501415234,8.475405882088959,0.0,1
MANC,merge_errors,15.0,basic_structure,metric_weight_max,1001.0,1001.0,0.0,0.0,1
MANC,merge_errors,15.0,basic_structure,metric_density,0.0111424778935521,0.0121795475060356,9.307351761349496,0.0,1
MANC,merge_errors,15.0,degree_distribution,metric_total_degree_mean,527.3511937460385,533.4885398593735,1.1638062426176454,0.0,1
MANC,merge_errors,15.0,degree_distribution,metric_in_degree_mean,263.67559687301923,266.7442699296868,1.1638062426176672,0.0,1
MANC,merge_errors,15.0,degree_distribution,metric_out_degree_mean,263.67559687301923,266.7442699296868,1.1638062426176672,0.0,1
MANC,merge_errors,15.0,degree_distribution,metric_total_degree_std,547.819079564865,544.3766485331216,-0.6283883055839697,0.0,1
MANC,merge_errors,15.0,degree_distribution,metric_in_degree_max,3625.0,3492.0,-3.6689655172413795,0.0,1
MANC,merge_errors,15.0,degree_distribution,metric_out_degree_max,6552.0,6294.0,-3.9377289377289375,0.0,1
MANC,merge_errors,15.0,assortativity,metric_degree_assortativity,0.0369423897310833,0.0332681747125335,-9.945796807666488,0.0,1
MANC,merge_errors,15.0,connected_components,metric_wcc_count,25.0,25.0,0.0,0.0,1
MANC,merge_errors,15.0,connected_components,metric_wcc_max_size,23641.0,21878.0,-7.45738335941796,0.0,1
MANC,merge_errors,15.0,connected_components,metric_scc_count,95.0,95.0,0.0,0.0,1
MANC,merge_errors,15.0,connected_components,metric_scc_max_size,23569.0,21806.0,-7.480164623021766,0.0,1
MANC,merge_errors,15.0,reciprocity,metric_reciprocity,0.2852700894141373,0.2965072392274278,3.939126543679489,0.0,1
MANC,merge_errors,20.0,basic_structure,metric_node_count,23665.0,21314.0,-9.934502429748573,0.0,1
MANC,merge_errors,20.0,basic_structure,metric_edge_count,6239883.0,5724132.0,-8.265395360778399,0.0,1
MANC,merge_errors,20.0,basic_structure,metric_total_synapses,30934610.0,30905953.0,-0.09263734050631316,0.0,1
MANC,merge_errors,20.0,basic_structure,metric_weight_mean,4.957562505579031,5.399238347403589,8.909133093682922,0.0,1
MANC,merge_errors,20.0,basic_structure,metric_weight_variance,156.95645821232384,195.3475958275153,24.459737466334527,0.0,1
MANC,merge_errors,20.0,basic_structure,metric_weight_std,12.528226459173055,13.976680429469486,11.561524490450806,0.0,1
MANC,merge_errors,20.0,basic_structure,metric_weight_max,1001.0,1001.0,0.0,0.0,1
MANC,merge_errors,20.0,basic_structure,metric_density,0.0111424778935521,0.0126008573113892,13.088465884962899,0.0,1
MANC,merge_errors,20.0,degree_distribution,metric_total_degree_mean,527.3511937460385,537.1241437552782,1.8532147314994343,0.0,1
MANC,merge_errors,20.0,degree_distribution,metric_in_degree_mean,263.67559687301923,268.5620718776391,1.8532147314994343,0.0,1
MANC,merge_errors,20.0,degree_distribution,metric_out_degree_mean,263.67559687301923,268.5620718776391,1.8532147314994343,0.0,1
MANC,merge_errors,20.0,degree_distribution,metric_total_degree_std,547.819079564865,544.3939251848392,-0.6252345907240767,0.0,1
MANC,merge_errors,20.0,degree_distribution,metric_in_degree_max,3625.0,3460.0,-4.551724137931035,0.0,1
MANC,merge_errors,20.0,degree_distribution,metric_out_degree_max,6552.0,6224.0,-5.006105006105006,0.0,1
MANC,merge_errors,20.0,assortativity,metric_degree_assortativity,0.0369423897310833,0.0332096119323968,-10.104321420077873,0.0,1
MANC,merge_errors,20.0,connected_components,metric_wcc_count,25.0,25.0,0.0,0.0,1
MANC,merge_errors,20.0,connected_components,metric_wcc_max_size,23641.0,21290.0,-9.944587792394568,0.0,1
MANC,merge_errors,20.0,connected_components,metric_scc_count,95.0,95.0,0.0,0.0,1
MANC,merge_errors,20.0,connected_components,metric_scc_max_size,23569.0,21218.0,-9.974967117824262,0.0,1
MANC,merge_errors,20.0,reciprocity,metric_reciprocity,0.2852700894141373,0.2996698694414614,5.0477707133254395,0.0,1
MANC,missed_synapses,0.25,basic_structure,metric_node_count,23665.0,23665.0,0.0,0.0,5
MANC,missed_synapses,0.25,basic_structure,metric_edge_count,6239883.0,6232937.2,-0.11131298455435484,0.0008020275256017169,5
MANC,missed_synapses,0.25,basic_structure,metric_total_synapses,30934610.0,30857525.4,-0.24918562089517693,0.00034610291636201637,5
MANC,missed_synapses,0.25,basic_structure,metric_weight_mean,4.957562505579031,4.95071976701595,-0.13802626906632176,0.0010786616073845184,5
MANC,missed_synapses,0.25,basic_structure,metric_weight_variance,156.95645821232384,156.39435195507082,-0.35812878530466574,0.00244356411647262,5
MANC,missed_synapses,0.25,basic_structure,metric_weight_std,12.528226459173055,12.50577274427922,-0.17922500816063147,0.001223973499200724,5
MANC,missed_synapses,0.25,basic_structure,metric_weight_max,1001.0,1000.2,-0.07992007992007538,0.03996003996003996,5
MANC,missed_synapses,0.25,basic_structure,metric_density,0.0111424778935521,0.0111300748688555,-0.1113129845541573,0.000802027525456315,5
MANC,missed_synapses,0.25,degree_distribution,metric_total_degree_mean,527.3511937460385,526.7641833931968,-0.11131298455433265,0.0008020275255981878,5
MANC,missed_synapses,0.25,degree_distribution,metric_in_degree_mean,263.67559687301923,263.3820916965984,-0.11131298455433265,0.0008020275255981878,5
MANC,missed_synapses,0.25,degree_distribution,metric_out_degree_mean,263.67559687301923,263.3820916965984,-0.11131298455433265,0.0008020275255981878,5
MANC,missed_synapses,0.25,degree_distribution,metric_total_degree_std,547.819079564865,547.2253738622479,-0.10837623674747524,0.0022176731709953115,5
MANC,missed_synapses,0.25,degree_distribution,metric_in_degree_max,3625.0,3622.4,-0.07172413793103198,0.07918731086569558,5
MANC,missed_synapses,0.25,degree_distribution,metric_out_degree_max,6552.0,6545.4,-0.1007326007326063,0.01221001221001221,5
MANC,missed_synapses,0.25,assortativity,metric_degree_assortativity,0.0369423897310833,0.036893272287074765,-0.13295686707350513,0.038998131432221174,5
MANC,missed_synapses,0.25,connected_components,metric_wcc_count,25.0,25.0,0.0,0.0,5
MANC,missed_synapses,0.25,connected_components,metric_wcc_max_size,23641.0,23641.0,0.0,0.0,5
MANC,missed_synapses,0.25,connected_components,metric_scc_count,95.0,95.2,0.21052631578947667,0.42105263157894735,5
MANC,missed_synapses,0.25,connected_components,metric_scc_max_size,23569.0,23568.8,-0.0008485722771467927,0.0016971445542874118,5
MANC,missed_synapses,0.25,reciprocity,metric_reciprocity,0.2852700894141373,0.2850455114753928,-0.07872467078679476,0.003065698909136968,5
MANC,missed_synapses,0.5,basic_structure,metric_node_count,23665.0,23665.0,0.0,0.0,5
MANC,missed_synapses,0.5,basic_structure,metric_edge_count,6239883.0,6225993.4,-0.2225939172256856,0.0014869655819932078,5
MANC,missed_synapses,0.5,basic_structure,metric_total_synapses,30934610.0,30780101.8,-0.49946710173491526,0.000529564394875205,5
MANC,missed_synapses,0.5,basic_structure,metric_weight_mean,4.957562505579031,4.943805723642997,-0.2774908419319519,0.001460578093024113,5
MANC,missed_synapses,0.5,basic_structure,metric_weight_variance,156.95645821232384,155.83196202964865,-0.7164383010949561,0.00452834922782228,5
MANC,missed_synapses,0.5,basic_structure,metric_weight_std,12.528226459173055,12.483267278585537,-0.35886308995157074,0.002272330657733155,5
MANC,missed_synapses,0.5,basic_structure,metric_weight_max,1001.0,999.4,-0.15984015984016212,0.1018785117600956,5
MANC,missed_synapses,0.5,basic_structure,metric_density,0.0111424778935521,0.01111767541553286,-0.22259391722546976,0.0014869655819817822,5
MANC,missed_synapses,0.5,degree_distribution,metric_total_degree_mean,527.3511937460385,526.1773420663427,-0.22259391722569255,0.001486965581987525,5
MANC,missed_synapses,0.5,degree_distribution,metric_in_degree_mean,263.67559687301923,263.08867103317135,-0.22259391722569255,0.001486965581987525,5
MANC,missed_synapses,0.5,degree_distribution,metric_out_degree_mean,263.67559687301923,263.08867103317135,-0.22259391722569255,0.001486965581987525,5
MANC,missed_synapses,0.5,degree_distribution,metric_total_degree_std,547.819079564865,546.6246332134141,-0.2180366467702524,0.0026657483797286026,5
MANC,missed_synapses,0.5,degree_distribution,metric_in_degree_max,3625.0,3618.2,-0.18758620689655675,0.08257450784604561,5
MANC,missed_synapses,0.5,degree_distribution,metric_out_degree_max,6552.0,6537.4,-0.22283272283272837,0.036883534717932154,5
MANC,missed_synapses,0.5,assortativity,metric_degree_assortativity,0.0369423897310833,0.03685778246778572,-0.22902487877331373,0.06771151805073125,5
MANC,missed_synapses,0.5,connected_components,metric_wcc_count,25.0,25.0,0.0,0.0,5
MANC,missed_synapses,0.5,connected_components,metric_wcc_max_size,23641.0,23641.0,0.0,0.0,5
MANC,missed_synapses,0.5,connected_components,metric_scc_count,95.0,95.6,0.631578947368415,0.515682051112248,5
MANC,missed_synapses,0.5,connected_components,metric_scc_max_size,23569.0,23568.6,-0.0016971445542935855,0.002078569088873671,5
MANC,missed_synapses,0.5,reciprocity,metric_reciprocity,0.2852700894141373,0.2848224518901403,-0.15691709036733448,0.005428080191759651,5
MANC,missed_synapses,0.75,basic_structure,metric_node_count,23665.0,23665.0,0.0,0.0,5
MANC,missed_synapses,0.75,basic_structure,metric_edge_count,6239883.0,6219022.4,-0.334310755506147,0.0018208347228198688,5
MANC,missed_synapses,0.75,basic_structure,metric_total_synapses,30934610.0,30702788.2,-0.7493929938020901,0.000992809461059564,5
MANC,missed_synapses,0.75,basic_structure,metric_weight_mean,4.957562505579031,4.936915520637723,-0.4164745259000363,0.0019957818538578263,5
MANC,missed_synapses,0.75,basic_structure,metric_weight_variance,156.95645821232384,155.26866828368762,-1.0753236584588652,0.007051886118810839,5
MANC,missed_synapses,0.75,basic_structure,metric_weight_std,12.528226459173055,12.460684896362423,-0.5391151176164991,0.0035450489524978396,5
MANC,missed_synapses,0.75,basic_structure,metric_weight_max,1001.0,998.4,-0.259740259740262,0.1018785117600956,5
MANC,missed_synapses,0.75,basic_structure,metric_density,0.0111424778935521,0.0111052273915241,-0.33431075550579176,0.0018208347228224366,5
MANC,missed_synapses,0.75,degree_distribution,metric_total_degree_mean,527.3511937460385,525.5882019860553,-0.3343107555061632,0.0018208347228204254,5
MANC,missed_synapses,0.75,degree_distribution,metric_in_degree_mean,263.67559687301923,262.79410099302766,-0.3343107555061632,0.0018208347228161905,5
MANC,missed_synapses,0.75,degree_distribution,metric_out_degree_mean,263.67559687301923,262.79410099302766,-0.3343107555061632,0.0018208347228161905,5
MANC,missed_synapses,0.75,degree_distribution,metric_total_degree_std,547.819079564865,546.0319935085597,-0.3262182941354946,0.003299955442101397,5
MANC,missed_synapses,0.75,degree_distribution,metric_in_degree_max,3625.0,3614.8,-0.2813793103448226,0.08071028324594645,5
MANC,missed_synapses,0.75,degree_distribution,metric_out_degree_max,6552.0,6530.8,-0.32356532356532075,0.059032599529345905,5
MANC,missed_synapses,0.75,assortativity,metric_degree_assortativity,0.0369423897310833,0.03681082836087486,-0.3561257708722075,0.07624920075178948,5
MANC,missed_synapses,0.75,connected_components,metric_wcc_count,25.0,25.0,0.0,0.0,5
MANC,missed_synapses,0.75,connected_components,metric_wcc_max_size,23641.0,23641.0,0.0,0.0,5
MANC,missed_synapses,0.75,connected_components,metric_scc_count,95.0,95.8,0.8421052631578918,0.7877173445839877,5
MANC,missed_synapses,0.75,connected_components,metric_scc_max_size,23569.0,23568.4,-0.002545716831424943,0.0033942891085748227,5
MANC,missed_synapses,0.75,reciprocity,metric_reciprocity,0.2852700894141373,0.2845933304066056,-0.23723447800697825,0.006736933619117097,5
MANC,missed_synapses,1.0,basic_structure,metric_node_count,23665.0,23665.0,0.0,0.0,5
MANC,missed_synapses,1.0,basic_structure,metric_edge_count,6239883.0,6212041.0,-0.4461942635783396,0.0008145845925140717,5
MANC,missed_synapses,1.0,basic_structure,metric_total_synapses,30934610.0,30625592.0,-0.9989393756701637,0.00094494893286422,5
MANC,missed_synapses,1.0,basic_structure,metric_weight_mean,4.957562505579031,4.930037004157114,-0.55522247860599,0.0010511906368262027,5
MANC,missed_synapses,1.0,basic_structure,metric_weight_variance,156.95645821232384,154.70918703777937,-1.4317799981855193,0.005842074888880442,5
MANC,missed_synapses,1.0,basic_structure,metric_weight_std,12.528226459173055,12.43821477953777,-0.7184710455914508,0.002942173719230094,5
MANC,missed_synapses,1.0,basic_structure,metric_weight_max,1001.0,997.6,-0.33966033966033743,0.13551108857393143,5
MANC,missed_synapses,1.0,basic_structure,metric_density,0.0111424778935521,0.01109276079637062,-0.44619426357802794,0.000814584592321779,5
MANC,missed_synapses,1.0,degree_distribution,metric_total_degree_mean,527.3511937460385,524.9981829706318,-0.4461942635783336,0.0008145845925122013,5
MANC,missed_synapses,1.0,degree_distribution,metric_in_degree_mean,263.67559687301923,262.4990914853159,-0.4461942635783336,0.0008145845925122013,5
MANC,missed_synapses,1.0,degree_distribution,metric_out_degree_mean,263.67559687301923,262.4990914853159,-0.4461942635783336,0.0008145845925122013,5
MANC,missed_synapses,1.0,degree_distribution,metric_total_degree_std,547.819079564865,545.4359926480976,-0.43501349362645547,0.0020054366565280535,5
MANC,missed_synapses,1.0,degree_distribution,metric_in_degree_max,3625.0,3610.6,-0.39724137931034736,0.13693432988679566,5
MANC,missed_synapses,1.0,degree_distribution,metric_out_degree_max,6552.0,6523.2,-0.43956043956044233,0.0792475884355749,5
MANC,missed_synapses,1.0,assortativity,metric_degree_assortativity,0.0369423897310833,0.03678360779594962,-0.429809593503575,0.0816260937943668,5
MANC,missed_synapses,1.0,connected_components,metric_wcc_count,25.0,25.0,0.0,0.0,5
MANC,missed_synapses,1.0,connected_components,metric_wcc_max_size,23641.0,23641.0,0.0,0.0,5
MANC,missed_synapses,1.0,connected_components,metric_scc_count,95.0,95.8,0.8421052631578918,0.7877173445839877,5
MANC,missed_synapses,1.0,connected_components,metric_scc_max_size,23569.0,23568.4,-0.002545716831424943,0.0033942891085748227,5
MANC,missed_synapses,1.0,reciprocity,metric_reciprocity,0.2852700894141373,0.2843724126672698,-0.31467608423688603,0.008473668030932649,5
MANC,missed_synapses,2.0,basic_structure,metric_node_count,23665.0,23665.0,0.0,0.0,5
MANC,missed_synapses,2.0,basic_structure,metric_edge_count,6239883.0,6184070.2,-0.8944526684234275,0.0013417608870634967,5
MANC,missed_synapses,2.0,basic_structure,metric_total_synapses,30934610.0,30316368.2,-1.9985440256075662,0.0021502701684162732,5
MANC,missed_synapses,2.0,basic_structure,metric_weight_mean,4.957562505579031,4.902332480703526,-1.1140560469656522,0.00240010046415607,5
MANC,missed_synapses,2.0,basic_structure,metric_weight_variance,156.95645821232384,152.4664939339127,-2.8606432188583937,0.010785633442647142,5
MANC,missed_synapses,2.0,basic_structure,metric_weight_std,12.528226459173055,12.347732320714243,-1.4406998392550265,0.00547159358819127,5
MANC,missed_synapses,2.0,basic_structure,metric_weight_max,1001.0,993.4,-0.7592407592407615,0.19576341600664762,5
MANC,missed_synapses,2.0,basic_structure,metric_density,0.0111424778935521,0.01104281370270478,-0.8944526684230023,0.0013417608871218332,5
MANC,missed_synapses,2.0,degree_distribution,metric_total_degree_mean,527.3511937460385,522.6342869216141,-0.8944526684234413,0.0013417608870613818,5
MANC,missed_synapses,2.0,degree_distribution,metric_in_degree_mean,263.67559687301923,261.3171434608072,-0.8944526684233983,0.0013417608870660064,5
MANC,missed_synapses,2.0,degree_distribution,metric_out_degree_mean,263.67559687301923,261.3171434608072,-0.8944526684233983,0.0013417608870660064,5
MANC,missed_synapses,2.0,degree_distribution,metric_total_degree_std,547.819079564865,543.0277736164211,-0.8746146542120523,0.0032369109967959244,5
MANC,missed_synapses,2.0,degree_distribution,metric_in_degree_max,3625.0,3594.0,-0.8551724137931035,0.14906765336393155,5
MANC,missed_synapses,2.0,degree_distribution,metric_out_degree_max,6552.0,6491.0,-0.931013431013431,0.06402984421063196,5
MANC,missed_synapses,2.0,assortativity,metric_degree_assortativity,0.0369423897310833,0.036646213519831876,-0.8017245592594104,0.06084809639903743,5
MANC,missed_synapses,2.0,connected_components,metric_wcc_count,25.0,25.2,0.7999999999999973,1.6,5
MANC,missed_synapses,2.0,connected_components,metric_wcc_max_size,23641.0,23640.8,-0.0008459879023760737,0.001691975804745992,5
MANC,missed_synapses,2.0,connected_components,metric_scc_count,95.0,96.0,1.0526315789473684,1.1531001210635075,5
MANC,missed_synapses,2.0,connected_components,metric_scc_max_size,23569.0,23568.2,-0.0033942891085717354,0.004947984127324283,5
MANC,missed_synapses,2.0,reciprocity,metric_reciprocity,0.2852700894141373,0.28346842663746946,-0.6315638559822097,0.010204032666664212,5
MANC,missed_synapses,5.0,basic_structure,metric_node_count,23665.0,23665.0,0.0,0.0,5
MANC,missed_synapses,5.0,basic_structure,metric_edge_count,6239883.0,6098362.4,-2.268000858349421,0.0014762180132572942,5
MANC,missed_synapses,5.0,basic_structure,metric_total_synapses,30934610.0,29387823.0,-5.000182643324096,0.004282774341505751,5
MANC,missed_synapses,5.0,basic_structure,metric_weight_mean,4.957562505579031,4.818969595736447,-2.7955857275953218,0.0031968740921689007,5
MANC,missed_synapses,5.0,basic_structure,metric_weight_variance,156.95645821232384,145.82905278694201,-7.089485550399688,0.01453846337527768,5
MANC,missed_synapses,5.0,basic_structure,metric_weight_std,12.528226459173055,12.075970018772555,-3.6098999477245415,0.007541376398812082,5
MANC,missed_synapses,5.0,basic_structure,metric_weight_max,1001.0,980.4,-2.05794205794206,0.3003655620054527,5
MANC,missed_synapses,5.0,basic_structure,metric_density,0.0111424778935521,0.01088976639928498,-2.2680008583490925,0.0014762180131768874,5
MANC,missed_synapses,5.0,degree_distribution,metric_total_degree_mean,527.3511937460385,515.3908641453623,-2.26800085834943,0.0014762180132502933,5
MANC,missed_synapses,5.0,degree_distribution,metric_in_degree_mean,263.67559687301923,257.69543207268117,-2.26800085834943,0.001476218013245313,5
MANC,missed_synapses,5.0,degree_distribution,metric_out_degree_mean,263.67559687301923,257.69543207268117,-2.26800085834943,0.001476218013245313,5
MANC,missed_synapses,5.0,degree_distribution,metric_total_degree_std,547.819079564865,535.7073008938748,-2.2109085139222553,0.009037297716334417,5
MANC,missed_synapses,5.0,degree_distribution,metric_in_degree_max,3625.0,3554.6,-1.9420689655172438,0.18920196633911446,5
MANC,missed_synapses,5.0,degree_distribution,metric_out_degree_max,6552.0,6400.6,-2.310744810744805,0.1472180165053418,5
MANC,missed_synapses,5.0,assortativity,metric_degree_assortativity,0.0369423897310833,0.0362284427746906,-1.9325954860791799,0.12992374985605393,5
MANC,missed_synapses,5.0,connected_components,metric_wcc_count,25.0,25.8,3.200000000000003,3.9191835884530852,5
MANC,missed_synapses,5.0,connected_components,metric_wcc_max_size,23641.0,23639.8,-0.005075927414241054,0.006767903218983968,5
MANC,missed_synapses,5.0,connected_components,metric_scc_count,95.0,97.8,2.9473684210526288,1.3964735959391157,5
MANC,missed_synapses,5.0,connected_components,metric_scc_max_size,23569.0,23566.6,-0.010182867325730644,0.0033942891085748227,5
MANC,missed_synapses,5.0,reciprocity,metric_reciprocity,0.2852700894141373,0.28066722866644234,-1.6135097644298775,0.022227239609860564,5
MANC,missed_synapses,10.0,basic_structure,metric_node_count,23665.0,23665.0,0.0,0.0,5
MANC,missed_synapses,10.0,basic_structure,metric_edge_count,6239883.0,5950083.6,-4.644308234625559,0.00831884750399885,5
MANC,missed_synapses,10.0,basic_structure,metric_total_synapses,30934610.0,27840545.2,-10.00195185909892,0.005056354670648144,5
MANC,missed_synapses,10.0,basic_structure,metric_weight_mean,4.957562505579031,4.6790175158939995,-5.618587549255689,0.008887026205941409,5
MANC,missed_synapses,10.0,basic_structure,metric_weight_variance,156.95645821232384,135.03935258564107,-13.963812560700283,0.011564604351358324,5
MANC,missed_synapses,10.0,basic_structure,metric_weight_std,12.528226459173055,11.6206433546379,-7.244306346894219,0.006233872415324182,5
MANC,missed_synapses,10.0,basic_structure,metric_weight_max,1001.0,955.8,-4.51548451548452,0.5225453278969838,5
MANC,missed_synapses,10.0,basic_structure,metric_density,0.0111424778935521,0.010624986875200578,-4.644308234625102,0.00831884750406248,5
MANC,missed_synapses,10.0,degree_distribution,metric_total_degree_mean,527.3511937460385,502.85937882949503,-4.644308234625556,0.008318847503999936,5
MANC,missed_synapses,10.0,degree_distribution,metric_in_degree_mean,263.67559687301923,251.42968941474751,-4.644308234625556,0.008318847504000838,5
MANC,missed_synapses,10.0,degree_distribution,metric_out_degree_mean,263.67559687301923,251.42968941474751,-4.644308234625556,0.008318847504000838,5
MANC,missed_synapses,10.0,degree_distribution,metric_total_degree_std,547.819079564865,523.0974676790695,-4.512732909089615,0.007071513956759761,5
MANC,missed_synapses,10.0,degree_distribution,metric_in_degree_max,3625.0,3481.0,-3.9724137931034487,0.42878585881876846,5
MANC,missed_synapses,10.0,degree_distribution,metric_out_degree_max,6552.0,6249.4,-4.618437118437124,0.12718355711843501,5
MANC,missed_synapses,10.0,assortativity,metric_degree_assortativity,0.0369423897310833,0.03535126754465493,-4.307036437032651,0.1579233835380564,5
MANC,missed_synapses,10.0,connected_components,metric_wcc_count,25.0,25.6,2.4000000000000057,4.800000000000001,5
MANC,missed_synapses,10.0,connected_components,metric_wcc_max_size,23641.0,23640.2,-0.0033839516094889065,0.006767903218983968,5
MANC,missed_synapses,10.0,connected_components,metric_scc_count,95.0,103.2,8.631578947368423,2.2478059477960657,5
MANC,missed_synapses,10.0,connected_components,metric_scc_max_size,23569.0,23561.8,-0.030548601977176494,0.009822934280444843,5
MANC,missed_synapses,10.0,reciprocity,metric_reciprocity,0.2852700894141373,0.2758875796573891,-3.288991767772492,0.03025681604411723,5
MANC,missed_synapses,15.0,basic_structure,metric_node_count,23665.0,23665.0,0.0,0.0,5
MANC,missed_synapses,15.0,basic_structure,metric_edge_count,6239883.0,5795413.2,-7.123047018670059,0.0073514220145266896,5
MANC,missed_synapses,15.0,basic_structure,metric_total_synapses,30934610.0,26293198.4,-15.003944126012907,0.005505751448902543,5
MANC,missed_synapses,15.0,basic_structure,metric_weight_mean,4.957562505579031,4.536898012057099,-8.485308920432857,0.01125749006129545,5
MANC,missed_synapses,15.0,basic_structure,metric_weight_variance,156.95645821232384,124.62506806935059,-20.59895496573754,0.033027671089774294,5
MANC,missed_synapses,15.0,basic_structure,metric_weight_std,12.528226459173055,11.163559588205052,-10.89273789402814,0.018531159651746634,5
MANC,missed_synapses,15.0,basic_structure,metric_weight_max,1001.0,937.4,-6.353646353646355,0.6430959815956476,5
MANC,missed_synapses,15.0,basic_structure,metric_density,0.0111424778935521,0.01034879395414952,-7.12304701866958,0.00735142201460141,5
MANC,missed_synapses,15.0,degree_distribution,metric_total_degree_mean,527.3511937460385,489.7877202619902,-7.123047018670076,0.007351422014527479,5
MANC,missed_synapses,15.0,degree_distribution,metric_in_degree_mean,263.67559687301923,244.8938601309951,-7.123047018670076,0.007351422014516192,5
MANC,missed_synapses,15.0,degree_distribution,metric_out_degree_mean,263.67559687301923,244.8938601309951,-7.123047018670076,0.007351422014516192,5
MANC,missed_synapses,15.0,degree_distribution,metric_total_degree_std,547.819079564865,510.0382479208759,-6.896589230517226,0.00450542750686657,5
MANC,missed_synapses,15.0,degree_distribution,metric_in_degree_max,3625.0,3408.4,-5.975172413793101,0.29277791252792496,5
MANC,missed_synapses,15.0,degree_distribution,metric_out_degree_max,6552.0,6087.0,-7.097069597069597,0.24054808675025083,5
MANC,missed_synapses,15.0,assortativity,metric_degree_assortativity,0.0369423897310833,0.03451214227111818,-6.578479296157471,0.3705310479043452,5
MANC,missed_synapses,15.0,connected_components,metric_wcc_count,25.0,26.0,4.0,2.5298221281347035,5
MANC,missed_synapses,15.0,connected_components,metric_wcc_max_size,23641.0,23639.8,-0.005075927414241054,0.004144477378762622,5
MANC,missed_synapses,15.0,connected_components,metric_scc_count,95.0,102.6,7.999999999999995,1.4278589438158458,5
MANC,missed_synapses,15.0,connected_components,metric_scc_max_size,23569.0,23562.0,-0.029700029700029697,0.006000312114952247,5
MANC,missed_synapses,15.0,reciprocity,metric_reciprocity,0.2852700894141373,0.2708486541138412,-5.055361860724195,0.030811347560325615,5
MANC,missed_synapses,20.0,basic_structure,metric_node_count,23665.0,23665.0,0.0,0.0,5
MANC,missed_synapses,20.0,basic_structure,metric_edge_count,6239883.0,5632660.6,-9.731310667203221,0.005227863547023988,5
MANC,missed_synapses,20.0,basic_structure,metric_total_synapses,30934610.0,24747244.0,-20.001435285591125,0.006496456887583662,5
MANC,missed_synapses,20.0,basic_structure,metric_weight_mean,4.957562505579031,4.3935265765467975,-11.377283259615822,0.007252810027945501,5
MANC,missed_synapses,20.0,basic_structure,metric_weight_variance,156.95645821232384,114.61081389346535,-26.979230291738077,0.023892598823130502,5
MANC,missed_synapses,20.0,basic_structure,metric_weight_std,12.528226459173055,10.705643877222114,-14.547810002400322,0.013979997029105233,5
MANC,missed_synapses,20.0,basic_structure,metric_weight_max,1001.0,903.0,-9.79020979020979,0.653563525826019,5
MANC,missed_synapses,20.0,basic_structure,metric_density,0.0111424778935521,0.01005816875370616,-9.731310667202722,0.0052278635472922524,5
MANC,missed_synapses,20.0,degree_distribution,metric_total_degree_mean,527.3511937460385,476.03301077540675,-9.73131066720321,0.005227863547019227,5
MANC,missed_synapses,20.0,degree_distribution,metric_in_degree_mean,263.67559687301923,238.01650538770338,-9.73131066720321,0.005227863547016424,5
MANC,missed_synapses,20.0,degree_distribution,metric_out_degree_mean,263.67559687301923,238.01650538770338,-9.73131066720321,0.005227863547016424,5
MANC,missed_synapses,20.0,degree_distribution,metric_total_degree_std,547.819079564865,496.3621305130333,-9.393055293492905,0.013959252293617344,5
MANC,missed_synapses,20.0,degree_distribution,metric_in_degree_max,3625.0,3329.8,-8.143448275862063,0.3598493541323107,5
MANC,missed_synapses,20.0,degree_distribution,metric_out_degree_max,6552.0,5925.8,-9.557387057387054,0.20667046251295185,5
MANC,missed_synapses,20.0,assortativity,metric_degree_assortativity,0.0369423897310833,0.03350158829706294,-9.313965498894802,0.29768976069530045,5
MANC,missed_synapses,20.0,connected_components,metric_wcc_count,25.0,27.0,8.0,2.5298221281347035,5
MANC,missed_synapses,20.0,connected_components,metric_wcc_max_size,23641.0,23638.2,-0.011843830633218866,0.00621671606814393,5
MANC,missed_synapses,20.0,connected_components,metric_scc_count,95.0,108.6,14.315789473684204,2.543799152335699,5
MANC,missed_synapses,20.0,connected_components,metric_scc_max_size,23569.0,23556.4,-0.05346005346004728,0.01025333783664523,5
MANC,missed_synapses,20.0,reciprocity,metric_reciprocity,0.2852700894141373,0.26554245092739037,-6.915424791733969,0.030239169764323837,5
MANC,split_errors,0.5,basic_structure,metric_node_count,23665.0,23783.0,0.49862666384956683,0.0,5
MANC,split_errors,0.5,basic_structure,metric_edge_count,6239883.0,6239882.8,-3.2051883053939394e-06,6.41037660481775e-06,5
MANC,split_errors,0.5,basic_structure,metric_total_synapses,30934610.0,30934609.8,-6.46525038637765e-07,1.2930500820925169e-06,5
MANC,split_errors,0.5,basic_structure,metric_weight_mean,4.957562505579031,4.957562632426382,2.5586636630098037e-06,5.11732734035211e-06,5
MANC,split_errors,0.5,basic_structure,metric_weight_variance,156.95645821232384,156.95646274106826,2.885350802483891e-06,5.770701626697407e-06,5
MANC,split_errors,0.5,basic_structure,metric_weight_std,12.528226459173055,12.52822663991469,1.4426753505847972e-06,2.885350712512664e-06,5
MANC,split_errors,0.5,basic_structure,metric_weight_max,1001.0,1001.0,0.0,0.0,5
MANC,split_errors,0.5,basic_structure,metric_density,0.0111424778935521,0.011032182105511882,-0.9898676855714802,6.346922532888112e-06,5
MANC,split_errors,0.5,degree_distribution,metric_total_degree_mean,527.3511937460385,524.7347096665685,-0.49615590340921856,6.378571347085871e-06,5
MANC,split_errors,0.5,degree_distribution,metric_in_degree_mean,263.67559687301923,262.36735483328425,-0.49615590340921856,6.378571347085871e-06,5
MANC,split_errors,0.5,degree_distribution,metric_out_degree_mean,263.67559687301923,262.36735483328425,-0.49615590340921856,6.378571347085871e-06,5
MANC,split_errors,0.5,degree_distribution,metric_total_degree_std,547.819079564865,546.4373807109175,-0.2522180963549032,0.08922411758825737,5
MANC,split_errors,0.5,degree_distribution,metric_in_degree_max,3625.0,3625.0,0.0,0.0,5
MANC,split_errors,0.5,degree_distribution,metric_out_degree_max,6552.0,6552.0,0.0,0.0,5
MANC,split_errors,0.5,assortativity,metric_degree_assortativity,0.0369423897310833,0.0370951183397924,0.41342373847730823,0.6703453151048474,5
MANC,split_errors,0.5,connected_components,metric_wcc_count,25.0,25.0,0.0,0.0,5
MANC,split_errors,0.5,connected_components,metric_wcc_max_size,23641.0,23759.0,0.49913286240006766,0.0,5
MANC,split_errors,0.5,connected_components,metric_scc_count,95.0,96.2,1.263157894736845,1.031364102224496,5
MANC,split_errors,0.5,connected_components,metric_scc_max_size,23569.0,23685.8,0.49556620985192107,0.004157138177747343,5
MANC,split_errors,0.5,reciprocity,metric_reciprocity,0.2852700894141373,0.2852700894141373,0.0,0.0,5
MANC,split_errors,1.0,basic_structure,metric_node_count,23665.0,23900.8,0.9964081977604025,0.001690259877456159,5
MANC,split_errors,1.0,basic_structure,metric_edge_count,6239883.0,6239882.8,-3.2051883053939394e-06,6.41037660481775e-06,5
MANC,split_errors,1.0,basic_structure,metric_total_synapses,30934610.0,30934609.0,-3.232625205231293e-06,6.465250410462586e-06,5
MANC,split_errors,1.0,basic_structure,metric_weight_mean,4.957562505579031,4.95756250421883,-2.7436905283543335e-08,5.487381773333769e-08,5
MANC,split_errors,1.0,basic_structure,metric_weight_variance,156.95645821232384,156.95646324301694,3.2051520276888347e-06,6.410304077107297e-06,5
MANC,split_errors,1.0,basic_structure,metric_weight_std,12.528226459173055,12.5282266599474,1.6025759540626624e-06,3.2051519137968596e-06,5
MANC,split_errors,1.0,basic_structure,metric_weight_max,1001.0,1001.0,0.0,0.0,5
MANC,split_errors,1.0,basic_structure,metric_density,0.0111424778935521,0.010923699096916381,-1.9634662839431871,0.003283216843535582,5
MANC,split_errors,1.0,degree_distribution,metric_total_degree_mean,527.3511937460385,522.1484470603021,-0.9865810009414431,0.0016587126921834535,5
MANC,split_errors,1.0,degree_distribution,metric_in_degree_mean,263.67559687301923,261.0742235301511,-0.9865810009414431,0.0016587126921834535,5
MANC,split_errors,1.0,degree_distribution,metric_out_degree_mean,263.67559687301923,261.0742235301511,-0.9865810009414431,0.0016587126921834535,5
MANC,split_errors,1.0,degree_distribution,metric_total_degree_std,547.819079564865,544.9929965498372,-0.5158788951404365,0.1370887825941118,5
MANC,split_errors,1.0,degree_distribution,metric_in_degree_max,3625.0,3625.0,0.0,0.0,5
MANC,split_errors,1.0,degree_distribution,metric_out_degree_max,6552.0,6552.0,0.0,0.0,5
MANC,split_errors,1.0,assortativity,metric_degree_assortativity,0.0369423897310833,0.036541644927613526,-1.0847831079335537,1.2845846473535982,5
MANC,split_errors,1.0,connected_components,metric_wcc_count,25.0,25.0,0.0,0.0,5
MANC,split_errors,1.0,connected_components,metric_wcc_max_size,23641.0,23876.8,0.9974197368977592,0.001691975804745992,5
MANC,split_errors,1.0,connected_components,metric_scc_count,95.0,96.4,1.473684210526322,1.5754346891679754,5
MANC,split_errors,1.0,connected_components,metric_scc_max_size,23569.0,23803.4,0.9945267088124293,0.00575529719812064,5
MANC,split_errors,1.0,reciprocity,metric_reciprocity,0.2852700894141373,0.2852700894141373,0.0,0.0,5
MANC,split_errors,2.0,basic_structure,metric_node_count,23665.0,24135.2,1.9869004859497177,0.005605957811714177,5
MANC,split_errors,2.0,basic_structure,metric_edge_count,6239883.0,6239882.2,-1.2820753206650437e-05,6.41037660481775e-06,5
MANC,split_errors,2.0,basic_structure,metric_total_synapses,30934610.0,30934604.4,-1.810270115411223e-05,3.1381449061776686e-05,5
MANC,split_errors,2.0,basic_structure,metric_weight_mean,4.957562505579031,4.957562243723118,-5.281948793552123e-06,3.016361107365743e-05,5
MANC,split_errors,2.0,basic_structure,metric_weight_variance,156.95645821232384,156.95646395408488,3.658187187011023e-06,1.5374969641470722e-05,5
MANC,split_errors,2.0,basic_structure,metric_weight_std,12.528226459173055,12.528226688326004,1.8290932863268836e-06,7.68748499813157e-06,5
MANC,split_errors,2.0,basic_structure,metric_weight_max,1001.0,1001.0,0.0,0.0,5
MANC,split_errors,2.0,basic_structure,metric_density,0.0111424778935521,0.01071254317833982,-3.858519795323744,0.01057030744848286,5
MANC,split_errors,2.0,degree_distribution,metric_total_degree_mean,527.3511937460385,517.0773160243408,-1.9482041272566735,0.005390241961736417,5
MANC,split_errors,2.0,degree_distribution,metric_in_degree_mean,263.67559687301923,258.5386580121704,-1.9482041272566735,0.005390241961736417,5
MANC,split_errors,2.0,degree_distribution,metric_out_degree_mean,263.67559687301923,258.5386580121704,-1.9482041272566735,0.005390241961736417,5
MANC,split_errors,2.0,degree_distribution,metric_total_degree_std,547.819079564865,541.7947539099241,-1.0996925590335433,0.21494259930396256,5
MANC,split_errors,2.0,degree_distribution,metric_in_degree_max,3625.0,3582.0,-1.186206896551724,2.372413793103448,5
MANC,split_errors,2.0,degree_distribution,metric_out_degree_max,6552.0,6552.0,0.0,0.0,5
MANC,split_errors,2.0,assortativity,metric_degree_assortativity,0.0369423897310833,0.03689976434725486,-0.1153833959814836,1.4259133703619928,5
MANC,split_errors,2.0,connected_components,metric_wcc_count,25.0,25.0,0.0,0.0,5
MANC,split_errors,2.0,connected_components,metric_wcc_max_size,23641.0,24111.2,1.9889175584789167,0.0056116488987020844,5
MANC,split_errors,2.0,connected_components,metric_scc_count,95.0,98.0,3.1578947368421053,1.3314853305972125,5
MANC,split_errors,2.0,connected_components,metric_scc_max_size,23569.0,24036.2,1.9822648394076996,0.009822934280444843,5
MANC,split_errors,2.0,reciprocity,metric_reciprocity,0.2852700894141373,0.2852700894141373,0.0,0.0,5
MANC,split_errors,3.0,basic_structure,metric_node_count,23665.0,24368.4,2.9723219945066615,0.005731950123072274,5
MANC,split_errors,3.0,basic_structure,metric_edge_count,6239883.0,6239881.8,-1.9231129817438316e-05,1.5702151740878333e-05,5
MANC,split_errors,3.0,basic_structure,metric_total_synapses,30934610.0,30934603.6,-2.068880130866329e-05,3.0571816919720376e-05,5
MANC,split_errors,3.0,basic_structure,metric_weight_mean,4.957562505579031,4.957562433314146,-1.4576696824242396e-06,3.3265501773973785e-05,5
MANC,split_errors,3.0,basic_structure,metric_weight_variance,156.95645821232384,156.95647345486364,9.711317378329859e-06,2.2656528997731295e-05,5
MANC,split_errors,3.0,basic_structure,metric_weight_std,12.528226459173055,12.528227067500877,4.855657932718662e-06,1.1328263942073542e-05,5
MANC,split_errors,3.0,basic_structure,metric_weight_max,1001.0,1001.0,0.0,0.0,5
MANC,split_errors,3.0,basic_structure,metric_density,0.0111424778935521,0.01050848623715284,-5.68986236684514,0.010506214573119019,5
MANC,split_errors,3.0,degree_distribution,metric_total_degree_mean,527.3511937460385,512.1289718945,-2.8865435467031895,0.005412025924669542,5
MANC,split_errors,3.0,degree_distribution,metric_in_degree_mean,263.67559687301923,256.06448594725,-2.8865435467031895,0.005412025924669542,5
MANC,split_errors,3.0,degree_distribution,metric_out_degree_mean,263.67559687301923,256.06448594725,-2.8865435467031895,0.005412025924669542,5
MANC,split_errors,3.0,degree_distribution,metric_total_degree_std,547.819079564865,539.2789530246107,-1.5589319282266942,0.2021248025345971,5
MANC,split_errors,3.0,degree_distribution,metric_in_degree_max,3625.0,3582.0,-1.186206896551724,2.372413793103448,5
MANC,split_errors,3.0,degree_distribution,metric_out_degree_max,6552.0,6552.0,0.0,0.0,5
MANC,split_errors,3.0,assortativity,metric_degree_assortativity,0.0369423897310833,0.0364704176538355,-1.2775894593810821,2.134509657911368,5
MANC,split_errors,3.0,connected_components,metric_wcc_count,25.0,25.0,0.0,0.0,5
MANC,split_errors,3.0,connected_components,metric_wcc_max_size,23641.0,24344.4,2.975339452645833,0.005737769115625623,5
MANC,split_errors,3.0,connected_components,metric_scc_count,95.0,100.0,5.263157894736842,0.9415023063157009,5
MANC,split_errors,3.0,connected_components,metric_scc_max_size,23569.0,24267.4,2.9632143917858267,0.004326886599849619,5
MANC,split_errors,3.0,reciprocity,metric_reciprocity,0.2852700894141373,0.2852700894141373,0.0,0.0,5
MANC,split_errors,5.0,basic_structure,metric_node_count,23665.0,24831.4,4.9287978026621655,0.0063243733560514525,5
MANC,split_errors,5.0,basic_structure,metric_edge_count,6239883.0,6239880.4,-4.166744792534525e-05,2.3985432975419195e-05,5
MANC,split_errors,5.0,basic_structure,metric_total_synapses,30934610.0,30934593.6,-5.3015053360976214e-05,5.0021153999057234e-05,5
MANC,split_errors,5.0,basic_structure,metric_weight_mean,4.957562505579031,4.957561943013958,-1.1347614336746972e-05,3.3048713731614635e-05,5
MANC,split_errors,5.0,basic_structure,metric_weight_variance,156.95645821232384,156.95650090441484,2.719995818356878e-05,1.569951894871458e-05,5
MANC,split_errors,5.0,basic_structure,metric_weight_std,12.528226459173055,12.52822816300908,1.3599977863666595e-05,7.849758618729086e-06,5
MANC,split_errors,5.0,basic_structure,metric_weight_max,1001.0,1001.0,0.0,0.0,5
MANC,split_errors,5.0,basic_structure,metric_density,0.0111424778935521,0.010120252510141939,-9.174129786711983,0.01095171424809567,5
MANC,split_errors,5.0,degree_distribution,metric_total_degree_mean,527.3511937460385,502.5798322029327,-4.697317809625575,0.005747643178083691,5
MANC,split_errors,5.0,degree_distribution,metric_in_degree_mean,263.67559687301923,251.2899161014663,-4.697317809625598,0.005747643178086583,5
MANC,split_errors,5.0,degree_distribution,metric_out_degree_mean,263.67559687301923,251.2899161014663,-4.697317809625598,0.005747643178086583,5
MANC,split_errors,5.0,degree_distribution,metric_total_degree_std,547.819079564865,533.1059225927784,-2.685769357243514,0.2783017783225914,5
MANC,split_errors,5.0,degree_distribution,metric_in_degree_max,3625.0,3582.0,-1.186206896551724,2.372413793103448,5
MANC,split_errors,5.0,degree_distribution,metric_out_degree_max,6552.0,6496.0,-0.8547008547008548,1.7094017094017095,5
MANC,split_errors,5.0,assortativity,metric_degree_assortativity,0.0369423897310833,0.03619387431618678,-2.0261694501769547,2.6267219574026166,5
MANC,split_errors,5.0,connected_components,metric_wcc_count,25.0,25.0,0.0,0.0,5
MANC,split_errors,5.0,connected_components,metric_wcc_max_size,23641.0,24807.4,4.933801446639319,0.006330793768070624,5
MANC,split_errors,5.0,connected_components,metric_scc_count,95.0,102.8,8.21052631578947,1.2275688199674315,5
MANC,split_errors,5.0,connected_components,metric_scc_max_size,23569.0,24727.6,4.915779201493481,0.007397681604719204,5
MANC,split_errors,5.0,reciprocity,metric_reciprocity,0.2852700894141373,0.2852700894141373,0.0,0.0,5
MANC,split_errors,7.5,basic_structure,metric_node_count,23665.0,25405.2,7.3534755968730225,0.017195850369216822,5
MANC,split_errors,7.5,basic_structure,metric_edge_count,6239883.0,6239878.6,-7.051414265896539e-05,4.129596252598046e-05,5
MANC,split_errors,7.5,basic_structure,metric_total_synapses,30934610.0,30934585.0,-8.081563013078232e-05,7.817340642182637e-05,5
MANC,split_errors,7.5,basic_structure,metric_weight_mean,4.957562505579031,4.957561994875624,-1.0301502139182626e-05,5.409224009598176e-05,5
MANC,split_errors,7.5,basic_structure,metric_weight_variance,156.95645821232384,156.95653451924335,4.861661659502505e-05,2.9389301323012934e-05,5
MANC,split_errors,7.5,basic_structure,metric_weight_std,12.528226459173055,12.528229504572462,2.430830426282609e-05,1.4694647479436483e-05,5
MANC,split_errors,7.5,basic_structure,metric_weight_max,1001.0,1001.0,0.0,0.0,5
MANC,split_errors,7.5,basic_structure,metric_density,0.0111424778935521,0.00966825357574922,-13.230668545063745,0.02779640504095984,5
MANC,split_errors,7.5,degree_distribution,metric_total_degree_mean,527.3511937460385,491.2284697705744,-6.849842079405629,0.014921535943183507,5
MANC,split_errors,7.5,degree_distribution,metric_in_degree_mean,263.67559687301923,245.61423488528717,-6.849842079405641,0.014921535943170056,5
MANC,split_errors,7.5,degree_distribution,metric_out_degree_mean,263.67559687301923,245.61423488528717,-6.849842079405641,0.014921535943170056,5
MANC,split_errors,7.5,degree_distribution,metric_total_degree_std,547.819079564865,526.1312985703044,-3.958931297498313,0.30497122038896246,5
MANC,split_errors,7.5,degree_distribution,metric_in_degree_max,3625.0,3582.0,-1.186206896551724,2.372413793103448,5
MANC,split_errors,7.5,degree_distribution,metric_out_degree_max,6552.0,6496.0,-0.8547008547008548,1.7094017094017095,5
MANC,split_errors,7.5,assortativity,metric_degree_assortativity,0.0369423897310833,0.03554781178831558,-3.7750073910197592,3.7881644328608957,5
MANC,split_errors,7.5,connected_components,metric_wcc_count,25.0,25.0,0.0,0.0,5
MANC,split_errors,7.5,connected_components,metric_wcc_max_size,23641.0,25381.2,7.360940738547442,0.01721330734687687,5
MANC,split_errors,7.5,connected_components,metric_scc_count,95.0,105.0,10.526315789473683,2.306200242127015,5
MANC,split_errors,7.5,connected_components,metric_scc_max_size,23569.0,25299.2,7.3409987695702,0.020330346727839007,5
MANC,split_errors,7.5,reciprocity,metric_reciprocity,0.2852700894141373,0.2852700894141373,0.0,0.0,5
MANC,split_errors,10.0,basic_structure,metric_node_count,23665.0,25966.8,9.726600464821464,0.021940849331497432,5
MANC,split_errors,10.0,basic_structure,metric_edge_count,6239883.0,6239877.8,-8.333489586561582e-05,4.1046437809381034e-05,5
MANC,split_errors,10.0,basic_structure,metric_total_synapses,30934610.0,30934584.6,-8.210868020805786e-05,7.604849559781805e-05,5
MANC,split_errors,10.0,basic_structure,metric_weight_mean,4.957562505579031,4.957562566369063,1.2262080731554913e-06,4.877275739812459e-05,5
MANC,split_errors,10.0,basic_structure,metric_weight_variance,156.95645821232384,156.95656110138822,6.555261602572148e-05,2.5874768240077727e-05,5
MANC,split_errors,10.0,basic_structure,metric_weight_std,12.528226459173055,12.52823056546237,3.2776301795720616e-05,1.2937379797071642e-05,5
MANC,split_errors,10.0,basic_structure,metric_weight_max,1001.0,1001.0,0.0,0.0,5
MANC,split_errors,10.0,basic_structure,metric_density,0.0111424778935521,0.00925456470365112,-16.943387350074733,0.03321628017640355,5
MANC,split_errors,10.0,degree_distribution,metric_total_degree_mean,527.3511937460385,480.60431392952876,-8.864468379116259,0.018221916778988777,5
MANC,split_errors,10.0,degree_distribution,metric_in_degree_mean,263.67559687301923,240.30215696476438,-8.864468379116259,0.01822191677898837,5
MANC,split_errors,10.0,degree_distribution,metric_out_degree_mean,263.67559687301923,240.30215696476438,-8.864468379116259,0.01822191677898837,5
MANC,split_errors,10.0,degree_distribution,metric_total_degree_std,547.819079564865,519.5051456894811,-5.168482612521231,0.28071157447192835,5
MANC,split_errors,10.0,degree_distribution,metric_in_degree_max,3625.0,3582.0,-1.186206896551724,2.372413793103448,5
MANC,split_errors,10.0,degree_distribution,metric_out_degree_max,6552.0,6496.0,-0.8547008547008548,1.7094017094017095,5
MANC,split_errors,10.0,assortativity,metric_degree_assortativity,0.0369423897310833,0.03525680143032406,-4.562748411862988,4.205067231446182,5
MANC,split_errors,10.0,connected_components,metric_wcc_count,25.0,25.0,0.0,0.0,5
MANC,split_errors,10.0,connected_components,metric_wcc_max_size,23641.0,25942.8,9.73647476841081,0.021963123363220118,5
MANC,split_errors,10.0,connected_components,metric_scc_count,95.0,110.0,15.789473684210526,2.7449273285063787,5
MANC,split_errors,10.0,connected_components,metric_scc_max_size,23569.0,25855.8,9.702575416861128,0.019238464166922032,5
MANC,split_errors,10.0,reciprocity,metric_reciprocity,0.2852700894141373,0.2852700894141373,0.0,0.0,5
MANC,split_errors,15.0,basic_structure,metric_node_count,23665.0,27073.8,14.404394675681385,0.030635231709937646,5
MANC,split_errors,15.0,basic_structure,metric_edge_count,6239883.0,6239876.0,-0.00011218159058431062,4.300211354924039e-05,5
MANC,split_errors,15.0,basic_structure,metric_total_synapses,30934610.0,30934573.8,-0.0001170210324269643,6.588213888770925e-05,5
MANC,split_errors,15.0,basic_structure,metric_weight_mean,4.957562505579031,4.957562265660262,-4.839450214210319e-06,4.359034482935091e-05,5
MANC,split_errors,15.0,basic_structure,metric_weight_variance,156.95645821232384,156.95659535941235,8.737906682594447e-05,2.9641670151516355e-05,5
MANC,split_errors,15.0,basic_structure,metric_weight_std,12.528226459173055,12.528231932695409,4.368952278616603e-05,1.482082822357219e-05,5
MANC,split_errors,15.0,basic_structure,metric_weight_max,1001.0,1001.0,0.0,0.0,5
MANC,split_errors,15.0,basic_structure,metric_density,0.0111424778935521,0.008513216176174721,-23.596741608963594,0.040932629397958026,5
MANC,split_errors,15.0,degree_distribution,metric_total_degree_mean,527.3511937460385,460.9531316570995,-12.590862195130425,0.02343213309252026,5
MANC,split_errors,15.0,degree_distribution,metric_in_degree_mean,263.67559687301923,230.47656582854975,-12.590862195130425,0.02343213309252026,5
MANC,split_errors,15.0,degree_distribution,metric_out_degree_mean,263.67559687301923,230.47656582854975,-12.590862195130425,0.02343213309252026,5
MANC,split_errors,15.0,degree_distribution,metric_total_degree_std,547.819079564865,505.6537882288603,-7.696937348275042,0.30056695481683676,5
MANC,split_errors,15.0,degree_distribution,metric_in_degree_max,3625.0,3578.8,-1.2744827586206848,2.548965517241379,5
MANC,split_errors,15.0,degree_distribution,metric_out_degree_max,6552.0,6440.0,-1.7094017094017095,2.0935809767377593,5
MANC,split_errors,15.0,assortativity,metric_degree_assortativity,0.0369423897310833,0.03478606046896348,-5.837005342146244,4.097077894137096,5
MANC,split_errors,15.0,connected_components,metric_wcc_count,25.0,25.0,0.0,0.0,5
MANC,split_errors,15.0,connected_components,metric_wcc_max_size,23641.0,27049.8,14.419017808045343,0.030666332152433248,5
MANC,split_errors,15.0,connected_components,metric_scc_count,95.0,118.4,24.631578947368425,2.062728204448992,5
MANC,split_errors,15.0,connected_components,metric_scc_max_size,23569.0,26954.4,14.363782935211514,0.030430516486980537,5
MANC,split_errors,15.0,reciprocity,metric_reciprocity,0.2852700894141373,0.2852700894141373,0.0,0.0,5
MANC,split_errors,20.0,basic_structure,metric_node_count,23665.0,28149.6,18.950348616099717,0.01843855840208868,5
MANC,split_errors,20.0,basic_structure,metric_edge_count,6239883.0,6239873.8,-0.00014743866191379331,2.3553227611317502e-05,5
MANC,split_errors,20.0,basic_structure,metric_total_synapses,30934610.0,30934568.6,-0.00013383068349175854,2.8225835015140744e-05,5
MANC,split_errors,20.0,basic_structure,metric_weight_mean,4.957562505579031,4.957563180204035,1.3607997944576407e-05,1.1709966292669909e-05,5
MANC,split_errors,20.0,basic_structure,metric_weight_variance,156.95645821232384,156.95665343635102,0.00012438100948763695,1.3496070829958183e-05,5
MANC,split_errors,20.0,basic_structure,metric_weight_std,12.528226459173055,12.528234250537874,6.219048517752344e-05,6.7480313256699874e-06,5
MANC,split_errors,20.0,basic_structure,metric_weight_max,1001.0,1001.0,0.0,0.0,5
MANC,split_errors,20.0,basic_structure,metric_density,0.0111424778935521,0.007874931956223722,-29.32512829322491,0.021905553500449496,5
MANC,split_errors,20.0,degree_distribution,metric_total_degree_mean,527.3511937460385,443.33659802494986,-15.931431789182279,0.013027024598350683,5
MANC,split_errors,20.0,degree_distribution,metric_in_degree_mean,263.67559687301923,221.66829901247493,-15.931431789182279,0.013027024598359874,5
MANC,split_errors,20.0,degree_distribution,metric_out_degree_mean,263.67559687301923,221.66829901247493,-15.931431789182279,0.013027024598359874,5
MANC,split_errors,20.0,degree_distribution,metric_total_degree_std,547.819079564865,492.9935848578567,-10.007956413375814,0.2842727541208867,5
MANC,split_errors,20.0,degree_distribution,metric_in_degree_max,3625.0,3578.8,-1.2744827586206848,2.548965517241379,5
MANC,split_errors,20.0,degree_distribution,metric_out_degree_max,6552.0,6440.0,-1.7094017094017095,2.0935809767377593,5
MANC,split_errors,20.0,assortativity,metric_degree_assortativity,0.0369423897310833,0.03324267640458679,-10.014818622801675,4.289273497210871,5
MANC,split_errors,20.0,connected_components,metric_wcc_count,25.0,25.0,0.0,0.0,5
MANC,split_errors,20.0,connected_components,metric_wcc_max_size,23641.0,28125.6,18.969586734909686,0.018457276958903118,5
MANC,split_errors,20.0,connected_components,metric_scc_count,95.0,129.0,35.78947368421053,4.262832996066649,5
MANC,split_errors,20.0,connected_components,metric_scc_max_size,23569.0,28019.6,18.88327888327888,0.024240072734669608,5
MANC,split_errors,20.0,reciprocity,metric_reciprocity,0.2852700894141373,0.2852700894141373,0.0,0.0,5
MANC,synapse_count_measurement,0.5,basic_structure,metric_node_count,23665.0,23665.0,0.0,0.0,5
MANC,synapse_count_measurement,0.5,basic_structure,metric_edge_count,6239883.0,6239883.0,0.0,0.0,5
MANC,synapse_count_measurement,0.5,basic_structure,metric_total_synapses,30934610.0,30934619.4,3.0386676924357165e-05,0.0004181552834763818,5
MANC,synapse_count_measurement,0.5,basic_structure,metric_weight_mean,4.957562505579031,4.957564012017533,3.03866769253267e-05,0.00041815528347509975,5
MANC,synapse_count_measurement,0.5,basic_structure,metric_weight_variance,156.95645821232384,156.9677359550522,0.007185268358382182,0.0035812331720020624,5
MANC,synapse_count_measurement,0.5,basic_structure,metric_weight_std,12.528226459173055,12.52867654242582,0.00359255361668421,0.001790547822432415,5
MANC,synapse_count_measurement,0.5,basic_structure,metric_weight_max,1001.0,1001.4,0.03996003996003769,0.36074865305230347,5
MANC,synapse_count_measurement,0.5,basic_structure,metric_density,0.0111424778935521,0.0111424778935521,0.0,0.0,5
MANC,synapse_count_measurement,0.5,degree_distribution,metric_total_degree_mean,527.3511937460385,527.3511937460385,0.0,0.0,5
MANC,synapse_count_measurement,0.5,degree_distribution,metric_in_degree_mean,263.67559687301923,263.67559687301923,0.0,0.0,5
MANC,synapse_count_measurement,0.5,degree_distribution,metric_out_degree_mean,263.67559687301923,263.67559687301923,0.0,0.0,5
MANC,synapse_count_measurement,0.5,degree_distribution,metric_total_degree_std,547.819079564865,547.819079564865,0.0,0.0,5
MANC,synapse_count_measurement,0.5,degree_distribution,metric_in_degree_max,3625.0,3625.0,0.0,0.0,5
MANC,synapse_count_measurement,0.5,degree_distribution,metric_out_degree_max,6552.0,6552.0,0.0,0.0,5
MANC,synapse_count_measurement,0.5,assortativity,metric_degree_assortativity,0.0369423897310833,0.0369423897310833,0.0,0.0,5
MANC,synapse_count_measurement,0.5,connected_components,metric_wcc_count,25.0,25.0,0.0,0.0,5
MANC,synapse_count_measurement,0.5,connected_components,metric_wcc_max_size,23641.0,23641.0,0.0,0.0,5
MANC,synapse_count_measurement,0.5,connected_components,metric_scc_count,95.0,95.0,0.0,0.0,5
MANC,synapse_count_measurement,0.5,connected_components,metric_scc_max_size,23569.0,23569.0,0.0,0.0,5
MANC,synapse_count_measurement,0.5,reciprocity,metric_reciprocity,0.2852700894141373,0.2852700894141373,0.0,0.0,5
MANC,synapse_count_measurement,1.0,basic_structure,metric_node_count,23665.0,23665.0,0.0,0.0,5
MANC,synapse_count_measurement,1.0,basic_structure,metric_edge_count,6239883.0,6239883.0,0.0,0.0,5
MANC,synapse_count_measurement,1.0,basic_structure,metric_total_synapses,30934610.0,30934432.6,-0.0005734677114032144,0.0013521474231785577,5
MANC,synapse_count_measurement,1.0,basic_structure,metric_weight_mean,4.957562505579031,4.9575340755587884,-0.000573467711418519,0.001352147423179625,5
MANC,synapse_count_measurement,1.0,basic_structure,metric_weight_variance,156.95645821232384,156.97888772103332,0.014290274490736237,0.008701290904882048,5
MANC,synapse_count_measurement,1.0,basic_structure,metric_weight_std,12.528226459173055,12.529121574315996,0.007144787379581475,0.004350307115970311,5
MANC,synapse_count_measurement,1.0,basic_structure,metric_weight_max,1001.0,1001.4,0.03996003996003769,0.7052692345543573,5
MANC,synapse_count_measurement,1.0,basic_structure,metric_density,0.0111424778935521,0.0111424778935521,0.0,0.0,5
MANC,synapse_count_measurement,1.0,degree_distribution,metric_total_degree_mean,527.3511937460385,527.3511937460385,0.0,0.0,5
MANC,synapse_count_measurement,1.0,degree_distribution,metric_in_degree_mean,263.67559687301923,263.67559687301923,0.0,0.0,5
MANC,synapse_count_measurement,1.0,degree_distribution,metric_out_degree_mean,263.67559687301923,263.67559687301923,0.0,0.0,5
MANC,synapse_count_measurement,1.0,degree_distribution,metric_total_degree_std,547.819079564865,547.819079564865,0.0,0.0,5
MANC,synapse_count_measurement,1.0,degree_distribution,metric_in_degree_max,3625.0,3625.0,0.0,0.0,5
MANC,synapse_count_measurement,1.0,degree_distribution,metric_out_degree_max,6552.0,6552.0,0.0,0.0,5
MANC,synapse_count_measurement,1.0,assortativity,metric_degree_assortativity,0.0369423897310833,0.0369423897310833,0.0,0.0,5
MANC,synapse_count_measurement,1.0,connected_components,metric_wcc_count,25.0,25.0,0.0,0.0,5
MANC,synapse_count_measurement,1.0,connected_components,metric_wcc_max_size,23641.0,23641.0,0.0,0.0,5
MANC,synapse_count_measurement,1.0,connected_components,metric_scc_count,95.0,95.0,0.0,0.0,5
MANC,synapse_count_measurement,1.0,connected_components,metric_scc_max_size,23569.0,23569.0,0.0,0.0,5
MANC,synapse_count_measurement,1.0,reciprocity,metric_reciprocity,0.2852700894141373,0.2852700894141373,0.0,0.0,5
MANC,synapse_count_measurement,2.0,basic_structure,metric_node_count,23665.0,23665.0,0.0,0.0,5
MANC,synapse_count_measurement,2.0,basic_structure,metric_edge_count,6239883.0,6239883.0,0.0,0.0,5
MANC,synapse_count_measurement,2.0,basic_structure,metric_total_synapses,30934610.0,30934482.0,-0.0004137760262696055,0.0019871691515159938,5
MANC,synapse_count_measurement,2.0,basic_structure,metric_weight_mean,4.957562505579031,4.957541992373896,-0.00041377602626943674,0.001987169151515167,5
MANC,synapse_count_measurement,2.0,basic_structure,metric_weight_variance,156.95645821232384,157.04628551722942,0.05723071603977496,0.01638066966137687,5
MANC,synapse_count_measurement,2.0,basic_structure,metric_weight_std,12.528226459173055,12.531810901259954,0.028610929875666317,0.008188011910208836,5
MANC,synapse_count_measurement,2.0,basic_structure,metric_weight_max,1001.0,1002.0,0.0999000999000999,1.3871372593574252,5
MANC,synapse_count_measurement,2.0,basic_structure,metric_density,0.0111424778935521,0.0111424778935521,0.0,0.0,5
MANC,synapse_count_measurement,2.0,degree_distribution,metric_total_degree_mean,527.3511937460385,527.3511937460385,0.0,0.0,5
MANC,synapse_count_measurement,2.0,degree_distribution,metric_in_degree_mean,263.67559687301923,263.67559687301923,0.0,0.0,5
MANC,synapse_count_measurement,2.0,degree_distribution,metric_out_degree_mean,263.67559687301923,263.67559687301923,0.0,0.0,5
MANC,synapse_count_measurement,2.0,degree_distribution,metric_total_degree_std,547.819079564865,547.819079564865,0.0,0.0,5
MANC,synapse_count_measurement,2.0,degree_distribution,metric_in_degree_max,3625.0,3625.0,0.0,0.0,5
MANC,synapse_count_measurement,2.0,degree_distribution,metric_out_degree_max,6552.0,6552.0,0.0,0.0,5
MANC,synapse_count_measurement,2.0,assortativity,metric_degree_assortativity,0.0369423897310833,0.0369423897310833,0.0,0.0,5
MANC,synapse_count_measurement,2.0,connected_components,metric_wcc_count,25.0,25.0,0.0,0.0,5
MANC,synapse_count_measurement,2.0,connected_components,metric_wcc_max_size,23641.0,23641.0,0.0,0.0,5
MANC,synapse_count_measurement,2.0,connected_components,metric_scc_count,95.0,95.0,0.0,0.0,5
MANC,synapse_count_measurement,2.0,connected_components,metric_scc_max_size,23569.0,23569.0,0.0,0.0,5
MANC,synapse_count_measurement,2.0,reciprocity,metric_reciprocity,0.2852700894141373,0.2852700894141373,0.0,0.0,5
MANC,synapse_count_measurement,3.0,basic_structure,metric_node_count,23665.0,23665.0,0.0,0.0,5
MANC,synapse_count_measurement,3.0,basic_structure,metric_edge_count,6239883.0,6239883.0,0.0,0.0,5
MANC,synapse_count_measurement,3.0,basic_structure,metric_total_synapses,30934610.0,30934414.6,-0.0006316549650973776,0.0031934506071620472,5
MANC,synapse_count_measurement,3.0,basic_structure,metric_weight_mean,4.957562505579031,4.957531190889316,-0.0006316549651129384,0.003193450607162974,5
MANC,synapse_count_measurement,3.0,basic_structure,metric_weight_variance,156.95645821232384,157.14624155488164,0.12091464392059116,0.025159240694677964,5
MANC,synapse_count_measurement,3.0,basic_structure,metric_weight_std,12.528226459173055,12.535798302229628,0.0604382677887221,0.01257179772908357,5
MANC,synapse_count_measurement,3.0,basic_structure,metric_weight_max,1001.0,1005.6,0.4595404595404618,1.967397982032555,5
MANC,synapse_count_measurement,3.0,basic_structure,metric_density,0.0111424778935521,0.0111424778935521,0.0,0.0,5
MANC,synapse_count_measurement,3.0,degree_distribution,metric_total_degree_mean,527.3511937460385,527.3511937460385,0.0,0.0,5
MANC,synapse_count_measurement,3.0,degree_distribution,metric_in_degree_mean,263.67559687301923,263.67559687301923,0.0,0.0,5
MANC,synapse_count_measurement,3.0,degree_distribution,metric_out_degree_mean,263.67559687301923,263.67559687301923,0.0,0.0,5
MANC,synapse_count_measurement,3.0,degree_distribution,metric_total_degree_std,547.819079564865,547.819079564865,0.0,0.0,5
MANC,synapse_count_measurement,3.0,degree_distribution,metric_in_degree_max,3625.0,3625.0,0.0,0.0,5
MANC,synapse_count_measurement,3.0,degree_distribution,metric_out_degree_max,6552.0,6552.0,0.0,0.0,5
MANC,synapse_count_measurement,3.0,assortativity,metric_degree_assortativity,0.0369423897310833,0.0369423897310833,0.0,0.0,5
MANC,synapse_count_measurement,3.0,connected_components,metric_wcc_count,25.0,25.0,0.0,0.0,5
MANC,synapse_count_measurement,3.0,connected_components,metric_wcc_max_size,23641.0,23641.0,0.0,0.0,5
MANC,synapse_count_measurement,3.0,connected_components,metric_scc_count,95.0,95.0,0.0,0.0,5
MANC,synapse_count_measurement,3.0,connected_components,metric_scc_max_size,23569.0,23569.0,0.0,0.0,5
MANC,synapse_count_measurement,3.0,reciprocity,metric_reciprocity,0.2852700894141373,0.2852700894141373,0.0,0.0,5
MANC,synapse_count_measurement,5.0,basic_structure,metric_node_count,23665.0,23665.0,0.0,0.0,5
MANC,synapse_count_measurement,5.0,basic_structure,metric_edge_count,6239883.0,6239883.0,0.0,0.0,5
MANC,synapse_count_measurement,5.0,basic_structure,metric_total_synapses,30934610.0,30933982.4,-0.0020287955788079763,0.004850841924349958,5
MANC,synapse_count_measurement,5.0,basic_structure,metric_weight_mean,4.957562505579031,4.957461926770102,-0.0020287955788001488,0.0048508419243462435,5
MANC,synapse_count_measurement,5.0,basic_structure,metric_weight_variance,156.95645821232384,157.4554356945085,0.31790821981321465,0.04026170291517632,5
MANC,synapse_count_measurement,5.0,basic_structure,metric_weight_std,12.528226459173055,12.548124535338882,0.15882596176458605,0.020098315146238898,5
MANC,synapse_count_measurement,5.0,basic_structure,metric_weight_max,1001.0,1022.6,2.1578421578421603,3.3579513174051265,5
MANC,synapse_count_measurement,5.0,basic_structure,metric_density,0.0111424778935521,0.0111424778935521,0.0,0.0,5
MANC,synapse_count_measurement,5.0,degree_distribution,metric_total_degree_mean,527.3511937460385,527.3511937460385,0.0,0.0,5
MANC,synapse_count_measurement,5.0,degree_distribution,metric_in_degree_mean,263.67559687301923,263.67559687301923,0.0,0.0,5
MANC,synapse_count_measurement,5.0,degree_distribution,metric_out_degree_mean,263.67559687301923,263.67559687301923,0.0,0.0,5
MANC,synapse_count_measurement,5.0,degree_distribution,metric_total_degree_std,547.819079564865,547.819079564865,0.0,0.0,5
MANC,synapse_count_measurement,5.0,degree_distribution,metric_in_degree_max,3625.0,3625.0,0.0,0.0,5
MANC,synapse_count_measurement,5.0,degree_distribution,metric_out_degree_max,6552.0,6552.0,0.0,0.0,5
MANC,synapse_count_measurement,5.0,assortativity,metric_degree_assortativity,0.0369423897310833,0.0369423897310833,0.0,0.0,5
MANC,synapse_count_measurement,5.0,connected_components,metric_wcc_count,25.0,25.0,0.0,0.0,5
MANC,synapse_count_measurement,5.0,connected_components,metric_wcc_max_size,23641.0,23641.0,0.0,0.0,5
MANC,synapse_count_measurement,5.0,connected_components,metric_scc_count,95.0,95.0,0.0,0.0,5
MANC,synapse_count_measurement,5.0,connected_components,metric_scc_max_size,23569.0,23569.0,0.0,0.0,5
MANC,synapse_count_measurement,5.0,reciprocity,metric_reciprocity,0.2852700894141373,0.2852700894141373,0.0,0.0,5
MANC,synapse_count_measurement,7.5,basic_structure,metric_node_count,23665.0,23665.0,0.0,0.0,5
MANC,synapse_count_measurement,7.5,basic_structure,metric_edge_count,6239883.0,6239883.0,0.0,0.0,5
MANC,synapse_count_measurement,7.5,basic_structure,metric_total_synapses,30934610.0,30933637.4,-0.0031440512746127728,0.008472287389340354,5
MANC,synapse_count_measurement,7.5,basic_structure,metric_weight_mean,4.957562505579031,4.957406637271885,-0.003144051274615827,0.008472287389339118,5
MANC,synapse_count_measurement,7.5,basic_structure,metric_weight_variance,156.95645821232384,158.04641884110063,0.6944350307028098,0.062282440621049595,5
MANC,synapse_count_measurement,7.5,basic_structure,metric_weight_std,12.528226459173055,12.57165079558609,0.3466120009447891,0.031032275554522468,5
MANC,synapse_count_measurement,7.5,basic_structure,metric_weight_max,1001.0,1059.8,5.87412587412587,3.691927100883468,5
MANC,synapse_count_measurement,7.5,basic_structure,metric_density,0.0111424778935521,0.0111424778935521,0.0,0.0,5
MANC,synapse_count_measurement,7.5,degree_distribution,metric_total_degree_mean,527.3511937460385,527.3511937460385,0.0,0.0,5
MANC,synapse_count_measurement,7.5,degree_distribution,metric_in_degree_mean,263.67559687301923,263.67559687301923,0.0,0.0,5
MANC,synapse_count_measurement,7.5,degree_distribution,metric_out_degree_mean,263.67559687301923,263.67559687301923,0.0,0.0,5
MANC,synapse_count_measurement,7.5,degree_distribution,metric_total_degree_std,547.819079564865,547.819079564865,0.0,0.0,5
MANC,synapse_count_measurement,7.5,degree_distribution,metric_in_degree_max,3625.0,3625.0,0.0,0.0,5
MANC,synapse_count_measurement,7.5,degree_distribution,metric_out_degree_max,6552.0,6552.0,0.0,0.0,5
MANC,synapse_count_measurement,7.5,assortativity,metric_degree_assortativity,0.0369423897310833,0.0369423897310833,0.0,0.0,5
MANC,synapse_count_measurement,7.5,connected_components,metric_wcc_count,25.0,25.0,0.0,0.0,5
MANC,synapse_count_measurement,7.5,connected_components,metric_wcc_max_size,23641.0,23641.0,0.0,0.0,5
MANC,synapse_count_measurement,7.5,connected_components,metric_scc_count,95.0,95.0,0.0,0.0,5
MANC,synapse_count_measurement,7.5,connected_components,metric_scc_max_size,23569.0,23569.0,0.0,0.0,5
MANC,synapse_count_measurement,7.5,reciprocity,metric_reciprocity,0.2852700894141373,0.2852700894141373,0.0,0.0,5
MANC,synapse_count_measurement,10.0,basic_structure,metric_node_count,23665.0,23665.0,0.0,0.0,5
MANC,synapse_count_measurement,10.0,basic_structure,metric_edge_count,6239883.0,6239883.0,0.0,0.0,5
MANC,synapse_count_measurement,10.0,basic_structure,metric_total_synapses,30934610.0,30933708.0,-0.002915827935118626,0.00951025193820727,5
MANC,synapse_count_measurement,10.0,basic_structure,metric_weight_mean,4.957562505579031,4.957417951586593,-0.0029158279351115587,0.009510251938213565,5
MANC,synapse_count_measurement,10.0,basic_structure,metric_weight_variance,156.95645821232384,158.86269189095322,1.2144984031499406,0.083332048429791,5
MANC,synapse_count_measurement,10.0,basic_structure,metric_weight_std,12.528226459173055,12.60407334843297,0.605408032071288,0.041412744935104745,5
MANC,synapse_count_measurement,10.0,basic_structure,metric_weight_max,1001.0,1100.2,9.910089910089914,3.933273858107393,5
MANC,synapse_count_measurement,10.0,basic_structure,metric_density,0.0111424778935521,0.0111424778935521,0.0,0.0,5
MANC,synapse_count_measurement,10.0,degree_distribution,metric_total_degree_mean,527.3511937460385,527.3511937460385,0.0,0.0,5
MANC,synapse_count_measurement,10.0,degree_distribution,metric_in_degree_mean,263.67559687301923,263.67559687301923,0.0,0.0,5
MANC,synapse_count_measurement,10.0,degree_distribution,metric_out_degree_mean,263.67559687301923,263.67559687301923,0.0,0.0,5
MANC,synapse_count_measurement,10.0,degree_distribution,metric_total_degree_std,547.819079564865,547.819079564865,0.0,0.0,5
MANC,synapse_count_measurement,10.0,degree_distribution,metric_in_degree_max,3625.0,3625.0,0.0,0.0,5
MANC,synapse_count_measurement,10.0,degree_distribution,metric_out_degree_max,6552.0,6552.0,0.0,0.0,5
MANC,synapse_count_measurement,10.0,assortativity,metric_degree_assortativity,0.0369423897310833,0.0369423897310833,0.0,0.0,5
MANC,synapse_count_measurement,10.0,connected_components,metric_wcc_count,25.0,25.0,0.0,0.0,5
MANC,synapse_count_measurement,10.0,connected_components,metric_wcc_max_size,23641.0,23641.0,0.0,0.0,5
MANC,synapse_count_measurement,10.0,connected_components,metric_scc_count,95.0,95.0,0.0,0.0,5
MANC,synapse_count_measurement,10.0,connected_components,metric_scc_max_size,23569.0,23569.0,0.0,0.0,5
MANC,synapse_count_measurement,10.0,reciprocity,metric_reciprocity,0.2852700894141373,0.2852700894141373,0.0,0.0,5
MANC,synapse_count_measurement,15.0,basic_structure,metric_node_count,23665.0,23665.0,0.0,0.0,5
MANC,synapse_count_measurement,15.0,basic_structure,metric_edge_count,6239883.0,6239883.0,0.0,0.0,5
MANC,synapse_count_measurement,15.0,basic_structure,metric_total_synapses,30934610.0,30934895.8,0.000923884283657512,0.014660428451772976,5
MANC,synapse_count_measurement,15.0,basic_structure,metric_weight_mean,4.957562505579031,4.957608307719871,0.0009238842836273215,0.01466042845177351,5
MANC,synapse_count_measurement,15.0,basic_structure,metric_weight_variance,156.95645821232384,161.17416177311776,2.687180641581754,0.12824213100269488,5
MANC,synapse_count_measurement,15.0,basic_structure,metric_weight_std,12.528226459173055,12.695436146215089,1.334663669969058,0.06326968017884779,5
MANC,synapse_count_measurement,15.0,basic_structure,metric_weight_max,1001.0,1180.8,17.962037962037957,4.730836711112485,5
MANC,synapse_count_measurement,15.0,basic_structure,metric_density,0.0111424778935521,0.0111424778935521,0.0,0.0,5
MANC,synapse_count_measurement,15.0,degree_distribution,metric_total_degree_mean,527.3511937460385,527.3511937460385,0.0,0.0,5
MANC,synapse_count_measurement,15.0,degree_distribution,metric_in_degree_mean,263.67559687301923,263.67559687301923,0.0,0.0,5
MANC,synapse_count_measurement,15.0,degree_distribution,metric_out_degree_mean,263.67559687301923,263.67559687301923,0.0,0.0,5
MANC,synapse_count_measurement,15.0,degree_distribution,metric_total_degree_std,547.819079564865,547.819079564865,0.0,0.0,5
MANC,synapse_count_measurement,15.0,degree_distribution,metric_in_degree_max,3625.0,3625.0,0.0,0.0,5
MANC,synapse_count_measurement,15.0,degree_distribution,metric_out_degree_max,6552.0,6552.0,0.0,0.0,5
MANC,synapse_count_measurement,15.0,assortativity,metric_degree_assortativity,0.0369423897310833,0.0369423897310833,0.0,0.0,5
MANC,synapse_count_measurement,15.0,connected_components,metric_wcc_count,25.0,25.0,0.0,0.0,5
MANC,synapse_count_measurement,15.0,connected_components,metric_wcc_max_size,23641.0,23641.0,0.0,0.0,5
MANC,synapse_count_measurement,15.0,connected_components,metric_scc_count,95.0,95.0,0.0,0.0,5
MANC,synapse_count_measurement,15.0,connected_components,metric_scc_max_size,23569.0,23569.0,0.0,0.0,5
MANC,synapse_count_measurement,15.0,reciprocity,metric_reciprocity,0.2852700894141373,0.2852700894141373,0.0,0.0,5
MANC,synapse_count_measurement,20.0,basic_structure,metric_node_count,23665.0,23665.0,0.0,0.0,5
MANC,synapse_count_measurement,20.0,basic_structure,metric_edge_count,6239883.0,6239883.0,0.0,0.0,5
MANC,synapse_count_measurement,20.0,basic_structure,metric_total_synapses,30934610.0,30950281.6,0.05066040916630755,0.02317136886236259,5
MANC,synapse_count_measurement,20.0,basic_structure,metric_weight_mean,4.957562505579031,4.960074027029032,0.050660409166284934,0.02317136886236638,5
MANC,synapse_count_measurement,20.0,basic_structure,metric_weight_variance,156.95645821232384,164.36568542591323,4.7205621851931125,0.1771877635078951,5
MANC,synapse_count_measurement,20.0,basic_structure,metric_weight_std,12.528226459173055,12.82051355528714,2.3330285181752566,0.0865610630865146,5
MANC,synapse_count_measurement,20.0,basic_structure,metric_weight_max,1001.0,1261.2,25.994005994006,5.925482444852006,5
MANC,synapse_count_measurement,20.0,basic_structure,metric_density,0.0111424778935521,0.0111424778935521,0.0,0.0,5
MANC,synapse_count_measurement,20.0,degree_distribution,metric_total_degree_mean,527.3511937460385,527.3511937460385,0.0,0.0,5
MANC,synapse_count_measurement,20.0,degree_distribution,metric_in_degree_mean,263.67559687301923,263.67559687301923,0.0,0.0,5
MANC,synapse_count_measurement,20.0,degree_distribution,metric_out_degree_mean,263.67559687301923,263.67559687301923,0.0,0.0,5
MANC,synapse_count_measurement,20.0,degree_distribution,metric_total_degree_std,547.819079564865,547.819079564865,0.0,0.0,5
MANC,synapse_count_measurement,20.0,degree_distribution,metric_in_degree_max,3625.0,3625.0,0.0,0.0,5
MANC,synapse_count_measurement,20.0,degree_distribution,metric_out_degree_max,6552.0,6552.0,0.0,0.0,5
MANC,synapse_count_measurement,20.0,assortativity,metric_degree_assortativity,0.0369423897310833,0.0369423897310833,0.0,0.0,5
MANC,synapse_count_measurement,20.0,connected_components,metric_wcc_count,25.0,25.0,0.0,0.0,5
MANC,synapse_count_measurement,20.0,connected_components,metric_wcc_max_size,23641.0,23641.0,0.0,0.0,5
MANC,synapse_count_measurement,20.0,connected_components,metric_scc_count,95.0,95.0,0.0,0.0,5
MANC,synapse_count_measurement,20.0,connected_components,metric_scc_max_size,23569.0,23569.0,0.0,0.0,5
MANC,synapse_count_measurement,20.0,reciprocity,metric_reciprocity,0.2852700894141373,0.2852700894141373,0.0,0.0,5
MAOL,missed_synapses,0.25,basic_structure,metric_node_count,52445.0,52445.0,0.0,0.0,5
MAOL,missed_synapses,0.25,basic_structure,metric_edge_count,6736968.0,6730231.0,-0.1000004749911236,0.0009818258691035612,5
MAOL,missed_synapses,0.25,basic_structure,metric_total_synapses,26492194.0,26426140.0,-0.2493338226346976,0.0005725755947214622,5
MAOL,missed_synapses,0.25,basic_structure,metric_weight_mean,3.932361560868331,3.9264833558501615,-0.14948282163737753,0.0011278726473119465,5
MAOL,missed_synapses,0.25,basic_structure,metric_weight_variance,52.68035125761817,52.48942438466712,-0.362425208627368,0.004888160988452884,5
MAOL,missed_synapses,0.25,basic_structure,metric_weight_std,7.258123122241601,7.244958547368251,-0.181377122592606,0.0024485069140377813,5
MAOL,missed_synapses,0.25,basic_structure,metric_weight_max,2589.0,2586.4,-0.10042487446890341,0.052393433627850663,5
MAOL,missed_synapses,0.25,basic_structure,metric_density,0.0024494274809646,0.00244697804184902,-0.10000047499324556,0.0009818258686253801,5
MAOL,missed_synapses,0.25,degree_distribution,metric_total_degree_mean,256.915549623415,256.6586328534655,-0.10000047499113428,0.0009818258690975456,5
MAOL,missed_synapses,0.25,degree_distribution,metric_in_degree_mean,128.4577748117075,128.32931642673276,-0.10000047499113428,0.0009818258690975456,5
MAOL,missed_synapses,0.25,degree_distribution,metric_out_degree_mean,128.4577748117075,128.32931642673276,-0.10000047499113428,0.0009818258690975456,5
MAOL,missed_synapses,0.25,degree_distribution,metric_total_degree_std,373.1623058805182,372.8349463441051,-0.08772577810094107,0.0011150532604709041,5
MAOL,missed_synapses,0.25,degree_distribution,metric_in_degree_max,11700.0,11696.8,-0.02735042735043357,0.012561485860426554,5
MAOL,missed_synapses,0.25,degree_distribution,metric_out_degree_max,15947.0,15935.4,-0.07274095441149034,0.01291230970212203,5
MAOL,missed_synapses,0.25,assortativity,metric_degree_assortativity,-0.05352990548572421,-0.05352942779186152,0.0008923868972936086,0.011244296076233644,5
MAOL,missed_synapses,0.25,connected_components,metric_wcc_count,821.0,821.4,0.04872107186357823,0.059670882893621886,5
MAOL,missed_synapses,0.25,connected_components,metric_wcc_max_size,51503.0,51502.6,-0.0007766537871608551,0.0009512027426686515,5
MAOL,missed_synapses,0.25,connected_components,metric_scc_count,1705.0,1706.4,0.08211143695015197,0.05981254561399161,5
MAOL,missed_synapses,0.25,connected_components,metric_scc_max_size,50709.0,50707.8,-0.0023664438265339283,0.0014757370039929563,5
MAOL,missed_synapses,0.25,reciprocity,metric_reciprocity,0.2776333037886953,0.2774356740722096,-0.07118372104093666,0.003492709928263945,5
MAOL,missed_synapses,0.5,basic_structure,metric_node_count,52445.0,52445.0,0.0,0.0,5
MAOL,missed_synapses,0.5,basic_structure,metric_edge_count,6736968.0,6723437.0,-0.20084702792116574,0.001713479456417008,5
MAOL,missed_synapses,0.5,basic_structure,metric_total_synapses,26492194.0,26359818.2,-0.49967850907327926,0.001009761803622082,5
MAOL,missed_synapses,0.5,basic_structure,metric_weight_mean,3.932361560868331,3.9205867778938432,-0.29943286730449564,0.0011237723615143132,5
MAOL,missed_synapses,0.5,basic_structure,metric_weight_variance,52.68035125761817,52.29769380008277,-0.7263760555887809,0.006851290342549286,5
MAOL,missed_synapses,0.5,basic_structure,metric_weight_std,7.258123122241601,7.231714439730706,-0.36385002108835585,0.0034381604278758172,5
MAOL,missed_synapses,0.5,basic_structure,metric_weight_max,2589.0,2584.2,-0.18539976825029672,0.09586460908451802,5
MAOL,missed_synapses,0.5,basic_structure,metric_density,0.0024494274809646,0.00244450787866796,-0.2008470279227307,0.0017134794555725438,5
MAOL,missed_synapses,0.5,degree_distribution,metric_total_degree_mean,256.915549623415,256.39954237772906,-0.20084702792116513,0.001713479456428307,5
MAOL,missed_synapses,0.5,degree_distribution,metric_in_degree_mean,128.4577748117075,128.19977118886453,-0.20084702792116513,0.0017134794564195289,5
MAOL,missed_synapses,0.5,degree_distribution,metric_out_degree_mean,128.4577748117075,128.19977118886453,-0.20084702792116513,0.0017134794564195289,5
MAOL,missed_synapses,0.5,degree_distribution,metric_total_degree_std,373.1623058805182,372.50264980372305,-0.1767745740660023,0.0021835633262173707,5
MAOL,missed_synapses,0.5,degree_distribution,metric_in_degree_max,11700.0,11694.8,-0.04444444444445066,0.016573264469799415,5
MAOL,missed_synapses,0.5,degree_distribution,metric_out_degree_max,15947.0,15924.0,-0.14422775443657115,0.025394690827511866,5
MAOL,missed_synapses,0.5,assortativity,metric_degree_assortativity,-0.05352990548572421,-0.05352401508232792,0.011003948807370876,0.01555582583328012,5
MAOL,missed_synapses,0.5,connected_components,metric_wcc_count,821.0,821.4,0.04872107186357823,0.059670882893621886,5
MAOL,missed_synapses,0.5,connected_components,metric_wcc_max_size,51503.0,51502.6,-0.0007766537871608551,0.0009512027426686515,5
MAOL,missed_synapses,0.5,connected_components,metric_scc_count,1705.0,1707.2,0.1290322580645188,0.11372855970478192,5
MAOL,missed_synapses,0.5,connected_components,metric_scc_max_size,50709.0,50707.0,-0.003944073044232779,0.0032998482578401288,5
MAOL,missed_synapses,0.5,reciprocity,metric_reciprocity,0.2776333037886953,0.27725327465824245,-0.13688167999544343,0.0025745688012571988,5
MAOL,missed_synapses,0.75,basic_structure,metric_node_count,52445.0,52445.0,0.0,0.0,5
MAOL,missed_synapses,0.75,basic_structure,metric_edge_count,6736968.0,6716637.0,-0.3017826416868835,0.0016949659919419948,5
MAOL,missed_synapses,0.75,basic_structure,metric_total_synapses,26492194.0,26293696.4,-0.7492682561512327,0.0007575717743060796,5
MAOL,missed_synapses,0.75,basic_structure,metric_weight_mean,3.932361560868331,3.914711544860294,-0.4488401113385888,0.0016247632596355682,5
MAOL,missed_synapses,0.75,basic_structure,metric_weight_variance,52.68035125761817,52.1073413716873,-1.0877108300374305,0.013041577957818334,5
MAOL,missed_synapses,0.75,basic_structure,metric_weight_std,7.258123122241601,7.218541483237033,-0.5453426228507413,0.006556684099904522,5
MAOL,missed_synapses,0.75,basic_structure,metric_weight_max,2589.0,2582.0,-0.27037466203167243,0.10924786113349519,5
MAOL,missed_synapses,0.75,basic_structure,metric_density,0.0024494274809646,0.0024420355340063,-0.30178264168853025,0.0016949659916255717,5
MAOL,missed_synapses,0.75,degree_distribution,metric_total_degree_mean,256.915549623415,256.1402230908571,-0.3017826416868868,0.0016949659919400534,5
MAOL,missed_synapses,0.75,degree_distribution,metric_in_degree_mean,128.4577748117075,128.07011154542855,-0.3017826416868868,0.0016949659919400534,5
MAOL,missed_synapses,0.75,degree_distribution,metric_out_degree_mean,128.4577748117075,128.07011154542855,-0.3017826416868868,0.0016949659919400534,5
MAOL,missed_synapses,0.75,degree_distribution,metric_total_degree_std,373.1623058805182,372.166087700961,-0.2669664550406638,0.0017404623868494471,5
MAOL,missed_synapses,0.75,degree_distribution,metric_in_degree_max,11700.0,11693.2,-0.058119658119651904,0.019787755389384997,5
MAOL,missed_synapses,0.75,degree_distribution,metric_out_degree_max,15947.0,15909.6,-0.23452687025772642,0.04601225641899829,5
MAOL,missed_synapses,0.75,assortativity,metric_degree_assortativity,-0.05352990548572421,-0.053521753298469074,0.01522922034171438,0.016374398558152772,5
MAOL,missed_synapses,0.75,connected_components,metric_wcc_count,821.0,822.6,0.19488428745432676,0.12421484807777795,5
MAOL,missed_synapses,0.75,connected_components,metric_wcc_max_size,51503.0,51501.8,-0.0023299613614684383,0.0014529861898428989,5
MAOL,missed_synapses,0.75,connected_components,metric_scc_count,1705.0,1708.2,0.18768328445748067,0.11372855970478192,5
MAOL,missed_synapses,0.75,connected_components,metric_scc_max_size,50709.0,50706.0,-0.005916109566349169,0.0032998482578401288,5
MAOL,missed_synapses,0.75,reciprocity,metric_reciprocity,0.2776333037886953,0.27706520674753726,-0.20462135968759196,0.00250327142704312,5
MAOL,missed_synapses,1.0,basic_structure,metric_node_count,52445.0,52445.0,0.0,0.0,5
MAOL,missed_synapses,1.0,basic_structure,metric_edge_count,6736968.0,6709857.4,-0.4024154486112985,0.002613490016355714,5
MAOL,missed_synapses,1.0,basic_structure,metric_total_synapses,26492194.0,26227381.0,-0.9995887845302658,0.0007729930249594399,5
MAOL,missed_synapses,1.0,basic_structure,metric_weight_mean,3.932361560868331,3.908783666994828,-0.5995861140575482,0.0018926416717375974,5
MAOL,missed_synapses,1.0,basic_structure,metric_weight_variance,52.68035125761817,51.91711069211616,-1.4488144958821554,0.01517768369392631,5
MAOL,missed_synapses,1.0,basic_structure,metric_weight_std,7.258123122241601,7.205352897967783,-0.7270505526712583,0.007644599092852842,5
MAOL,missed_synapses,1.0,basic_structure,metric_weight_max,2589.0,2579.8,-0.3553495558130482,0.11300686626749938,5
MAOL,missed_synapses,1.0,basic_structure,metric_density,0.0024494274809646,0.0024395706063786403,-0.40241544861241907,0.0026134900169562025,5
MAOL,missed_synapses,1.0,degree_distribution,metric_total_degree_mean,256.915549623415,255.88168176184575,-0.40241544861130396,0.0026134900163606745,5
MAOL,missed_synapses,1.0,degree_distribution,metric_in_degree_mean,128.4577748117075,127.94084088092286,-0.40241544861131506,0.002613490016347364,5
MAOL,missed_synapses,1.0,degree_distribution,metric_out_degree_mean,128.4577748117075,127.94084088092286,-0.40241544861131506,0.002613490016347364,5
MAOL,missed_synapses,1.0,degree_distribution,metric_total_degree_std,373.1623058805182,371.83599374648645,-0.35542500223921886,0.000982729528045485,5
MAOL,missed_synapses,1.0,degree_distribution,metric_in_degree_max,11700.0,11691.2,-0.07521367521366899,0.019787755389384997,5
MAOL,missed_synapses,1.0,degree_distribution,metric_out_degree_max,15947.0,15897.6,-0.3097761334420244,0.044270051030846656,5
MAOL,missed_synapses,1.0,assortativity,metric_degree_assortativity,-0.05352990548572421,-0.05351546516124752,0.026976181530036787,0.011609741539232898,5
MAOL,missed_synapses,1.0,connected_components,metric_wcc_count,821.0,822.8,0.21924482338610893,0.14204511315092086,5
MAOL,missed_synapses,1.0,connected_components,metric_wcc_max_size,51503.0,51501.6,-0.002718288255055929,0.0019800864080122653,5
MAOL,missed_synapses,1.0,connected_components,metric_scc_count,1705.0,1708.8,0.2228739002932525,0.13062203783765447,5
MAOL,missed_synapses,1.0,connected_components,metric_scc_max_size,50709.0,50705.4,-0.007099331479616132,0.004060671731245735,5
MAOL,missed_synapses,1.0,reciprocity,metric_reciprocity,0.2776333037886953,0.27688157924705525,-0.270761659851929,0.005069895865851634,5
MAOL,missed_synapses,2.0,basic_structure,metric_node_count,52445.0,52445.0,0.0,0.0,5
MAOL,missed_synapses,2.0,basic_structure,metric_edge_count,6736968.0,6682503.4,-0.8084437984565108,0.004006413568838725,5
MAOL,missed_synapses,2.0,basic_structure,metric_total_synapses,26492194.0,25962456.0,-1.9996003351024831,0.0019962101377492495,5
MAOL,missed_synapses,2.0,basic_structure,metric_weight_mean,3.932361560868331,3.8851392171453853,-1.2008647473534524,0.003035755579359977,5
MAOL,missed_synapses,2.0,basic_structure,metric_weight_variance,52.68035125761817,51.16082976855086,-2.8844179144450344,0.020070316729874856,5
MAOL,missed_synapses,2.0,basic_structure,metric_weight_std,7.258123122241601,7.152679862977854,-1.4527620637989729,0.010183382348241767,5
MAOL,missed_synapses,2.0,basic_structure,metric_weight_max,2589.0,2571.0,-0.6952491309385863,0.1601888092184451,5
MAOL,missed_synapses,2.0,basic_structure,metric_density,0.0024494274809646,0.0024296252363969796,-0.808443798459467,0.0040064135691670515,5
MAOL,missed_synapses,2.0,degree_distribution,metric_total_degree_mean,256.915549623415,254.83853179521407,-0.808443798456508,0.004006413568839196,5
MAOL,missed_synapses,2.0,degree_distribution,metric_in_degree_mean,128.4577748117075,127.419265897607,-0.80844379845653,0.004006413568835984,5
MAOL,missed_synapses,2.0,degree_distribution,metric_out_degree_mean,128.4577748117075,127.419265897607,-0.80844379845653,0.004006413568835984,5
MAOL,missed_synapses,2.0,degree_distribution,metric_total_degree_std,373.1623058805182,370.49197670672316,-0.7155945634685955,0.005317512910136497,5
MAOL,missed_synapses,2.0,degree_distribution,metric_in_degree_max,11700.0,11680.6,-0.1658119658119627,0.02512297172085311,5
MAOL,missed_synapses,2.0,degree_distribution,metric_out_degree_max,15947.0,15845.4,-0.6371104282937252,0.07340821785495402,5
MAOL,missed_synapses,2.0,assortativity,metric_degree_assortativity,-0.05352990548572421,-0.05350260526098945,0.050999949443288596,0.023524605631815795,5
MAOL,missed_synapses,2.0,connected_components,metric_wcc_count,821.0,824.0,0.3654080389768575,0.10894362862361948,5
MAOL,missed_synapses,2.0,connected_components,metric_wcc_max_size,51503.0,51501.2,-0.0034949420422167843,0.0014529861898428989,5
MAOL,missed_synapses,2.0,connected_components,metric_scc_count,1705.0,1710.6,0.32844574780058117,0.19131385841994242,5
MAOL,missed_synapses,2.0,connected_components,metric_scc_max_size,50709.0,50704.0,-0.009860182610581948,0.005715504839846749,5
MAOL,missed_synapses,2.0,reciprocity,metric_reciprocity,0.2776333037886953,0.27611754142851913,-0.5459584061031016,0.008264363917697345,5
MAOL,missed_synapses,5.0,basic_structure,metric_node_count,52445.0,52445.0,0.0,0.0,5
MAOL,missed_synapses,5.0,basic_structure,metric_edge_count,6736968.0,6598599.4,-2.053870524544567,0.0024680834278893297,5
MAOL,missed_synapses,5.0,basic_structure,metric_total_synapses,26492194.0,25167876.8,-4.998895901185079,0.0027569692931354297,5
MAOL,missed_synapses,5.0,basic_structure,metric_weight_mean,3.932361560868331,3.814124072650788,-3.0067806936713666,0.003859708891764008,5
MAOL,missed_synapses,5.0,basic_structure,metric_weight_variance,52.68035125761817,48.92735790206724,-7.124085671331211,0.0197643446354134,5
MAOL,missed_synapses,5.0,basic_structure,metric_weight_std,7.258123122241601,6.994809314635248,-3.6278498335122142,0.01025450187811174,5
MAOL,missed_synapses,5.0,basic_structure,metric_weight_max,2589.0,2553.8,-1.3595983005021173,0.21629972962533797,5
MAOL,missed_synapses,5.0,basic_structure,metric_density,0.0024494274809646,0.00239911941191292,-2.0538705245467535,0.0024680834281235946,5
MAOL,missed_synapses,5.0,degree_distribution,metric_total_degree_mean,256.915549623415,251.63883687672802,-2.053870524544569,0.002468083427896527,5
MAOL,missed_synapses,5.0,degree_distribution,metric_in_degree_mean,128.4577748117075,125.81941843836401,-2.053870524544569,0.0024680834278837903,5
MAOL,missed_synapses,5.0,degree_distribution,metric_out_degree_mean,128.4577748117075,125.81941843836401,-2.053870524544569,0.0024680834278837903,5
MAOL,missed_synapses,5.0,degree_distribution,metric_total_degree_std,373.1623058805182,366.3642839648261,-1.821733280281733,0.0029449900291495545,5
MAOL,missed_synapses,5.0,degree_distribution,metric_in_degree_max,11700.0,11636.8,-0.5401709401709464,0.04936591137843984,5
MAOL,missed_synapses,5.0,degree_distribution,metric_out_degree_max,15947.0,15674.4,-1.7094124286699715,0.08640022399021677,5
MAOL,missed_synapses,5.0,assortativity,metric_degree_assortativity,-0.05352990548572421,-0.053484412217245446,0.08498664076829575,0.013094206273157777,5
MAOL,missed_synapses,5.0,connected_components,metric_wcc_count,821.0,828.8,0.9500609013398239,0.39581185893476056,5
MAOL,missed_synapses,5.0,connected_components,metric_wcc_max_size,51503.0,51495.0,-0.015533075743160592,0.015773912984944488,5
MAOL,missed_synapses,5.0,connected_components,metric_scc_count,1705.0,1719.2,0.8328445747800614,0.20452311758548614,5
MAOL,missed_synapses,5.0,connected_components,metric_scc_max_size,50709.0,50696.4,-0.02484766017866364,0.006186036853954179,5
MAOL,missed_synapses,5.0,reciprocity,metric_reciprocity,0.2776333037886953,0.27381263244332876,-1.376157432565942,0.016756552489269147,5
MAOL,missed_synapses,10.0,basic_structure,metric_node_count,52445.0,52445.0,0.0,0.0,5
MAOL,missed_synapses,10.0,basic_structure,metric_edge_count,6736968.0,6452627.2,-4.22060487744635,0.00873919027363562,5
MAOL,missed_synapses,10.0,basic_structure,metric_total_synapses,26492194.0,23842669.2,-10.001152792403682,0.005461571433038902,5
MAOL,missed_synapses,10.0,basic_structure,metric_weight_mean,3.932361560868331,3.695032821920524,-6.035272577921369,0.005182766961940139,5
MAOL,missed_synapses,10.0,basic_structure,metric_weight_variance,52.68035125761817,45.31270205287211,-13.985573423223169,0.03576365098610379,5
MAOL,missed_synapses,10.0,basic_structure,metric_weight_std,7.258123122241601,6.73147087154314,-7.256039086531918,0.01928104741272438,5
MAOL,missed_synapses,10.0,basic_structure,metric_weight_max,2589.0,2500.4,-3.4221707222865936,0.2906896519463388,5
MAOL,missed_synapses,10.0,basic_structure,metric_density,0.0024494274809646,0.00234604682523346,-4.22060487744784,0.008739190272679104,5
MAOL,missed_synapses,10.0,degree_distribution,metric_total_degree_mean,256.915549623415,246.07215940509104,-4.220604877446359,0.008739190273643137,5
MAOL,missed_synapses,10.0,degree_distribution,metric_in_degree_mean,128.4577748117075,123.03607970254552,-4.220604877446359,0.008739190273634796,5
MAOL,missed_synapses,10.0,degree_distribution,metric_out_degree_mean,128.4577748117075,123.03607970254552,-4.220604877446359,0.008739190273634796,5
MAOL,missed_synapses,10.0,degree_distribution,metric_total_degree_std,373.1623058805182,359.23429342503226,-3.732427481554236,0.01034713493987633,5
MAOL,missed_synapses,10.0,degree_distribution,metric_in_degree_max,11700.0,11570.6,-1.105982905982903,0.07540767521406076,5
MAOL,missed_synapses,10.0,degree_distribution,metric_out_degree_max,15947.0,15377.6,-3.570577538094937,0.12632765382223024,5
MAOL,missed_synapses,10.0,assortativity,metric_degree_assortativity,-0.05352990548572421,-0.053448748959027306,0.1516096954786213,0.021475597058351482,5
MAOL,missed_synapses,10.0,connected_components,metric_wcc_count,821.0,837.4,1.9975639464068182,0.5479767054422409,5
MAOL,missed_synapses,10.0,connected_components,metric_wcc_max_size,51503.0,51490.8,-0.023687940508314253,0.02107008906859878,5
MAOL,missed_synapses,10.0,connected_components,metric_scc_count,1705.0,1734.4,1.7243401759530848,0.3775595762916383,5
MAOL,missed_synapses,10.0,connected_components,metric_scc_max_size,50709.0,50682.8,-0.051667356879443675,0.011113611235563998,5
MAOL,missed_synapses,10.0,reciprocity,metric_reciprocity,0.2776333037886953,0.269643858722011,-2.877696932485075,0.018237646271924625,5
MAOL,missed_synapses,15.0,basic_structure,metric_node_count,52445.0,52445.0,0.0,0.0,5
MAOL,missed_synapses,15.0,basic_structure,metric_edge_count,6736968.0,6298842.0,-6.50331128187042,0.006767646896641597,5
MAOL,missed_synapses,15.0,basic_structure,metric_total_synapses,26492194.0,22518127.2,-15.000897245430108,0.002332300086508336,5
MAOL,missed_synapses,15.0,basic_structure,metric_weight_mean,3.932361560868331,3.57496303781845,-9.088648577140539,0.007689383551052546,5
MAOL,missed_synapses,15.0,basic_structure,metric_weight_variance,52.68035125761817,41.83649842209829,-20.584245504535698,0.0489931894711291,5
MAOL,missed_synapses,15.0,basic_structure,metric_weight_std,7.258123122241601,6.468113669471546,-10.884486794515384,0.027489443904890457,5
MAOL,missed_synapses,15.0,basic_structure,metric_weight_max,2589.0,2468.2,-4.665894167632297,0.25079464010425534,5
MAOL,missed_synapses,15.0,basic_structure,metric_density,0.0024494274809646,0.0022901335872537397,-6.503311281872659,0.006767646895700775,5
MAOL,missed_synapses,15.0,degree_distribution,metric_total_degree_mean,256.915549623415,240.20753169987606,-6.503311281870426,0.006767646896642199,5
MAOL,missed_synapses,15.0,degree_distribution,metric_in_degree_mean,128.4577748117075,120.10376584993803,-6.503311281870426,0.006767646896639288,5
MAOL,missed_synapses,15.0,degree_distribution,metric_out_degree_mean,128.4577748117075,120.10376584993803,-6.503311281870426,0.006767646896639288,5
MAOL,missed_synapses,15.0,degree_distribution,metric_total_degree_std,373.1623058805182,351.76144670534245,-5.735000250005968,0.01644225455497104,5
MAOL,missed_synapses,15.0,degree_distribution,metric_in_degree_max,11700.0,11512.4,-1.6034188034188066,0.06455113705469813,5
MAOL,missed_synapses,15.0,degree_distribution,metric_out_degree_max,15947.0,15059.8,-5.563428858092435,0.18839052090675762,5
MAOL,missed_synapses,15.0,assortativity,metric_degree_assortativity,-0.05352990548572421,-0.05335577051475898,0.32530408821974105,0.04649109602435214,5
MAOL,missed_synapses,15.0,connected_components,metric_wcc_count,821.0,843.4,2.728380024360533,0.5897061357812524,5
MAOL,missed_synapses,15.0,connected_components,metric_wcc_max_size,51503.0,51481.2,-0.04232763140011826,0.021669893292901317,5
MAOL,missed_synapses,15.0,connected_components,metric_scc_count,1705.0,1749.4,2.6041055718475126,0.42391345453589796,5
MAOL,missed_synapses,15.0,connected_components,metric_scc_max_size,50709.0,50669.4,-0.07809264627580616,0.012130830029564534,5
MAOL,missed_synapses,15.0,reciprocity,metric_reciprocity,0.2776333037886953,0.2654493096545871,-4.388520385645575,0.031976992819292005,5
MAOL,missed_synapses,20.0,basic_structure,metric_node_count,52445.0,52445.0,0.0,0.0,5
MAOL,missed_synapses,20.0,basic_structure,metric_edge_count,6736968.0,6136289.6,-8.91615337938373,0.004782193701296451,5
MAOL,missed_synapses,20.0,basic_structure,metric_total_synapses,26492194.0,21192959.4,-20.003003903715946,0.007940009396954058,5
MAOL,missed_synapses,20.0,basic_structure,metric_weight_mean,3.932361560868331,3.453709142188692,-12.17213654621181,0.01098680747796269,5
MAOL,missed_synapses,20.0,basic_structure,metric_weight_variance,52.68035125761817,38.50469894904916,-26.908803700353186,0.05051516392042513,5
MAOL,missed_synapses,20.0,basic_structure,metric_weight_std,7.258123122241601,6.205215093004464,-14.506615711858537,0.029545301625502944,5
MAOL,missed_synapses,20.0,basic_structure,metric_weight_max,2589.0,2420.0,-6.527616840478949,0.2619671681392533,5
MAOL,missed_synapses,20.0,basic_structure,metric_density,0.0024494274809646,0.0022310327698449803,-8.916153379385388,0.004782193700696769,5
MAOL,missed_synapses,20.0,degree_distribution,metric_total_degree_mean,256.915549623415,234.00856516350464,-8.91615337938372,0.004782193701303368,5
MAOL,missed_synapses,20.0,degree_distribution,metric_in_degree_mean,128.4577748117075,117.00428258175232,-8.91615337938372,0.004782193701287185,5
MAOL,missed_synapses,20.0,degree_distribution,metric_out_degree_mean,128.4577748117075,117.00428258175232,-8.91615337938372,0.004782193701287185,5
MAOL,missed_synapses,20.0,degree_distribution,metric_total_degree_std,373.1623058805182,343.9223738132631,-7.835714274050325,0.014384165188894585,5
MAOL,missed_synapses,20.0,degree_distribution,metric_in_degree_max,11700.0,11435.2,-2.263247863247857,0.09003209628898251,5
MAOL,missed_synapses,20.0,degree_distribution,metric_out_degree_max,15947.0,14745.4,-7.534959553521041,0.1594108669511321,5
MAOL,missed_synapses,20.0,assortativity,metric_degree_assortativity,-0.05352990548572421,-0.05325657130463544,0.5106195847135655,0.017988539989715228,5
MAOL,missed_synapses,20.0,connected_components,metric_wcc_count,821.0,860.8,4.847746650426304,0.8275414251626324,5
MAOL,missed_synapses,20.0,connected_components,metric_wcc_max_size,51503.0,51469.4,-0.06523891812127167,0.013203114381686504,5
MAOL,missed_synapses,20.0,connected_components,metric_scc_count,1705.0,1767.6,3.6715542521994085,0.21179437050167496,5
MAOL,missed_synapses,20.0,connected_components,metric_scc_max_size,50709.0,50653.0,-0.11043404523851783,0.007586575977310279,5
MAOL,missed_synapses,20.0,reciprocity,metric_reciprocity,0.2776333037886953,0.2608306379122191,-6.052107455114446,0.013553453918695477,5
MAOL,split_errors,0.5,basic_structure,metric_node_count,52445.0,52700.8,0.48774907045476773,0.0007627037849175327,5
MAOL,split_errors,0.5,basic_structure,metric_edge_count,6736968.0,6736966.4,-2.3749556174639258e-05,1.1874778090084441e-05,5
MAOL,split_errors,0.5,basic_structure,metric_total_synapses,26492194.0,26492192.0,-7.549393606282667e-06,3.3761914585100647e-06,5
MAOL,split_errors,0.5,basic_structure,metric_weight_mean,3.932361560868331,3.932362197917495,1.6200167614968076e-05,1.0372340307548109e-05,5
MAOL,split_errors,0.5,basic_structure,metric_weight_variance,52.68035125761817,52.68036195627038,2.0308619733649753e-05,9.643714019669664e-06,5
MAOL,split_errors,0.5,basic_structure,metric_weight_std,7.258123122241601,7.258123859253868,1.0154309245005701e-05,4.821856422406766e-06,5
MAOL,split_errors,0.5,basic_structure,metric_weight_max,2589.0,2589.0,0.0,0.0,5
MAOL,split_errors,0.5,basic_structure,metric_density,0.0024494274809646,0.00242570624627802,-0.9684399669280465,0.0015077919330848683,5
MAOL,split_errors,0.5,degree_distribution,metric_total_degree_mean,256.915549623415,255.66846804566103,-0.48540525459901185,0.0007598365764621073,5
MAOL,split_errors,0.5,degree_distribution,metric_in_degree_mean,128.4577748117075,127.83423402283054,-0.48540525459898975,0.000759836576476541,5
MAOL,split_errors,0.5,degree_distribution,metric_out_degree_mean,128.4577748117075,127.83423402283054,-0.48540525459898975,0.000759836576476541,5
MAOL,split_errors,0.5,degree_distribution,metric_total_degree_std,373.1623058805182,368.61664875924487,-1.2181447722988392,0.7669446645432633,5
MAOL,split_errors,0.5,degree_distribution,metric_in_degree_max,11700.0,9547.8,-18.3948717948718,15.019349927116684,5
MAOL,split_errors,0.5,degree_distribution,metric_out_degree_max,15947.0,15947.0,0.0,0.0,5
MAOL,split_errors,0.5,assortativity,metric_degree_assortativity,-0.05352990548572421,-0.05551670693602388,-3.7115728717838525,3.193098396353379,5
MAOL,split_errors,0.5,connected_components,metric_wcc_count,821.0,821.0,0.0,0.0,5
MAOL,split_errors,0.5,connected_components,metric_wcc_max_size,51503.0,51758.8,0.4966700968875656,0.0007766537871580296,5
MAOL,split_errors,0.5,connected_components,metric_scc_count,1705.0,1711.8,0.3988269794721381,0.18694870909688244,5
MAOL,split_errors,0.5,connected_components,metric_scc_max_size,50709.0,50958.0,0.491037094006981,0.0065996965156802576,5
MAOL,split_errors,0.5,reciprocity,metric_reciprocity,0.2776333037886953,0.2776333037886953,0.0,0.0,5
MAOL,split_errors,1.0,basic_structure,metric_node_count,52445.0,52956.4,0.9751167890170683,0.0015254075698350653,5
MAOL,split_errors,1.0,basic_structure,metric_edge_count,6736968.0,6736965.4,-3.859302878724481e-05,2.4117788312593916e-05,5
MAOL,split_errors,1.0,basic_structure,metric_total_synapses,26492194.0,26492189.2,-1.8118544657890764e-05,1.3377559553330576e-05,5
MAOL,split_errors,1.0,basic_structure,metric_weight_mean,3.932361560868331,3.932362365999502,2.047449499757681e-05,1.367054968902556e-05,5
MAOL,split_errors,1.0,basic_structure,metric_weight_variance,52.68035125761817,52.68036932429565,3.429490701072725e-05,2.156785354748947e-05,5
MAOL,split_errors,1.0,basic_structure,metric_weight_std,7.258123122241601,7.25812436682474,1.7147451452800263e-05,1.0783924700308846e-05,5
MAOL,split_errors,1.0,basic_structure,metric_weight_max,2589.0,2589.0,0.0,0.0,5
MAOL,split_errors,1.0,basic_structure,metric_density,0.0024494274809646,0.0024023462944518003,-1.9221302479328244,0.0029736309975416314,5
MAOL,split_errors,1.0,degree_distribution,metric_total_degree_mean,256.915549623415,254.4344178058957,-0.96573828293233,0.0015065508419829655,5
MAOL,split_errors,1.0,degree_distribution,metric_in_degree_mean,128.4577748117075,127.21720890294785,-0.96573828293233,0.0015065508419825498,5
MAOL,split_errors,1.0,degree_distribution,metric_out_degree_mean,128.4577748117075,127.21720890294785,-0.96573828293233,0.0015065508419825498,5
MAOL,split_errors,1.0,degree_distribution,metric_total_degree_std,373.1623058805182,367.33748748180267,-1.5609342923774752,0.8315513962086256,5
MAOL,split_errors,1.0,degree_distribution,metric_in_degree_max,11700.0,9547.8,-18.3948717948718,15.019349927116684,5
MAOL,split_errors,1.0,degree_distribution,metric_out_degree_max,15947.0,15947.0,0.0,0.0,5
MAOL,split_errors,1.0,assortativity,metric_degree_assortativity,-0.05352990548572421,-0.0553175297941057,-3.339487137443636,3.087457271473641,5
MAOL,split_errors,1.0,connected_components,metric_wcc_count,821.0,821.0,0.0,0.0,5
MAOL,split_errors,1.0,connected_components,metric_wcc_max_size,51503.0,52014.4,0.9929518668815437,0.0015533075743160592,5
MAOL,split_errors,1.0,connected_components,metric_scc_count,1705.0,1715.8,0.6334310850439856,0.23283792658392033,5
MAOL,split_errors,1.0,connected_components,metric_scc_max_size,50709.0,51209.6,0.9872014829714618,0.008694869819972235,5
MAOL,split_errors,1.0,reciprocity,metric_reciprocity,0.2776333037886953,0.2776333037886953,0.0,0.0,5
MAOL,split_errors,2.0,basic_structure,metric_node_count,52445.0,53467.0,1.948708170464296,0.003999652390771862,5
MAOL,split_errors,2.0,basic_structure,metric_edge_count,6736968.0,6736963.0,-7.421736306302776e-05,3.98292165407309e-05,5
MAOL,split_errors,2.0,basic_structure,metric_total_synapses,26492194.0,26492183.4,-4.001178611892286e-05,2.9779463223492954e-05,5
MAOL,split_errors,2.0,basic_structure,metric_weight_mean,3.932361560868331,3.932362905956468,3.4205606886656694e-05,1.4477130378079911e-05,5
MAOL,split_errors,2.0,basic_structure,metric_weight_variance,52.68035125761817,52.68038564262529,6.527102856773331e-05,3.6139750595769465e-05,5
MAOL,split_errors,2.0,basic_structure,metric_weight_std,7.258123122241601,7.258125490966904,3.263550732221703e-05,1.8069868933327082e-05,5
MAOL,split_errors,2.0,basic_structure,metric_weight_max,2589.0,2589.0,0.0,0.0,5
MAOL,split_errors,2.0,basic_structure,metric_density,0.0024494274809646,0.00235668020163112,-3.786488069324481,0.007553723826128316,5
MAOL,split_errors,2.0,degree_distribution,metric_total_degree_mean,256.915549623415,252.00452654461932,-1.9115320524562396,0.0038526270987633525,5
MAOL,split_errors,2.0,degree_distribution,metric_in_degree_mean,128.4577748117075,126.00226327230965,-1.9115320524562507,0.003852627098758135,5
MAOL,split_errors,2.0,degree_distribution,metric_out_degree_mean,128.4577748117075,126.00226327230965,-1.9115320524562507,0.003852627098758135,5
MAOL,split_errors,2.0,degree_distribution,metric_total_degree_std,373.1623058805182,365.5580983405566,-2.0377748288425326,0.6784494730798565,5
MAOL,split_errors,2.0,degree_distribution,metric_in_degree_max,11700.0,9547.8,-18.3948717948718,15.019349927116684,5
MAOL,split_errors,2.0,degree_distribution,metric_out_degree_max,15947.0,15947.0,0.0,0.0,5
MAOL,split_errors,2.0,assortativity,metric_degree_assortativity,-0.05352990548572421,-0.05508830733246184,-2.911273301525331,3.431265696524969,5
MAOL,split_errors,2.0,connected_components,metric_wcc_count,821.0,821.0,0.0,0.0,5
MAOL,split_errors,2.0,connected_components,metric_wcc_max_size,51503.0,52525.0,1.9843504261887654,0.004072806819680996,5
MAOL,split_errors,2.0,connected_components,metric_scc_count,1705.0,1733.8,1.6891495601172992,0.21437732413486296,5
MAOL,split_errors,2.0,connected_components,metric_scc_max_size,50709.0,51702.2,1.9586266737659925,0.009283245416742449,5
MAOL,split_errors,2.0,reciprocity,metric_reciprocity,0.2776333037886953,0.2776333037886953,0.0,0.0,5
MAOL,split_errors,3.0,basic_structure,metric_node_count,52445.0,53975.8,2.918867384879403,0.004071723997342478,5
MAOL,split_errors,3.0,basic_structure,metric_edge_count,6736968.0,6736960.8,-0.00010687300281352478,3.915977026541589e-05,5
MAOL,split_errors,3.0,basic_structure,metric_total_synapses,26492194.0,26492178.4,-5.8885270134629525e-05,3.0254141894799464e-05,5
MAOL,split_errors,3.0,basic_structure,metric_weight_mean,3.932361560868331,3.9323634479216407,4.798778750131011e-05,9.305530943850819e-06,5
MAOL,split_errors,3.0,basic_structure,metric_weight_variance,52.68035125761817,52.680400159678946,9.282789428787239e-05,3.418141322300813e-05,5
MAOL,split_errors,3.0,basic_structure,metric_weight_std,7.258123122241601,7.258126491022144,4.641393492209984e-05,1.7090699020216338e-05,5
MAOL,split_errors,3.0,basic_structure,metric_weight_max,2589.0,2589.0,0.0,0.0,5
MAOL,split_errors,3.0,basic_structure,metric_density,0.0024494274809646,0.00231245820811734,-5.59188928481036,0.007461206566926183,5
MAOL,split_errors,3.0,degree_distribution,metric_total_degree_mean,256.915549623415,249.62893780247305,-2.836189491691972,0.003835012429568425,5
MAOL,split_errors,3.0,degree_distribution,metric_in_degree_mean,128.4577748117075,124.8144689012365,-2.8361894916919943,0.003835012429566529,5
MAOL,split_errors,3.0,degree_distribution,metric_out_degree_mean,128.4577748117075,124.8144689012365,-2.8361894916919943,0.003835012429566529,5
MAOL,split_errors,3.0,degree_distribution,metric_total_degree_std,373.1623058805182,362.5367380653628,-2.847438674193848,0.48585464182480553,5
MAOL,split_errors,3.0,degree_distribution,metric_in_degree_max,11700.0,9547.8,-18.3948717948718,15.019349927116684,5
MAOL,split_errors,3.0,degree_distribution,metric_out_degree_max,15947.0,15947.0,0.0,0.0,5
MAOL,split_errors,3.0,assortativity,metric_degree_assortativity,-0.05352990548572421,-0.05509019423680336,-2.914798255145922,2.819376423113708,5
MAOL,split_errors,3.0,connected_components,metric_wcc_count,821.0,821.0,0.0,0.0,5
MAOL,split_errors,3.0,connected_components,metric_wcc_max_size,51503.0,53033.8,2.972254043453785,0.004146196630111377,5
MAOL,split_errors,3.0,connected_components,metric_scc_count,1705.0,1743.8,2.2756598240469184,0.17159810954050198,5
MAOL,split_errors,3.0,connected_components,metric_scc_max_size,50709.0,52201.0,2.942278490997653,0.00827315741324145,5
MAOL,split_errors,3.0,reciprocity,metric_reciprocity,0.2776333037886953,0.2776333037886953,0.0,0.0,5
MAOL,split_errors,5.0,basic_structure,metric_node_count,52445.0,54989.4,4.851558775860428,0.006219661142263358,5
MAOL,split_errors,5.0,basic_structure,metric_edge_count,6736968.0,6736954.8,-0.0001959338384891581,5.4254872169489495e-05,5
MAOL,split_errors,5.0,basic_structure,metric_total_synapses,26492194.0,26492167.4,-0.00010040693496918419,3.2698549357909306e-05,5
MAOL,split_errors,5.0,basic_structure,metric_weight_mean,3.932361560868331,3.932365317339408,9.552710295632422e-05,2.3975282157297388e-05,5
MAOL,split_errors,5.0,basic_structure,metric_weight_variance,52.68035125761817,52.68044184223832,0.00017195143537148923,4.743866284909487e-05,5
MAOL,split_errors,5.0,basic_structure,metric_weight_std,7.258123122241601,7.258129362462159,8.597567791238118e-05,2.371931135780123e-05,5
MAOL,split_errors,5.0,basic_structure,metric_weight_max,2589.0,2589.0,0.0,0.0,5
MAOL,split_errors,5.0,basic_structure,metric_density,0.0024494274809646,0.00222799172738054,-9.040306573879755,0.010821211790740309,5
MAOL,split_errors,5.0,degree_distribution,metric_total_degree_mean,256.915549623415,245.02739887461252,-4.627260111825877,0.0056891377562439715,5
MAOL,split_errors,5.0,degree_distribution,metric_in_degree_mean,128.4577748117075,122.51369943730626,-4.627260111825877,0.005689137756244801,5
MAOL,split_errors,5.0,degree_distribution,metric_out_degree_mean,128.4577748117075,122.51369943730626,-4.627260111825877,0.005689137756244801,5
MAOL,split_errors,5.0,degree_distribution,metric_total_degree_std,373.1623058805182,355.8301752597371,-4.644662750671998,0.5055920758890918,5
MAOL,split_errors,5.0,degree_distribution,metric_in_degree_max,11700.0,8113.0,-30.65811965811966,0.0,5
MAOL,split_errors,5.0,degree_distribution,metric_out_degree_max,15947.0,15947.0,0.0,0.0,5
MAOL,split_errors,5.0,assortativity,metric_degree_assortativity,-0.05352990548572421,-0.05597942749196676,-4.575987915569567,1.7614964562541877,5
MAOL,split_errors,5.0,connected_components,metric_wcc_count,821.0,821.0,0.0,0.0,5
MAOL,split_errors,5.0,connected_components,metric_wcc_max_size,51503.0,54047.4,4.940294740112229,0.006333419967885402,5
MAOL,split_errors,5.0,connected_components,metric_scc_count,1705.0,1768.8,3.7419354838709653,0.167540842898366,5
MAOL,split_errors,5.0,connected_components,metric_scc_max_size,50709.0,53189.4,4.891439389457496,0.006670032745779947,5
MAOL,split_errors,5.0,reciprocity,metric_reciprocity,0.2776333037886953,0.2776333037886953,0.0,0.0,5
MAOL,split_errors,7.5,basic_structure,metric_node_count,52445.0,56248.8,7.252931642673283,0.011013083480365069,5
MAOL,split_errors,7.5,basic_structure,metric_edge_count,6736968.0,6736947.4,-0.0003057755358141448,6.19881614928885e-05,5
MAOL,split_errors,7.5,basic_structure,metric_total_synapses,26492194.0,26492151.6,-0.00016004714444756778,3.190456269362279e-05,5
MAOL,split_errors,7.5,basic_structure,metric_weight_mean,3.932361560868331,3.9323672914539065,0.00014572885749950367,3.576358715354268e-05,5
MAOL,split_errors,7.5,basic_structure,metric_weight_variance,52.68035125761817,52.68049324061,0.00026951792924335933,5.2558874871731105e-05,5
MAOL,split_errors,7.5,basic_structure,metric_weight_std,7.258123122241601,7.258132903206331,0.00013475887037142252,2.6279399422605976e-05,5
MAOL,split_errors,7.5,basic_structure,metric_weight_max,2589.0,2589.0,0.0,0.0,5
MAOL,split_errors,7.5,basic_structure,metric_density,0.0024494274809646,0.00212933683954972,-13.067977880644424,0.0178980976158744,5
MAOL,split_errors,7.5,degree_distribution,metric_total_degree_mean,256.915549623415,239.54102030301684,-6.76273948613295,0.009624720021584368,5
MAOL,split_errors,7.5,degree_distribution,metric_in_degree_mean,128.4577748117075,119.77051015150842,-6.76273948613295,0.009624720021583448,5
MAOL,split_errors,7.5,degree_distribution,metric_out_degree_mean,128.4577748117075,119.77051015150842,-6.76273948613295,0.009624720021583448,5
MAOL,split_errors,7.5,degree_distribution,metric_total_degree_std,373.1623058805182,350.8356209213124,-5.983102957444615,0.5867716001480408,5
MAOL,split_errors,7.5,degree_distribution,metric_in_degree_max,11700.0,8113.0,-30.65811965811966,0.0,5
MAOL,split_errors,7.5,degree_distribution,metric_out_degree_max,15947.0,15947.0,0.0,0.0,5
MAOL,split_errors,7.5,assortativity,metric_degree_assortativity,-0.05352990548572421,-0.05537455933981979,-3.446024866581406,1.8481179640058725,5
MAOL,split_errors,7.5,connected_components,metric_wcc_count,821.0,821.0,0.0,0.0,5
MAOL,split_errors,7.5,connected_components,metric_wcc_max_size,51503.0,55306.8,7.385589188979289,0.011214514943357592,5
MAOL,split_errors,7.5,connected_components,metric_scc_count,1705.0,1797.4,5.419354838709682,0.1599786709323854,5
MAOL,split_errors,7.5,connected_components,metric_scc_max_size,50709.0,54420.2,7.318621940878339,0.014351223963131004,5
MAOL,split_errors,7.5,reciprocity,metric_reciprocity,0.2776333037886953,0.2776333037886953,0.0,0.0,5
MAOL,split_errors,10.0,basic_structure,metric_node_count,52445.0,57500.2,9.639050433787773,0.014441106857669165,5
MAOL,split_errors,10.0,basic_structure,metric_edge_count,6736968.0,6736942.6,-0.00037702420436571066,7.661302770364319e-05,5
MAOL,split_errors,10.0,basic_structure,metric_total_synapses,26492194.0,26492139.6,-0.00020534350608526376,6.323490335718341e-05,5
MAOL,split_errors,10.0,basic_structure,metric_weight_mean,3.932361560868331,3.9323683120002166,0.00017168136197625726,3.7609519988512384e-05,5
MAOL,split_errors,10.0,basic_structure,metric_weight_variance,52.68035125761817,52.680520822607676,0.00032187520670900517,5.198569038330327e-05,5
MAOL,split_errors,10.0,basic_structure,metric_weight_std,7.258123122241601,7.258134803281358,0.00016093747047359264,2.5992806423269895e-05,5
MAOL,split_errors,10.0,basic_structure,metric_weight_max,2589.0,2589.0,0.0,0.0,5
MAOL,split_errors,10.0,basic_structure,metric_density,0.0024494274809646,0.0020376599626304196,-16.810765843617613,0.021970337703486862,5
MAOL,split_errors,10.0,degree_distribution,metric_total_degree_mean,256.915549623415,234.32762729510105,-8.791963881292192,0.012077094767633249,5
MAOL,split_errors,10.0,degree_distribution,metric_in_degree_mean,128.4577748117075,117.16381364755053,-8.791963881292192,0.01207709476762519,5
MAOL,split_errors,10.0,degree_distribution,metric_out_degree_mean,128.4577748117075,117.16381364755053,-8.791963881292192,0.01207709476762519,5
MAOL,split_errors,10.0,degree_distribution,metric_total_degree_std,373.1623058805182,346.44721889443235,-7.159106524183523,0.5918619106228056,5
MAOL,split_errors,10.0,degree_distribution,metric_in_degree_max,11700.0,8113.0,-30.65811965811966,0.0,5
MAOL,split_errors,10.0,degree_distribution,metric_out_degree_max,15947.0,15947.0,0.0,0.0,5
MAOL,split_errors,10.0,assortativity,metric_degree_assortativity,-0.05352990548572421,-0.054858611363601886,-2.482174899845526,1.8386720796594387,5
MAOL,split_errors,10.0,connected_components,metric_wcc_count,821.0,821.0,0.0,0.0,5
MAOL,split_errors,10.0,connected_components,metric_wcc_max_size,51503.0,56558.2,9.815350562103173,0.014705237542482173,5
MAOL,split_errors,10.0,connected_components,metric_scc_count,1705.0,1827.6,7.1906158357771215,0.4107247249269583,5
MAOL,split_errors,10.0,connected_components,metric_scc_max_size,50709.0,55641.4,9.726872941686883,0.023320113587875103,5
MAOL,split_errors,10.0,reciprocity,metric_reciprocity,0.2776333037886953,0.2776333037886953,0.0,0.0,5
MAOL,split_errors,15.0,basic_structure,metric_node_count,52445.0,59982.2,14.371627419201063,0.03157169916799574,5
MAOL,split_errors,15.0,basic_structure,metric_edge_count,6736968.0,6736929.2,-0.0005759267373663306,4.134912998602374e-05,5
MAOL,split_errors,15.0,basic_structure,metric_total_synapses,26492194.0,26492107.4,-0.00032688874315766416,3.090644661662786e-05,5
MAOL,split_errors,15.0,basic_structure,metric_weight_mean,3.932361560868331,3.9323713539993754,0.00024903943578778487,2.648949502100896e-05,5
MAOL,split_errors,15.0,basic_structure,metric_weight_variance,52.68035125761817,52.680609015927985,0.0004892873788064843,2.7216343886166296e-05,5
MAOL,split_errors,15.0,basic_structure,metric_weight_std,7.258123122241601,7.258140878760001,0.0002446433892148209,1.3608137594569614e-05,5
MAOL,split_errors,15.0,basic_structure,metric_weight_max,2589.0,2589.0,0.0,0.0,5
MAOL,split_errors,15.0,basic_structure,metric_density,0.0024494274809646,0.0018725117084793402,-23.5530864648447,0.04223244805692901,5
MAOL,split_errors,15.0,degree_distribution,metric_total_degree_mean,256.915549623415,224.63096432080255,-12.56622471856413,0.024167736544672375,5
MAOL,split_errors,15.0,degree_distribution,metric_in_degree_mean,128.4577748117075,112.31548216040127,-12.56622471856413,0.024167736544665475,5
MAOL,split_errors,15.0,degree_distribution,metric_out_degree_mean,128.4577748117075,112.31548216040127,-12.56622471856413,0.024167736544665475,5
MAOL,split_errors,15.0,degree_distribution,metric_total_degree_std,373.1623058805182,336.83638968337954,-9.734615641690713,0.6263857497236864,5
MAOL,split_errors,15.0,degree_distribution,metric_in_degree_max,11700.0,8113.0,-30.65811965811966,0.0,5
MAOL,split_errors,15.0,degree_distribution,metric_out_degree_max,15947.0,15947.0,0.0,0.0,5
MAOL,split_errors,15.0,assortativity,metric_degree_assortativity,-0.05352990548572421,-0.053538329032867836,-0.015736151721538034,1.9540954954902934,5
MAOL,split_errors,15.0,connected_components,metric_wcc_count,821.0,821.0,0.0,0.0,5
MAOL,split_errors,15.0,connected_components,metric_wcc_max_size,51503.0,59040.0,14.634098984525174,0.03159558954904839,5
MAOL,split_errors,15.0,connected_components,metric_scc_count,1705.0,1888.8,10.78005865102639,0.309019117239167,5
MAOL,split_errors,15.0,connected_components,metric_scc_max_size,50709.0,58061.8,14.499990139817395,0.041448436073816174,5
MAOL,split_errors,15.0,reciprocity,metric_reciprocity,0.2776333037886953,0.2776333037886953,0.0,0.0,5
MAOL,split_errors,20.0,basic_structure,metric_node_count,52445.0,62431.0,19.040899990466205,0.023600722199280465,5
MAOL,split_errors,20.0,basic_structure,metric_edge_count,6736968.0,6736916.2,-0.0007688918813302028,6.664702673559871e-05,5
MAOL,split_errors,20.0,basic_structure,metric_total_synapses,26492194.0,26492079.6,-0.00043182531427374374,4.2878960711711314e-05,5
MAOL,split_errors,20.0,basic_structure,metric_weight_mean,3.932361560868331,3.932374815647095,0.00033706917735656835,3.3418158669816426e-05,5
MAOL,split_errors,20.0,basic_structure,metric_weight_variance,52.68035125761817,52.68069235697617,0.0006474887692531716,3.756468493847328e-05,5
MAOL,split_errors,20.0,basic_structure,metric_weight_std,7.258123122241601,7.258146619969476,0.0003237438588299992,1.8782281099784567e-05,5
MAOL,split_errors,20.0,basic_structure,metric_weight_max,2589.0,2589.0,0.0,0.0,5
MAOL,split_errors,20.0,basic_structure,metric_density,0.0024494274809646,0.00172849278144666,-29.432783992201767,0.028000324267777217,5
MAOL,split_errors,20.0,degree_distribution,metric_total_degree_mean,256.915549623415,215.81959171344005,-15.995901365337026,0.016675265470739716,5
MAOL,split_errors,20.0,degree_distribution,metric_in_degree_mean,128.4577748117075,107.90979585672002,-15.995901365337026,0.01667526547074115,5
MAOL,split_errors,20.0,degree_distribution,metric_out_degree_mean,128.4577748117075,107.90979585672002,-15.995901365337026,0.01667526547074115,5
MAOL,split_errors,20.0,degree_distribution,metric_total_degree_std,373.1623058805182,327.39882634837306,-12.263692985860693,0.5803763340863496,5
MAOL,split_errors,20.0,degree_distribution,metric_in_degree_max,11700.0,8113.0,-30.65811965811966,0.0,5
MAOL,split_errors,20.0,degree_distribution,metric_out_degree_max,15947.0,15947.0,0.0,0.0,5
MAOL,split_errors,20.0,assortativity,metric_degree_assortativity,-0.05352990548572421,-0.05244339806961472,2.0297204081543656,1.964841646794748,5
MAOL,split_errors,20.0,connected_components,metric_wcc_count,821.0,821.0,0.0,0.0,5
MAOL,split_errors,20.0,connected_components,metric_wcc_max_size,51503.0,61488.8,19.38877346950664,0.02360184284258819,5
MAOL,split_errors,20.0,connected_components,metric_scc_count,1705.0,1934.2,13.442815249266864,0.49960209827675905,5
MAOL,split_errors,20.0,connected_components,metric_scc_max_size,50709.0,60465.6,19.240371531680765,0.03624686814849603,5
MAOL,split_errors,20.0,reciprocity,metric_reciprocity,0.2776333037886953,0.2776333037886953,0.0,0.0,5
MAOL,synapse_count_measurement,0.5,basic_structure,metric_node_count,52445.0,52445.0,0.0,0.0,5
MAOL,synapse_count_measurement,0.5,basic_structure,metric_edge_count,6736968.0,6736968.0,0.0,0.0,5
MAOL,synapse_count_measurement,0.5,basic_structure,metric_total_synapses,26492194.0,26492174.8,-7.247417861750123e-05,0.00034942684528362934,5
MAOL,synapse_count_measurement,0.5,basic_structure,metric_weight_mean,3.932361560868331,3.9323587109215894,-7.247417862264684e-05,0.00034942684528160357,5
MAOL,synapse_count_measurement,0.5,basic_structure,metric_weight_variance,52.68035125761817,52.68092163309824,0.001082710092947319,0.01586788890839527,5
MAOL,synapse_count_measurement,0.5,basic_structure,metric_weight_std,7.258123122241601,7.258162391507628,0.000541038852126266,0.007933860924908269,5
MAOL,synapse_count_measurement,0.5,basic_structure,metric_weight_max,2589.0,2598.4,0.3630745461568208,0.5116020298122348,5
MAOL,synapse_count_measurement,0.5,basic_structure,metric_density,0.0024494274809646,0.0024494274809646,0.0,0.0,5
MAOL,synapse_count_measurement,0.5,degree_distribution,metric_total_degree_mean,256.915549623415,256.915549623415,0.0,0.0,5
MAOL,synapse_count_measurement,0.5,degree_distribution,metric_in_degree_mean,128.4577748117075,128.4577748117075,0.0,0.0,5
MAOL,synapse_count_measurement,0.5,degree_distribution,metric_out_degree_mean,128.4577748117075,128.4577748117075,0.0,0.0,5
MAOL,synapse_count_measurement,0.5,degree_distribution,metric_total_degree_std,373.1623058805182,373.1623058805182,0.0,0.0,5
MAOL,synapse_count_measurement,0.5,degree_distribution,metric_in_degree_max,11700.0,11700.0,0.0,0.0,5
MAOL,synapse_count_measurement,0.5,degree_distribution,metric_out_degree_max,15947.0,15947.0,0.0,0.0,5
MAOL,synapse_count_measurement,0.5,assortativity,metric_degree_assortativity,-0.05352990548572421,-0.05352990548572421,0.0,1.296264927229836e-14,5
MAOL,synapse_count_measurement,0.5,connected_components,metric_wcc_count,821.0,821.0,0.0,0.0,5
MAOL,synapse_count_measurement,0.5,connected_components,metric_wcc_max_size,51503.0,51503.0,0.0,0.0,5
MAOL,synapse_count_measurement,0.5,connected_components,metric_scc_count,1705.0,1705.0,0.0,0.0,5
MAOL,synapse_count_measurement,0.5,connected_components,metric_scc_max_size,50709.0,50709.0,0.0,0.0,5
MAOL,synapse_count_measurement,0.5,reciprocity,metric_reciprocity,0.2776333037886953,0.2776333037886953,0.0,0.0,5
MAOL,synapse_count_measurement,1.0,basic_structure,metric_node_count,52445.0,52445.0,0.0,0.0,5
MAOL,synapse_count_measurement,1.0,basic_structure,metric_edge_count,6736968.0,6736968.0,0.0,0.0,5
MAOL,synapse_count_measurement,1.0,basic_structure,metric_total_synapses,26492194.0,26492136.4,-0.0002174225358665655,0.0005376610073300328,5
MAOL,synapse_count_measurement,1.0,basic_structure,metric_weight_mean,3.932361560868331,3.9323530110281064,-0.0002174225358566473,0.0005376610073325667,5
MAOL,synapse_count_measurement,1.0,basic_structure,metric_weight_variance,52.68035125761817,52.68486441614108,0.008567062320524677,0.028830124445923668,5
MAOL,synapse_count_measurement,1.0,basic_structure,metric_weight_std,7.258123122241601,7.258433944149627,0.004282400598488319,0.014414347065250346,5
MAOL,synapse_count_measurement,1.0,basic_structure,metric_weight_max,2589.0,2608.4,0.7493240633449244,1.0360130829002852,5
MAOL,synapse_count_measurement,1.0,basic_structure,metric_density,0.0024494274809646,0.0024494274809646,0.0,0.0,5
MAOL,synapse_count_measurement,1.0,degree_distribution,metric_total_degree_mean,256.915549623415,256.915549623415,0.0,0.0,5
MAOL,synapse_count_measurement,1.0,degree_distribution,metric_in_degree_mean,128.4577748117075,128.4577748117075,0.0,0.0,5
MAOL,synapse_count_measurement,1.0,degree_distribution,metric_out_degree_mean,128.4577748117075,128.4577748117075,0.0,0.0,5
MAOL,synapse_count_measurement,1.0,degree_distribution,metric_total_degree_std,373.1623058805182,373.1623058805182,0.0,0.0,5
MAOL,synapse_count_measurement,1.0,degree_distribution,metric_in_degree_max,11700.0,11700.0,0.0,0.0,5
MAOL,synapse_count_measurement,1.0,degree_distribution,metric_out_degree_max,15947.0,15947.0,0.0,0.0,5
MAOL,synapse_count_measurement,1.0,assortativity,metric_degree_assortativity,-0.05352990548572421,-0.05352990548572421,0.0,1.296264927229836e-14,5
MAOL,synapse_count_measurement,1.0,connected_components,metric_wcc_count,821.0,821.0,0.0,0.0,5
MAOL,synapse_count_measurement,1.0,connected_components,metric_wcc_max_size,51503.0,51503.0,0.0,0.0,5
MAOL,synapse_count_measurement,1.0,connected_components,metric_scc_count,1705.0,1705.0,0.0,0.0,5
MAOL,synapse_count_measurement,1.0,connected_components,metric_scc_max_size,50709.0,50709.0,0.0,0.0,5
MAOL,synapse_count_measurement,1.0,reciprocity,metric_reciprocity,0.2776333037886953,0.2776333037886953,0.0,0.0,5
MAOL,synapse_count_measurement,2.0,basic_structure,metric_node_count,52445.0,52445.0,0.0,0.0,5
MAOL,synapse_count_measurement,2.0,basic_structure,metric_edge_count,6736968.0,6736968.0,0.0,0.0,5
MAOL,synapse_count_measurement,2.0,basic_structure,metric_total_synapses,26492194.0,26491851.0,-0.0012947210034774772,0.0012032961394216586,5
MAOL,synapse_count_measurement,2.0,basic_structure,metric_weight_mean,3.932361560868331,3.9323106477572694,-0.0012947210034906912,0.0012032961394226316,5
MAOL,synapse_count_measurement,2.0,basic_structure,metric_weight_variance,52.68035125761817,52.70342801373213,0.04380524344097173,0.05891817927375126,5
MAOL,synapse_count_measurement,2.0,basic_structure,metric_weight_std,7.258123122241601,7.259712352701665,0.021895887315462367,0.02945252322256967,5
MAOL,synapse_count_measurement,2.0,basic_structure,metric_weight_max,2589.0,2627.6,1.490923136346076,2.0710467158920025,5
MAOL,synapse_count_measurement,2.0,basic_structure,metric_density,0.0024494274809646,0.0024494274809646,0.0,0.0,5
MAOL,synapse_count_measurement,2.0,degree_distribution,metric_total_degree_mean,256.915549623415,256.915549623415,0.0,0.0,5
MAOL,synapse_count_measurement,2.0,degree_distribution,metric_in_degree_mean,128.4577748117075,128.4577748117075,0.0,0.0,5
MAOL,synapse_count_measurement,2.0,degree_distribution,metric_out_degree_mean,128.4577748117075,128.4577748117075,0.0,0.0,5
MAOL,synapse_count_measurement,2.0,degree_distribution,metric_total_degree_std,373.1623058805182,373.1623058805182,0.0,0.0,5
MAOL,synapse_count_measurement,2.0,degree_distribution,metric_in_degree_max,11700.0,11700.0,0.0,0.0,5
MAOL,synapse_count_measurement,2.0,degree_distribution,metric_out_degree_max,15947.0,15947.0,0.0,0.0,5
MAOL,synapse_count_measurement,2.0,assortativity,metric_degree_assortativity,-0.05352990548572421,-0.05352990548572421,0.0,1.296264927229836e-14,5
MAOL,synapse_count_measurement,2.0,connected_components,metric_wcc_count,821.0,821.0,0.0,0.0,5
MAOL,synapse_count_measurement,2.0,connected_components,metric_wcc_max_size,51503.0,51503.0,0.0,0.0,5
MAOL,synapse_count_measurement,2.0,connected_components,metric_scc_count,1705.0,1705.0,0.0,0.0,5
MAOL,synapse_count_measurement,2.0,connected_components,metric_scc_max_size,50709.0,50709.0,0.0,0.0,5
MAOL,synapse_count_measurement,2.0,reciprocity,metric_reciprocity,0.2776333037886953,0.2776333037886953,0.0,0.0,5
MAOL,synapse_count_measurement,3.0,basic_structure,metric_node_count,52445.0,52445.0,0.0,0.0,5
MAOL,synapse_count_measurement,3.0,basic_structure,metric_edge_count,6736968.0,6736968.0,0.0,0.0,5
MAOL,synapse_count_measurement,3.0,basic_structure,metric_total_synapses,26492194.0,26491865.6,-0.001239610430145989,0.0019059200354360857,5
MAOL,synapse_count_measurement,3.0,basic_structure,metric_weight_mean,3.932361560868331,3.9323128149042716,-0.0012396104301430552,0.0019059200354393075,5
MAOL,synapse_count_measurement,3.0,basic_structure,metric_weight_variance,52.68035125761817,52.73895856007566,0.11125078147426629,0.08789330169644542,5
MAOL,synapse_count_measurement,3.0,basic_structure,metric_weight_std,7.258123122241601,7.262158659605809,0.055600288066784895,0.043921999459747084,5
MAOL,synapse_count_measurement,3.0,basic_structure,metric_weight_max,2589.0,2646.8,2.232522209347245,3.0996758391014403,5
MAOL,synapse_count_measurement,3.0,basic_structure,metric_density,0.0024494274809646,0.0024494274809646,0.0,0.0,5
MAOL,synapse_count_measurement,3.0,degree_distribution,metric_total_degree_mean,256.915549623415,256.915549623415,0.0,0.0,5
MAOL,synapse_count_measurement,3.0,degree_distribution,metric_in_degree_mean,128.4577748117075,128.4577748117075,0.0,0.0,5
MAOL,synapse_count_measurement,3.0,degree_distribution,metric_out_degree_mean,128.4577748117075,128.4577748117075,0.0,0.0,5
MAOL,synapse_count_measurement,3.0,degree_distribution,metric_total_degree_std,373.1623058805182,373.1623058805182,0.0,0.0,5
MAOL,synapse_count_measurement,3.0,degree_distribution,metric_in_degree_max,11700.0,11700.0,0.0,0.0,5
MAOL,synapse_count_measurement,3.0,degree_distribution,metric_out_degree_max,15947.0,15947.0,0.0,0.0,5
MAOL,synapse_count_measurement,3.0,assortativity,metric_degree_assortativity,-0.05352990548572421,-0.05352990548572421,0.0,1.296264927229836e-14,5
MAOL,synapse_count_measurement,3.0,connected_components,metric_wcc_count,821.0,821.0,0.0,0.0,5
MAOL,synapse_count_measurement,3.0,connected_components,metric_wcc_max_size,51503.0,51503.0,0.0,0.0,5
MAOL,synapse_count_measurement,3.0,connected_components,metric_scc_count,1705.0,1705.0,0.0,0.0,5
MAOL,synapse_count_measurement,3.0,connected_components,metric_scc_max_size,50709.0,50709.0,0.0,0.0,5
MAOL,synapse_count_measurement,3.0,reciprocity,metric_reciprocity,0.2776333037886953,0.2776333037886953,0.0,0.0,5
MAOL,synapse_count_measurement,5.0,basic_structure,metric_node_count,52445.0,52445.0,0.0,0.0,5
MAOL,synapse_count_measurement,5.0,basic_structure,metric_edge_count,6736968.0,6736968.0,0.0,0.0,5
MAOL,synapse_count_measurement,5.0,basic_structure,metric_total_synapses,26492194.0,26491707.6,-0.0018360125250423197,0.003019488105884896,5
MAOL,synapse_count_measurement,5.0,basic_structure,metric_weight_mean,3.932361560868331,3.9322893622175434,-0.0018360125250468228,0.003019488105879829,5
MAOL,synapse_count_measurement,5.0,basic_structure,metric_weight_variance,52.68035125761817,52.85395565520885,0.32954297654872683,0.14348342355490018,5
MAOL,synapse_count_measurement,5.0,basic_structure,metric_weight_std,7.258123122241601,7.27007074448152,0.16461035502837407,0.07162457828101922,5
MAOL,synapse_count_measurement,5.0,basic_structure,metric_weight_max,2589.0,2692.0,3.9783700270374664,4.700071024548076,5
MAOL,synapse_count_measurement,5.0,basic_structure,metric_density,0.0024494274809646,0.0024494274809646,0.0,0.0,5
MAOL,synapse_count_measurement,5.0,degree_distribution,metric_total_degree_mean,256.915549623415,256.915549623415,0.0,0.0,5
MAOL,synapse_count_measurement,5.0,degree_distribution,metric_in_degree_mean,128.4577748117075,128.4577748117075,0.0,0.0,5
MAOL,synapse_count_measurement,5.0,degree_distribution,metric_out_degree_mean,128.4577748117075,128.4577748117075,0.0,0.0,5
MAOL,synapse_count_measurement,5.0,degree_distribution,metric_total_degree_std,373.1623058805182,373.1623058805182,0.0,0.0,5
MAOL,synapse_count_measurement,5.0,degree_distribution,metric_in_degree_max,11700.0,11700.0,0.0,0.0,5
MAOL,synapse_count_measurement,5.0,degree_distribution,metric_out_degree_max,15947.0,15947.0,0.0,0.0,5
MAOL,synapse_count_measurement,5.0,assortativity,metric_degree_assortativity,-0.05352990548572421,-0.05352990548572421,0.0,1.296264927229836e-14,5
MAOL,synapse_count_measurement,5.0,connected_components,metric_wcc_count,821.0,821.0,0.0,0.0,5
MAOL,synapse_count_measurement,5.0,connected_components,metric_wcc_max_size,51503.0,51503.0,0.0,0.0,5
MAOL,synapse_count_measurement,5.0,connected_components,metric_scc_count,1705.0,1705.0,0.0,0.0,5
MAOL,synapse_count_measurement,5.0,connected_components,metric_scc_max_size,50709.0,50709.0,0.0,0.0,5
MAOL,synapse_count_measurement,5.0,reciprocity,metric_reciprocity,0.2776333037886953,0.2776333037886953,0.0,0.0,5
MAOL,synapse_count_measurement,7.5,basic_structure,metric_node_count,52445.0,52445.0,0.0,0.0,5
MAOL,synapse_count_measurement,7.5,basic_structure,metric_edge_count,6736968.0,6736968.0,0.0,0.0,5
MAOL,synapse_count_measurement,7.5,basic_structure,metric_total_synapses,26492194.0,26491276.0,-0.0034651716652837434,0.0058351035490717,5
MAOL,synapse_count_measurement,7.5,basic_structure,metric_weight_mean,3.932361560868331,3.932225297789748,-0.003465171665272488,0.00583510354906761,5
MAOL,synapse_count_measurement,7.5,basic_structure,metric_weight_variance,52.68035125761817,53.07515451867423,0.7494317171982954,0.21034050874510352,5
MAOL,synapse_count_measurement,7.5,basic_structure,metric_weight_std,7.258123122241601,7.285265725033083,0.3739617299726838,0.10477762072972846,5
MAOL,synapse_count_measurement,7.5,basic_structure,metric_weight_max,2589.0,2777.4,7.276940903823874,4.629106599242099,5
MAOL,synapse_count_measurement,7.5,basic_structure,metric_density,0.0024494274809646,0.0024494274809646,0.0,0.0,5
MAOL,synapse_count_measurement,7.5,degree_distribution,metric_total_degree_mean,256.915549623415,256.915549623415,0.0,0.0,5
MAOL,synapse_count_measurement,7.5,degree_distribution,metric_in_degree_mean,128.4577748117075,128.4577748117075,0.0,0.0,5
MAOL,synapse_count_measurement,7.5,degree_distribution,metric_out_degree_mean,128.4577748117075,128.4577748117075,0.0,0.0,5
MAOL,synapse_count_measurement,7.5,degree_distribution,metric_total_degree_std,373.1623058805182,373.1623058805182,0.0,0.0,5
MAOL,synapse_count_measurement,7.5,degree_distribution,metric_in_degree_max,11700.0,11700.0,0.0,0.0,5
MAOL,synapse_count_measurement,7.5,degree_distribution,metric_out_degree_max,15947.0,15947.0,0.0,0.0,5
MAOL,synapse_count_measurement,7.5,assortativity,metric_degree_assortativity,-0.05352990548572421,-0.05352990548572421,0.0,1.296264927229836e-14,5
MAOL,synapse_count_measurement,7.5,connected_components,metric_wcc_count,821.0,821.0,0.0,0.0,5
MAOL,synapse_count_measurement,7.5,connected_components,metric_wcc_max_size,51503.0,51503.0,0.0,0.0,5
MAOL,synapse_count_measurement,7.5,connected_components,metric_scc_count,1705.0,1705.0,0.0,0.0,5
MAOL,synapse_count_measurement,7.5,connected_components,metric_scc_max_size,50709.0,50709.0,0.0,0.0,5
MAOL,synapse_count_measurement,7.5,reciprocity,metric_reciprocity,0.2776333037886953,0.2776333037886953,0.0,0.0,5
MAOL,synapse_count_measurement,10.0,basic_structure,metric_node_count,52445.0,52445.0,0.0,0.0,5
MAOL,synapse_count_measurement,10.0,basic_structure,metric_edge_count,6736968.0,6736968.0,0.0,0.0,5
MAOL,synapse_count_measurement,10.0,basic_structure,metric_total_synapses,26492194.0,26491101.8,-0.004122723848388151,0.007149270722848056,5
MAOL,synapse_count_measurement,10.0,basic_structure,metric_weight_mean,3.932361560868331,3.9321994404604568,-0.004122723848377114,0.007149270722847203,5
MAOL,synapse_count_measurement,10.0,basic_structure,metric_weight_variance,52.68035125761817,53.384983629488715,1.3375620227449556,0.27120609177958865,5
MAOL,synapse_count_measurement,10.0,basic_structure,metric_weight_std,7.258123122241601,7.306496290112167,0.666469375840879,0.1347058921758772,5
MAOL,synapse_count_measurement,10.0,basic_structure,metric_weight_max,2589.0,2862.8,10.575511780610283,4.716573181326544,5
MAOL,synapse_count_measurement,10.0,basic_structure,metric_density,0.0024494274809646,0.0024494274809646,0.0,0.0,5
MAOL,synapse_count_measurement,10.0,degree_distribution,metric_total_degree_mean,256.915549623415,256.915549623415,0.0,0.0,5
MAOL,synapse_count_measurement,10.0,degree_distribution,metric_in_degree_mean,128.4577748117075,128.4577748117075,0.0,0.0,5
MAOL,synapse_count_measurement,10.0,degree_distribution,metric_out_degree_mean,128.4577748117075,128.4577748117075,0.0,0.0,5
MAOL,synapse_count_measurement,10.0,degree_distribution,metric_total_degree_std,373.1623058805182,373.1623058805182,0.0,0.0,5
MAOL,synapse_count_measurement,10.0,degree_distribution,metric_in_degree_max,11700.0,11700.0,0.0,0.0,5
MAOL,synapse_count_measurement,10.0,degree_distribution,metric_out_degree_max,15947.0,15947.0,0.0,0.0,5
MAOL,synapse_count_measurement,10.0,assortativity,metric_degree_assortativity,-0.05352990548572421,-0.05352990548572421,0.0,1.296264927229836e-14,5
MAOL,synapse_count_measurement,10.0,connected_components,metric_wcc_count,821.0,821.0,0.0,0.0,5
MAOL,synapse_count_measurement,10.0,connected_components,metric_wcc_max_size,51503.0,51503.0,0.0,0.0,5
MAOL,synapse_count_measurement,10.0,connected_components,metric_scc_count,1705.0,1705.0,0.0,0.0,5
MAOL,synapse_count_measurement,10.0,connected_components,metric_scc_max_size,50709.0,50709.0,0.0,0.0,5
MAOL,synapse_count_measurement,10.0,reciprocity,metric_reciprocity,0.2776333037886953,0.2776333037886953,0.0,0.0,5
MAOL,synapse_count_measurement,15.0,basic_structure,metric_node_count,52445.0,52445.0,0.0,0.0,5
MAOL,synapse_count_measurement,15.0,basic_structure,metric_edge_count,6736968.0,6736968.0,0.0,0.0,5
MAOL,synapse_count_measurement,15.0,basic_structure,metric_total_synapses,26492194.0,26491674.6,-0.0019605775195459833,0.011210746965285708,5
MAOL,synapse_count_measurement,15.0,basic_structure,metric_weight_mean,3.932361560868331,3.932284463871581,-0.001960577519562261,0.011210746965278707,5
MAOL,synapse_count_measurement,15.0,basic_structure,metric_weight_variance,52.68035125761817,54.26917593183977,3.0159720584471925,0.3949179006837821,5
MAOL,synapse_count_measurement,15.0,basic_structure,metric_weight_std,7.258123122241601,7.366748031604769,1.496597777878697,0.19453883989547135,5
MAOL,synapse_count_measurement,15.0,basic_structure,metric_weight_max,2589.0,3033.6,17.17265353418308,5.29066536289211,5
MAOL,synapse_count_measurement,15.0,basic_structure,metric_density,0.0024494274809646,0.0024494274809646,0.0,0.0,5
MAOL,synapse_count_measurement,15.0,degree_distribution,metric_total_degree_mean,256.915549623415,256.915549623415,0.0,0.0,5
MAOL,synapse_count_measurement,15.0,degree_distribution,metric_in_degree_mean,128.4577748117075,128.4577748117075,0.0,0.0,5
MAOL,synapse_count_measurement,15.0,degree_distribution,metric_out_degree_mean,128.4577748117075,128.4577748117075,0.0,0.0,5
MAOL,synapse_count_measurement,15.0,degree_distribution,metric_total_degree_std,373.1623058805182,373.1623058805182,0.0,0.0,5
MAOL,synapse_count_measurement,15.0,degree_distribution,metric_in_degree_max,11700.0,11700.0,0.0,0.0,5
MAOL,synapse_count_measurement,15.0,degree_distribution,metric_out_degree_max,15947.0,15947.0,0.0,0.0,5
MAOL,synapse_count_measurement,15.0,assortativity,metric_degree_assortativity,-0.05352990548572421,-0.05352990548572421,0.0,1.296264927229836e-14,5
MAOL,synapse_count_measurement,15.0,connected_components,metric_wcc_count,821.0,821.0,0.0,0.0,5
MAOL,synapse_count_measurement,15.0,connected_components,metric_wcc_max_size,51503.0,51503.0,0.0,0.0,5
MAOL,synapse_count_measurement,15.0,connected_components,metric_scc_count,1705.0,1705.0,0.0,0.0,5
MAOL,synapse_count_measurement,15.0,connected_components,metric_scc_max_size,50709.0,50709.0,0.0,0.0,5
MAOL,synapse_count_measurement,15.0,reciprocity,metric_reciprocity,0.2776333037886953,0.2776333037886953,0.0,0.0,5
MAOL,synapse_count_measurement,20.0,basic_structure,metric_node_count,52445.0,52445.0,0.0,0.0,5
MAOL,synapse_count_measurement,20.0,basic_structure,metric_edge_count,6736968.0,6736968.0,0.0,0.0,5
MAOL,synapse_count_measurement,20.0,basic_structure,metric_total_synapses,26492194.0,26505938.6,0.05188169768046199,0.014797735585379144,5
MAOL,synapse_count_measurement,20.0,basic_structure,metric_weight_mean,3.932361560868331,3.934401736805043,0.05188169768044937,0.014797735585378913,5
MAOL,synapse_count_measurement,20.0,basic_structure,metric_weight_variance,52.68035125761817,55.48354687974173,5.321140719839423,0.5185142399786908,5
MAOL,synapse_count_measurement,20.0,basic_structure,metric_weight_std,7.258123122241601,7.448705306295167,2.625777778135937,0.25260129968924405,5
MAOL,synapse_count_measurement,20.0,basic_structure,metric_weight_max,2589.0,3204.6,23.777520278099647,6.277931928399286,5
MAOL,synapse_count_measurement,20.0,basic_structure,metric_density,0.0024494274809646,0.0024494274809646,0.0,0.0,5
MAOL,synapse_count_measurement,20.0,degree_distribution,metric_total_degree_mean,256.915549623415,256.915549623415,0.0,0.0,5
MAOL,synapse_count_measurement,20.0,degree_distribution,metric_in_degree_mean,128.4577748117075,128.4577748117075,0.0,0.0,5
MAOL,synapse_count_measurement,20.0,degree_distribution,metric_out_degree_mean,128.4577748117075,128.4577748117075,0.0,0.0,5
MAOL,synapse_count_measurement,20.0,degree_distribution,metric_total_degree_std,373.1623058805182,373.1623058805182,0.0,0.0,5
MAOL,synapse_count_measurement,20.0,degree_distribution,metric_in_degree_max,11700.0,11700.0,0.0,0.0,5
MAOL,synapse_count_measurement,20.0,degree_distribution,metric_out_degree_max,15947.0,15947.0,0.0,0.0,5
MAOL,synapse_count_measurement,20.0,assortativity,metric_degree_assortativity,-0.05352990548572421,-0.05352990548572421,0.0,1.296264927229836e-14,5
MAOL,synapse_count_measurement,20.0,connected_components,metric_wcc_count,821.0,821.0,0.0,0.0,5
MAOL,synapse_count_measurement,20.0,connected_components,metric_wcc_max_size,51503.0,51503.0,0.0,0.0,5
MAOL,synapse_count_measurement,20.0,connected_components,metric_scc_count,1705.0,1705.0,0.0,0.0,5
MAOL,synapse_count_measurement,20.0,connected_components,metric_scc_max_size,50709.0,50709.0,0.0,0.0,5
MAOL,synapse_count_measurement,20.0,reciprocity,metric_reciprocity,0.2776333037886953,0.2776333037886953,0.0,0.0,5
MCNS,false_synapses,0.25,basic_structure,metric_node_count,166694.0,166694.0,0.0,0.0,5
MCNS,false_synapses,0.25,basic_structure,metric_edge_count,6239112.0,6254710.0,0.2500035261428229,0.0,5
MCNS,false_synapses,0.25,basic_structure,metric_total_synapses,89797169.0,89875159.0,0.08685129037865325,0.0,5
MCNS,false_synapses,0.25,basic_structure,metric_weight_mean,14.392620135685977,14.36919681328151,-0.16274536660902764,0.0,5
MCNS,false_synapses,0.25,basic_structure,metric_weight_variance,414.009432483822,413.1964332005849,-0.19637216436339855,1.3729981589979656e-14,5
MCNS,false_synapses,0.25,basic_structure,metric_weight_std,20.347221738699904,20.32723378132364,-0.09823433210171001,0.0,5
MCNS,false_synapses,0.25,basic_structure,metric_weight_max,2591.0,2591.0,0.0,0.0,5
MCNS,false_synapses,0.25,basic_structure,metric_density,0.0002245357256781,0.0002250970729098,0.2500035261670334,0.0,5
MCNS,false_synapses,0.25,degree_distribution,metric_total_degree_mean,74.85706744093969,75.04421274910915,0.25000352614282595,0.0,5
MCNS,false_synapses,0.25,degree_distribution,metric_in_degree_mean,37.42853372046984,37.522106374554575,0.250003526142845,0.0,5
MCNS,false_synapses,0.25,degree_distribution,metric_out_degree_mean,37.42853372046984,37.522106374554575,0.250003526142845,0.0,5
MCNS,false_synapses,0.25,degree_distribution,metric_total_degree_std,125.87163733424268,125.8689312590697,-0.002149868890475163,0.00035826212953579266,5
MCNS,false_synapses,0.25,degree_distribution,metric_in_degree_max,6660.0,6660.0,0.0,0.0,5
MCNS,false_synapses,0.25,degree_distribution,metric_out_degree_max,7570.0,7570.0,0.0,0.0,5
MCNS,false_synapses,0.25,assortativity,metric_degree_assortativity,-0.0568881377134471,-0.0565567527452505,0.5825203311555482,0.0010797904306296697,5
MCNS,false_synapses,0.25,connected_components,metric_wcc_count,875.0,875.0,0.0,0.0,5
MCNS,false_synapses,0.25,connected_components,metric_wcc_max_size,165820.0,165820.0,0.0,0.0,5
MCNS,false_synapses,0.25,connected_components,metric_scc_count,8859.0,8766.2,-1.0475222937126005,0.058610475158582996,5
MCNS,false_synapses,0.25,connected_components,metric_scc_max_size,157789.0,157881.2,0.05843246360646917,0.0030367512439297894,5
MCNS,false_synapses,0.25,reciprocity,metric_reciprocity,0.1567291661257227,0.15684673202133692,0.07501213623500078,0.008786639081329258,5
MCNS,false_synapses,0.5,basic_structure,metric_node_count,166694.0,166694.0,0.0,0.0,5
MCNS,false_synapses,0.5,basic_structure,metric_edge_count,6239112.0,6270308.0,0.5000070522856458,0.0,5
MCNS,false_synapses,0.5,basic_structure,metric_total_synapses,89797169.0,89953149.0,0.1737025807573065,0.0,5
MCNS,false_synapses,0.5,basic_structure,metric_weight_mean,14.392620135685977,14.345890026454843,-0.324681043413832,1.2342136613442874e-14,5
MCNS,false_synapses,0.5,basic_structure,metric_weight_variance,414.009432483822,412.3863896179731,-0.3920304076435081,0.0,5
MCNS,false_synapses,0.5,basic_structure,metric_weight_std,20.347221738699904,20.30729892472096,-0.1962076911120077,0.0,5
MCNS,false_synapses,0.5,basic_structure,metric_weight_max,2591.0,2591.0,0.0,0.0,5
MCNS,false_synapses,0.5,basic_structure,metric_density,0.0002245357256781,0.0002256584201414,0.5000070522895347,0.0,5
MCNS,false_synapses,0.5,degree_distribution,metric_total_degree_mean,74.85706744093969,75.23135805727861,0.5000070522856519,0.0,5
MCNS,false_synapses,0.5,degree_distribution,metric_in_degree_mean,37.42853372046984,37.615679028639306,0.500007052285671,0.0,5
MCNS,false_synapses,0.5,degree_distribution,metric_out_degree_mean,37.42853372046984,37.615679028639306,0.500007052285671,0.0,5
MCNS,false_synapses,0.5,degree_distribution,metric_total_degree_std,125.87163733424268,125.9045470488248,0.02614545681544503,0.0005541198245886367,5
MCNS,false_synapses,0.5,degree_distribution,metric_in_degree_max,6660.0,6660.0,0.0,0.0,5
MCNS,false_synapses,0.5,degree_distribution,metric_out_degree_max,7570.0,7570.0,0.0,0.0,5
MCNS,false_synapses,0.5,assortativity,metric_degree_assortativity,-0.0568881377134471,-0.0562856337939109,1.0591029057254282,0.003918140441154893,5
MCNS,false_synapses,0.5,connected_components,metric_wcc_count,875.0,875.0,0.0,0.0,5
MCNS,false_synapses,0.5,connected_components,metric_wcc_max_size,165820.0,165820.0,0.0,0.0,5
MCNS,false_synapses,0.5,connected_components,metric_scc_count,8859.0,8739.8,-1.345524325544652,0.018060729201941527,5
MCNS,false_synapses,0.5,connected_components,metric_scc_max_size,157789.0,157907.4,0.0750369163883377,0.0011754454994322423,5
MCNS,false_synapses,0.5,reciprocity,metric_reciprocity,0.1567291661257227,0.15702450763840264,0.18844068400326847,0.004089754246147408,5
MCNS,false_synapses,0.75,basic_structure,metric_node_count,166694.0,166694.0,0.0,0.0,5
MCNS,false_synapses,0.75,basic_structure,metric_edge_count,6239112.0,6285905.0,0.7499945505065464,0.0,5
MCNS,false_synapses,0.75,basic_structure,metric_total_synapses,89797169.0,90031134.0,0.26054830303169135,0.0,5
MCNS,false_synapses,0.75,basic_structure,metric_weight_mean,14.392620135685977,14.32270039079496,-0.48580275329891787,1.2342136613442874e-14,5
MCNS,false_synapses,0.75,basic_structure,metric_weight_variance,414.009432483822,411.57933947052754,-0.586965615424581,0.0,5
MCNS,false_synapses,0.75,basic_structure,metric_weight_std,20.347221738699904,20.28741825542441,-0.2939147370756277,0.0,5
MCNS,false_synapses,0.75,basic_structure,metric_weight_max,2591.0,2591.0,0.0,0.0,5
MCNS,false_synapses,0.75,basic_structure,metric_density,0.0002245357256781,0.00022621973138460002,0.7499945504949335,1.2071599844648369e-14,5
MCNS,false_synapses,0.75,degree_distribution,metric_total_degree_mean,74.85706744093969,75.41849136741574,0.7499945505065396,0.0,5
MCNS,false_synapses,0.75,degree_distribution,metric_in_degree_mean,37.42853372046984,37.70924568370787,0.7499945505065586,0.0,5
MCNS,false_synapses,0.75,degree_distribution,metric_out_degree_mean,37.42853372046984,37.70924568370787,0.7499945505065586,0.0,5
MCNS,false_synapses,0.75,degree_distribution,metric_total_degree_std,125.87163733424268,125.95772533684979,0.06839348754836062,0.0011926913070312854,5
MCNS,false_synapses,0.75,degree_distribution,metric_in_degree_max,6660.0,6660.0,0.0,0.0,5
MCNS,false_synapses,0.75,degree_distribution,metric_out_degree_max,7570.0,7570.0,0.0,0.0,5
MCNS,false_synapses,0.75,assortativity,metric_degree_assortativity,-0.0568881377134471,-0.05603010387484596,1.5082825226643353,0.004097735706179257,5
MCNS,false_synapses,0.75,connected_components,metric_wcc_count,875.0,875.0,0.0,0.0,5
MCNS,false_synapses,0.75,connected_components,metric_wcc_max_size,165820.0,165820.0,0.0,0.0,5
MCNS,false_synapses,0.75,connected_components,metric_scc_count,8859.0,8723.8,-1.5261316175640673,0.05729124072897402,5
MCNS,false_synapses,0.75,connected_components,metric_scc_max_size,157789.0,157924.0,0.08555729486846358,0.0033773995891917,5
MCNS,false_synapses,0.75,reciprocity,metric_reciprocity,0.1567291661257227,0.15716432700746924,0.2776515006769422,0.00244487972335158,5
MCNS,false_synapses,1.0,basic_structure,metric_node_count,166694.0,166694.0,0.0,0.0,5
MCNS,false_synapses,1.0,basic_structure,metric_edge_count,6239112.0,6301503.0,0.9999980766493693,0.0,5
MCNS,false_synapses,1.0,basic_structure,metric_total_synapses,89797169.0,90109124.0,0.3473995934103446,0.0,5
MCNS,false_synapses,1.0,basic_structure,metric_weight_mean,14.392620135685977,14.29962407381223,-0.6461371244223009,1.2342136613442874e-14,5
MCNS,false_synapses,1.0,basic_structure,metric_weight_variance,414.009432483822,410.7751654136273,-0.7812061311721723,0.0,5
MCNS,false_synapses,1.0,basic_structure,metric_weight_std,20.347221738699904,20.26758903800912,-0.3913689137191854,0.0,5
MCNS,false_synapses,1.0,basic_structure,metric_weight_max,2591.0,2591.0,0.0,0.0,5
MCNS,false_synapses,1.0,basic_structure,metric_density,0.0002245357256781,0.0002267810786163,0.9999980766619669,0.0,5
MCNS,false_synapses,1.0,degree_distribution,metric_total_degree_mean,74.85706744093969,75.6056366755852,0.9999980766493656,0.0,5
MCNS,false_synapses,1.0,degree_distribution,metric_in_degree_mean,37.42853372046984,37.8028183377926,0.9999980766493846,0.0,5
MCNS,false_synapses,1.0,degree_distribution,metric_out_degree_mean,37.42853372046984,37.8028183377926,0.9999980766493846,0.0,5
MCNS,false_synapses,1.0,degree_distribution,metric_total_degree_std,125.87163733424268,125.99221359358596,0.09579303320183218,0.0011339414227675229,5
MCNS,false_synapses,1.0,degree_distribution,metric_in_degree_max,6660.0,6660.0,0.0,0.0,5
MCNS,false_synapses,1.0,degree_distribution,metric_out_degree_max,7570.0,7570.0,0.0,0.0,5
MCNS,false_synapses,1.0,assortativity,metric_degree_assortativity,-0.0568881377134471,-0.05575908166490752,1.9846950417445193,0.004737080684771633,5
MCNS,false_synapses,1.0,connected_components,metric_wcc_count,875.0,875.0,0.0,0.0,5
MCNS,false_synapses,1.0,connected_components,metric_wcc_max_size,165820.0,165820.0,0.0,0.0,5
MCNS,false_synapses,1.0,connected_components,metric_scc_count,8859.0,8708.2,-1.702223727282981,0.03062345629585853,5
MCNS,false_synapses,1.0,connected_components,metric_scc_max_size,157789.0,157939.8,0.09557066715676528,0.001719341648182134,5
MCNS,false_synapses,1.0,reciprocity,metric_reciprocity,0.1567291661257227,0.15735452833736802,0.3990081917131231,0.008257267958531354,5
MCNS,false_synapses,2.0,basic_structure,metric_node_count,166694.0,166694.0,0.0,0.0,5
MCNS,false_synapses,2.0,basic_structure,metric_edge_count,6239112.0,6363894.0,1.9999961532987387,0.0,5
MCNS,false_synapses,2.0,basic_structure,metric_total_synapses,89797169.0,90421079.0,0.6947991868206892,0.0,5
MCNS,false_synapses,2.0,basic_structure,metric_weight_mean,14.392620135685977,14.20845146069372,-1.2796049173535664,0.0,5
MCNS,false_synapses,2.0,basic_structure,metric_weight_variance,414.009432483822,407.5875240858738,-1.5511502623069315,0.0,5
MCNS,false_synapses,2.0,basic_structure,metric_weight_std,20.347221738699904,20.188796994518366,-0.7786062697700786,0.0,5
MCNS,false_synapses,2.0,basic_structure,metric_weight_max,2591.0,2591.0,0.0,0.0,5
MCNS,false_synapses,2.0,basic_structure,metric_density,0.0002245357256781,0.0002290264315545,1.9999961533239339,0.0,5
MCNS,false_synapses,2.0,degree_distribution,metric_total_degree_mean,74.85706744093969,76.35420591023072,1.9999961532987311,0.0,5
MCNS,false_synapses,2.0,degree_distribution,metric_in_degree_mean,37.42853372046984,38.17710295511536,1.9999961532987505,0.0,5
MCNS,false_synapses,2.0,degree_distribution,metric_out_degree_mean,37.42853372046984,38.17710295511536,1.9999961532987505,0.0,5
MCNS,false_synapses,2.0,degree_distribution,metric_total_degree_std,125.87163733424268,126.2141219237661,0.2720903586992999,0.0011942780007593112,5
MCNS,false_synapses,2.0,degree_distribution,metric_in_degree_max,6660.0,6660.0,0.0,0.0,5
MCNS,false_synapses,2.0,degree_distribution,metric_out_degree_max,7570.0,7570.0,0.0,0.0,5
MCNS,false_synapses,2.0,assortativity,metric_degree_assortativity,-0.0568881377134471,-0.054758671706714876,3.7432513918079335,0.006714677158697119,5
MCNS,false_synapses,2.0,connected_components,metric_wcc_count,875.0,875.0,0.0,0.0,5
MCNS,false_synapses,2.0,connected_components,metric_wcc_max_size,165820.0,165820.0,0.0,0.0,5
MCNS,false_synapses,2.0,connected_components,metric_scc_count,8859.0,8642.8,-2.440456033412357,0.035264701099025415,5
MCNS,false_synapses,2.0,connected_components,metric_scc_max_size,157789.0,158006.4,0.137778932625211,0.0019471942271941918,5
MCNS,false_synapses,2.0,reciprocity,metric_reciprocity,0.1567291661257227,0.1580314261308674,0.830898317994024,0.008153464358855273,5
MCNS,false_synapses,5.0,basic_structure,metric_node_count,166694.0,166694.0,0.0,0.0,5
MCNS,false_synapses,5.0,basic_structure,metric_edge_count,6239112.0,6551068.0,5.000006411168769,0.0,5
MCNS,false_synapses,5.0,basic_structure,metric_total_synapses,89797169.0,91356949.0,1.7370035351559916,0.0,5
MCNS,false_synapses,5.0,basic_structure,metric_weight_mean,14.392620135685977,13.94535196398511,-3.1076215969313528,0.0,5
MCNS,false_synapses,5.0,basic_structure,metric_weight_variance,414.009432483822,398.2956447466525,-3.795514426542338,0.0,5
MCNS,false_synapses,5.0,basic_structure,metric_weight_std,20.347221738699904,19.9573456337924,-1.9161146908128965,0.0,5
MCNS,false_synapses,5.0,basic_structure,metric_weight_max,2591.0,2591.0,0.0,0.0,5
MCNS,false_synapses,5.0,basic_structure,metric_density,0.0002245357256781,0.00023576252635740003,5.000006411182441,1.2071599844648369e-14,5
MCNS,false_synapses,5.0,degree_distribution,metric_total_degree_mean,74.85706744093969,78.5999256121996,5.000006411168766,0.0,5
MCNS,false_synapses,5.0,degree_distribution,metric_in_degree_mean,37.42853372046984,39.2999628060998,5.000006411168786,0.0,5
MCNS,false_synapses,5.0,degree_distribution,metric_out_degree_mean,37.42853372046984,39.2999628060998,5.000006411168786,0.0,5
MCNS,false_synapses,5.0,degree_distribution,metric_total_degree_std,125.87163733424268,127.78234470059974,1.5179808627445743,0.0024769786571741683,5
MCNS,false_synapses,5.0,degree_distribution,metric_in_degree_max,6660.0,6660.0,0.0,0.0,5
MCNS,false_synapses,5.0,degree_distribution,metric_out_degree_max,7570.0,7570.0,0.0,0.0,5
MCNS,false_synapses,5.0,assortativity,metric_degree_assortativity,-0.0568881377134471,-0.05164086309028974,9.223846717550424,0.018963572843716046,5
MCNS,false_synapses,5.0,connected_components,metric_wcc_count,875.0,875.0,0.0,0.0,5
MCNS,false_synapses,5.0,connected_components,metric_wcc_max_size,165820.0,165820.0,0.0,0.0,5
MCNS,false_synapses,5.0,connected_components,metric_scc_count,8859.0,8542.8,-3.569251608533703,0.061991331833145875,5
MCNS,false_synapses,5.0,connected_components,metric_scc_max_size,157789.0,158108.0,0.2021687189854806,0.0034480148828461912,5
MCNS,false_synapses,5.0,reciprocity,metric_reciprocity,0.1567291661257227,0.15841588752947994,1.076201351319763,0.018810574592659186,5
MCNS,false_synapses,10.0,basic_structure,metric_node_count,166694.0,166694.0,0.0,0.0,5
MCNS,false_synapses,10.0,basic_structure,metric_edge_count,6239112.0,6863023.0,9.999996794415615,0.0,5
MCNS,false_synapses,10.0,basic_structure,metric_total_synapses,89797169.0,92916724.0,3.4740015022077144,0.0,5
MCNS,false_synapses,10.0,basic_structure,metric_weight_mean,14.392620135685977,13.538745826729706,-5.932723165805796,1.2342136613442874e-14,5
MCNS,false_synapses,10.0,basic_structure,metric_weight_variance,414.009432483822,383.6632380091986,-7.329831664115343,0.0,5
MCNS,false_synapses,10.0,basic_structure,metric_weight_std,20.347221738699904,19.587323400842664,-3.7346540358968663,0.0,5
MCNS,false_synapses,10.0,basic_structure,metric_weight_max,2591.0,2591.0,0.0,0.0,5
MCNS,false_synapses,10.0,basic_structure,metric_density,0.0002245357256781,0.0002469892910482,9.999996794403211,0.0,5
MCNS,false_synapses,10.0,degree_distribution,metric_total_degree_mean,74.85706744093969,82.34277178542719,9.999996794415612,0.0,5
MCNS,false_synapses,10.0,degree_distribution,metric_in_degree_mean,37.42853372046984,41.1713858927136,9.999996794415653,0.0,5
MCNS,false_synapses,10.0,degree_distribution,metric_out_degree_mean,37.42853372046984,41.1713858927136,9.999996794415653,0.0,5
MCNS,false_synapses,10.0,degree_distribution,metric_total_degree_std,125.87163733424268,136.37218395038934,8.34226584998116,0.010720990662385266,5
MCNS,false_synapses,10.0,degree_distribution,metric_in_degree_max,6660.0,6660.0,0.0,0.0,5
MCNS,false_synapses,10.0,degree_distribution,metric_out_degree_max,7570.0,7570.0,0.0,0.0,5
MCNS,false_synapses,10.0,assortativity,metric_degree_assortativity,-0.0568881377134471,-0.025356858338372156,55.42680889626247,0.18344280435086843,5
MCNS,false_synapses,10.0,connected_components,metric_wcc_count,875.0,875.0,0.0,0.0,5
MCNS,false_synapses,10.0,connected_components,metric_wcc_max_size,165820.0,165820.0,0.0,0.0,5
MCNS,false_synapses,10.0,connected_components,metric_scc_count,8859.0,8486.4,-4.2058923129021375,0.02534139781086313,5
MCNS,false_synapses,10.0,connected_components,metric_scc_max_size,157789.0,158165.4,0.23854641324806808,0.0016330794575952856,5
MCNS,false_synapses,10.0,reciprocity,metric_reciprocity,0.1567291661257227,0.15736418667915875,0.4051706323293021,0.02996981716434747,5
MCNS,false_synapses,15.0,basic_structure,metric_node_count,166694.0,166694.0,0.0,0.0,5
MCNS,false_synapses,15.0,basic_structure,metric_edge_count,6239112.0,7174979.0,15.000003205584383,0.0,5
MCNS,false_synapses,15.0,basic_structure,metric_total_synapses,89797169.0,94476504.0,5.211005037363706,0.0,5
MCNS,false_synapses,15.0,basic_structure,metric_weight_mean,14.392620135685977,13.167495542495663,-8.51217208291812,0.0,5
MCNS,false_synapses,15.0,basic_structure,metric_weight_variance,414.009432483822,370.0143917786277,-10.626579312758402,0.0,5
MCNS,false_synapses,15.0,basic_structure,metric_weight_std,20.347221738699904,19.23575815450557,-5.46248327397129,0.0,5
MCNS,false_synapses,15.0,basic_structure,metric_weight_max,2591.0,2591.0,0.0,0.0,5
MCNS,false_synapses,15.0,basic_structure,metric_density,0.0002245357256781,0.0002582160917275,15.000003205585651,0.0,5
MCNS,false_synapses,15.0,degree_distribution,metric_total_degree_mean,74.85706744093969,86.0856299566871,15.000003205584377,0.0,5
MCNS,false_synapses,15.0,degree_distribution,metric_in_degree_mean,37.42853372046984,43.04281497834355,15.0000032055844,0.0,5
MCNS,false_synapses,15.0,degree_distribution,metric_out_degree_mean,37.42853372046984,43.04281497834355,15.0000032055844,0.0,5
MCNS,false_synapses,15.0,degree_distribution,metric_total_degree_std,125.87163733424268,150.69872523547338,19.72413200227485,0.011000639243153561,5
MCNS,false_synapses,15.0,degree_distribution,metric_in_degree_max,6660.0,6660.0,0.0,0.0,5
MCNS,false_synapses,15.0,degree_distribution,metric_out_degree_max,7570.0,7570.0,0.0,0.0,5
MCNS,false_synapses,15.0,assortativity,metric_degree_assortativity,-0.0568881377134471,0.05706999347690776,200.3196725552464,0.19670279680452885,5
MCNS,false_synapses,15.0,connected_components,metric_wcc_count,875.0,875.0,0.0,0.0,5
MCNS,false_synapses,15.0,connected_components,metric_wcc_max_size,165820.0,165820.0,0.0,0.0,5
MCNS,false_synapses,15.0,connected_components,metric_scc_count,8859.0,8460.0,-4.503894344734169,0.056213566307658794,5
MCNS,false_synapses,15.0,connected_components,metric_scc_max_size,157789.0,158192.0,0.25540436912585796,0.003156088091815965,5
MCNS,false_synapses,15.0,reciprocity,metric_reciprocity,0.1567291661257227,0.15894497545004072,1.4137823731803414,0.01940568492432856,5
MCNS,false_synapses,20.0,basic_structure,metric_node_count,166694.0,166694.0,0.0,0.0,5
MCNS,false_synapses,20.0,basic_structure,metric_edge_count,6239112.0,7373261.0,18.17805162016646,0.0,5
MCNS,false_synapses,20.0,basic_structure,metric_total_synapses,89797169.0,95467914.0,6.315059887912502,0.0,5
MCNS,false_synapses,20.0,basic_structure,metric_weight_mean,14.392620135685977,12.947854958613291,-10.038236008817067,0.0,5
MCNS,false_synapses,20.0,basic_structure,metric_weight_variance,414.009432483822,361.8096229506365,-12.608362379575814,0.0,5
MCNS,false_synapses,20.0,basic_structure,metric_weight_std,20.347221738699904,19.021293934710027,-6.516505403133226,0.0,5
MCNS,false_synapses,20.0,basic_structure,metric_weight_max,2591.0,2591.0,0.0,0.0,5
MCNS,false_synapses,20.0,basic_structure,metric_density,0.0002245357256781,0.0002653519457976,18.178051620175196,0.0,5
MCNS,false_synapses,20.0,degree_distribution,metric_total_degree_mean,74.85706744093969,88.46462380169652,18.178051620166453,0.0,5
MCNS,false_synapses,20.0,degree_distribution,metric_in_degree_mean,37.42853372046984,44.23231190084826,18.178051620166475,0.0,5
MCNS,false_synapses,20.0,degree_distribution,metric_out_degree_mean,37.42853372046984,44.23231190084826,18.178051620166475,0.0,5
MCNS,false_synapses,20.0,degree_distribution,metric_total_degree_std,125.87163733424268,163.7723180158571,30.110580496360768,0.0,5
MCNS,false_synapses,20.0,degree_distribution,metric_in_degree_max,6660.0,6660.0,0.0,0.0,5
MCNS,false_synapses,20.0,degree_distribution,metric_out_degree_max,7570.0,7570.0,0.0,0.0,5
MCNS,false_synapses,20.0,assortativity,metric_degree_assortativity,-0.0568881377134471,0.1459896440947969,356.6258098132261,0.0,5
MCNS,false_synapses,20.0,connected_components,metric_wcc_count,875.0,875.0,0.0,0.0,5
MCNS,false_synapses,20.0,connected_components,metric_wcc_max_size,165820.0,165820.0,0.0,0.0,5
MCNS,false_synapses,20.0,connected_components,metric_scc_count,8859.0,8446.0,-4.661925725251157,0.0,5
MCNS,false_synapses,20.0,connected_components,metric_scc_max_size,157789.0,158206.0,0.2642769774825875,0.0,5
MCNS,false_synapses,20.0,reciprocity,metric_reciprocity,0.1567291661257227,0.1602369540784157,2.2381207272417734,0.0,5
MCNS,merge_errors,0.5,basic_structure,metric_node_count,166694.0,166361.0,-0.19976723817293962,0.0,5
MCNS,merge_errors,0.5,basic_structure,metric_edge_count,6239112.0,6232093.0,-0.11249998397207808,0.021506224782990826,5
MCNS,merge_errors,0.5,basic_structure,metric_total_synapses,89797169.0,89796648.6,-0.0005795282922627109,0.00025499690210340734,5
MCNS,merge_errors,0.5,basic_structure,metric_weight_mean,14.392620135685977,14.40874722431891,0.11205109619301679,0.021310481846683854,5
MCNS,merge_errors,0.5,basic_structure,metric_weight_variance,414.009432483822,415.11173851028707,0.26625142810197155,0.05768877112639622,5
MCNS,merge_errors,0.5,basic_structure,metric_weight_std,20.347221738699904,20.374290273609624,0.13303307575518417,0.028807289267908685,5
MCNS,merge_errors,0.5,basic_structure,metric_weight_max,2591.0,2591.0,0.0,0.0,5
MCNS,merge_errors,0.5,basic_structure,metric_density,0.0002245357256781,0.00022518190643432,0.2877852752690041,0.0215924079866241,5
MCNS,merge_errors,0.5,degree_distribution,metric_total_degree_mean,74.85706744093969,74.92252390884883,0.0874419345384951,0.021549273170852295,5
MCNS,merge_errors,0.5,degree_distribution,metric_in_degree_mean,37.42853372046984,37.461261954424415,0.08744193453851411,0.0215492731708523,5
MCNS,merge_errors,0.5,degree_distribution,metric_out_degree_mean,37.42853372046984,37.461261954424415,0.08744193453851411,0.0215492731708523,5
MCNS,merge_errors,0.5,degree_distribution,metric_total_degree_std,125.87163733424268,125.72286595384756,-0.11819293332942578,0.026429110948165805,5
MCNS,merge_errors,0.5,degree_distribution,metric_in_degree_max,6660.0,6642.4,-0.26426426426426974,0.040955500591549114,5
MCNS,merge_errors,0.5,degree_distribution,metric_out_degree_max,7570.0,7540.6,-0.3883751651254906,0.05703311266822433,5
MCNS,merge_errors,0.5,assortativity,metric_degree_assortativity,-0.0568881377134471,-0.05679008432455822,0.17236174856485503,0.09834370509881625,5
MCNS,merge_errors,0.5,connected_components,metric_wcc_count,875.0,875.0,0.0,0.0,5
MCNS,merge_errors,0.5,connected_components,metric_wcc_max_size,165820.0,165487.0,-0.20082016644554337,0.0,5
MCNS,merge_errors,0.5,connected_components,metric_scc_count,8859.0,8848.8,-0.11513714866238545,0.0131639053952936,5
MCNS,merge_errors,0.5,connected_components,metric_scc_max_size,157789.0,157466.2,-0.20457699839658552,0.0007390821787127494,5
MCNS,merge_errors,0.5,reciprocity,metric_reciprocity,0.1567291661257227,0.1567670515935184,0.024172570257464505,0.012673159078923347,5
MCNS,merge_errors,1.0,basic_structure,metric_node_count,166694.0,166028.0,-0.39953447634587924,0.0,5
MCNS,merge_errors,1.0,basic_structure,metric_edge_count,6239112.0,6224641.0,-0.23194005813647842,0.008709113218594224,5
MCNS,merge_errors,1.0,basic_structure,metric_total_synapses,89797169.0,89795512.8,-0.0018443788578713213,0.00034096910148680566,5
MCNS,merge_errors,1.0,basic_structure,metric_weight_mean,14.392620135685977,14.425814029036625,0.23063134465936774,0.008487024717933972,5
MCNS,merge_errors,1.0,basic_structure,metric_weight_variance,414.009432483822,416.57878649033717,0.6206027701109302,0.048539920544274404,5
MCNS,merge_errors,1.0,basic_structure,metric_weight_std,20.347221738699904,20.41026120011913,0.3098185208220676,0.02419361144457674,5
MCNS,merge_errors,1.0,basic_structure,metric_weight_max,2591.0,2591.0,0.0,0.0,5
MCNS,merge_errors,1.0,basic_structure,metric_density,0.0002245357256781,0.00022581576177154003,0.5700812597079142,0.008779124552107949,5
MCNS,merge_errors,1.0,degree_distribution,metric_total_degree_mean,74.85706744093969,74.98302695930806,0.16826670169487276,0.008744048707810372,5
MCNS,merge_errors,1.0,degree_distribution,metric_in_degree_mean,37.42853372046984,37.49151347965403,0.16826670169489177,0.008744048707810372,5
MCNS,merge_errors,1.0,degree_distribution,metric_out_degree_mean,37.42853372046984,37.49151347965403,0.16826670169489177,0.008744048707810372,5
MCNS,merge_errors,1.0,degree_distribution,metric_total_degree_std,125.87163733424268,125.5820187708022,-0.2300904076360142,0.007953749538789726,5
MCNS,merge_errors,1.0,degree_distribution,metric_in_degree_max,6660.0,6625.6,-0.5165165165165111,0.055045954293763855,5
MCNS,merge_errors,1.0,degree_distribution,metric_out_degree_max,7570.0,7507.2,-0.8295904887714688,0.06105268168185649,5
MCNS,merge_errors,1.0,assortativity,metric_degree_assortativity,-0.0568881377134471,-0.05670797852651864,0.3166902524317866,0.04385292544726972,5
MCNS,merge_errors,1.0,connected_components,metric_wcc_count,875.0,875.0,0.0,0.0,5
MCNS,merge_errors,1.0,connected_components,metric_wcc_max_size,165820.0,165154.0,-0.40164033289108675,0.0,5
MCNS,merge_errors,1.0,connected_components,metric_scc_count,8859.0,8841.6,-0.19641043007111,0.029087027264307768,5
MCNS,merge_errors,1.0,connected_components,metric_scc_max_size,157789.0,157140.4,-0.4110552700124887,0.0016330794575952852,5
MCNS,merge_errors,1.0,reciprocity,metric_reciprocity,0.1567291661257227,0.15674150705662218,0.007874048720178047,0.014086566604971698,5
MCNS,merge_errors,2.0,basic_structure,metric_node_count,166694.0,165363.0,-0.7984690510756237,0.0,5
MCNS,merge_errors,2.0,basic_structure,metric_edge_count,6239112.0,6209642.8,-0.4723300367103554,0.01724824068663033,5
MCNS,merge_errors,2.0,basic_structure,metric_total_synapses,89797169.0,89791570.2,-0.006234940435591038,0.0005316353641943257,5
MCNS,merge_errors,2.0,basic_structure,metric_weight_mean,14.392620135685977,14.46002221213314,0.4683099797794413,0.01689995143473856,5
MCNS,merge_errors,2.0,basic_structure,metric_weight_variance,414.009432483822,420.6071279787525,1.593609946359924,0.14726454472614392,5
MCNS,merge_errors,2.0,basic_structure,metric_weight_std,20.347221738699904,20.50870320047724,0.7936290460245052,0.07306413893702864,5
MCNS,merge_errors,2.0,basic_structure,metric_weight_max,2591.0,2591.0,0.0,0.0,5
MCNS,merge_errors,2.0,basic_structure,metric_density,0.0002245357256781,0.00022708715001156003,1.1363110817909694,0.01752701972759353,5
MCNS,merge_errors,2.0,degree_distribution,metric_total_degree_mean,74.85706744093969,75.10317060043661,0.3287640939061562,0.017387071068000977,5
MCNS,merge_errors,2.0,degree_distribution,metric_in_degree_mean,37.42853372046984,37.55158530021831,0.32876409390619427,0.01738707106799974,5
MCNS,merge_errors,2.0,degree_distribution,metric_out_degree_mean,37.42853372046984,37.55158530021831,0.32876409390619427,0.01738707106799974,5
MCNS,merge_errors,2.0,degree_distribution,metric_total_degree_std,125.87163733424268,125.36170974418232,-0.4051171501855361,0.011364187739158855,5
MCNS,merge_errors,2.0,degree_distribution,metric_in_degree_max,6660.0,6598.0,-0.9309309309309309,0.07830873760003182,5
MCNS,merge_errors,2.0,degree_distribution,metric_out_degree_max,7570.0,7455.8,-1.508586525759575,0.06652405977286219,5
MCNS,merge_errors,2.0,assortativity,metric_degree_assortativity,-0.0568881377134471,-0.056645364091218176,0.4267561428215579,0.0522489739810123,5
MCNS,merge_errors,2.0,connected_components,metric_wcc_count,875.0,875.0,0.0,0.0,5
MCNS,merge_errors,2.0,connected_components,metric_wcc_max_size,165820.0,164489.0,-0.8026776022192739,0.0,5
MCNS,merge_errors,2.0,connected_components,metric_scc_count,8859.0,8823.2,-0.40410881589343345,0.058610475158582996,5
MCNS,merge_errors,2.0,connected_components,metric_scc_max_size,157789.0,156493.8,-0.8208430245454446,0.0032906615760914053,5
MCNS,merge_errors,2.0,reciprocity,metric_reciprocity,0.1567291661257227,0.15648352030824836,-0.1567326768505271,0.03389827193425092,5
MCNS,merge_errors,3.0,basic_structure,metric_node_count,166694.0,164697.0,-1.1980035274215028,0.0,5
MCNS,merge_errors,3.0,basic_structure,metric_edge_count,6239112.0,6189590.0,-0.7937347494322909,0.03962983347892874,5
MCNS,merge_errors,3.0,basic_structure,metric_total_synapses,89797169.0,89785686.6,-0.012787040090323963,0.0011896307818139427,5
MCNS,merge_errors,3.0,basic_structure,metric_weight_mean,14.392620135685977,14.50592050672373,0.7872115707189973,0.03908682796200771,5
MCNS,merge_errors,3.0,basic_structure,metric_weight_variance,414.009432483822,429.64739522457455,3.777199627296801,0.49267876073949773,5
MCNS,merge_errors,3.0,basic_structure,metric_weight_std,20.347221738699904,20.72787906070231,1.8708073607828515,0.242013206162712,5
MCNS,merge_errors,3.0,basic_structure,metric_weight_max,2591.0,2591.0,0.0,0.0,5
MCNS,merge_errors,3.0,basic_structure,metric_density,0.0002245357256781,0.00022818817881278,1.6266690405945639,0.040596709908896376,5
MCNS,merge_errors,3.0,degree_distribution,metric_total_degree_mean,74.85706744093969,75.16336059551784,0.4091706568919683,0.04011035697029802,5
MCNS,merge_errors,3.0,degree_distribution,metric_in_degree_mean,37.42853372046984,37.58168029775892,0.40917065689198734,0.04011035697029803,5
MCNS,merge_errors,3.0,degree_distribution,metric_out_degree_mean,37.42853372046984,37.58168029775892,0.40917065689198734,0.04011035697029803,5
MCNS,merge_errors,3.0,degree_distribution,metric_total_degree_std,125.87163733424268,125.0690572666199,-0.6376178816929134,0.034585169338414004,5
MCNS,merge_errors,3.0,degree_distribution,metric_in_degree_max,6660.0,6568.0,-1.3813813813813813,0.07477417175969209,5
MCNS,merge_errors,3.0,degree_distribution,metric_out_degree_max,7570.0,7401.2,-2.229854689564071,0.07810697753814787,5
MCNS,merge_errors,3.0,assortativity,metric_degree_assortativity,-0.0568881377134471,-0.05658572397232344,0.531593673617783,0.07596288430720015,5
MCNS,merge_errors,3.0,connected_components,metric_wcc_count,875.0,875.0,0.0,0.0,5
MCNS,merge_errors,3.0,connected_components,metric_wcc_max_size,165820.0,163823.0,-1.2043179351103606,0.0,5
MCNS,merge_errors,3.0,connected_components,metric_scc_count,8859.0,8801.6,-0.6479286601196482,0.10603470880069875,5
MCNS,merge_errors,3.0,connected_components,metric_scc_max_size,157789.0,155849.4,-1.229236512050907,0.0059532761172539925,5
MCNS,merge_errors,3.0,reciprocity,metric_reciprocity,0.1567291661257227,0.1560602472483469,-0.4267992320199151,0.07409360831910056,5
MCNS,merge_errors,5.0,basic_structure,metric_node_count,166694.0,163366.0,-1.9964725784971264,0.0,5
MCNS,merge_errors,5.0,basic_structure,metric_edge_count,6239112.0,6144852.0,-1.5107919203886706,0.027899935866880332,5
MCNS,merge_errors,5.0,basic_structure,metric_total_synapses,89797169.0,89773866.4,-0.025950261305001766,0.00045404254679438607,5
MCNS,merge_errors,5.0,basic_structure,metric_weight_mean,14.392620135685977,14.609607131268419,1.5076267805083687,0.028741460988393842,5
MCNS,merge_errors,5.0,basic_structure,metric_weight_variance,414.009432483822,454.10168419327357,9.683898134619966,0.2446932593773527,5
MCNS,merge_errors,5.0,basic_structure,metric_weight_std,20.347221738699904,21.30964850194596,4.73001560412322,0.11681190910215344,5
MCNS,merge_errors,5.0,basic_structure,metric_weight_max,2591.0,2591.0,0.0,0.0,5
MCNS,merge_errors,5.0,basic_structure,metric_density,0.0002245357256781,0.0002302452793017,2.5428263615320383,0.029048241276047,5
MCNS,merge_errors,5.0,degree_distribution,metric_total_degree_mean,74.85706744093969,75.22804010626447,0.4955746705112026,0.028468297622479665,5
MCNS,merge_errors,5.0,degree_distribution,metric_in_degree_mean,37.42853372046984,37.61402005313223,0.49557467051120263,0.028468297622484186,5
MCNS,merge_errors,5.0,degree_distribution,metric_out_degree_mean,37.42853372046984,37.61402005313223,0.49557467051120263,0.028468297622484186,5
MCNS,merge_errors,5.0,degree_distribution,metric_total_degree_std,125.87163733424268,124.35977827219676,-1.201111778685524,0.022291154869016006,5
MCNS,merge_errors,5.0,degree_distribution,metric_in_degree_max,6660.0,6513.6,-2.1981981981981926,0.07691440525444863,5
MCNS,merge_errors,5.0,degree_distribution,metric_out_degree_max,7570.0,7306.0,-3.4874504623513873,0.10468487585817146,5
MCNS,merge_errors,5.0,assortativity,metric_degree_assortativity,-0.0568881377134471,-0.056165732112064326,1.269870363873788,0.11600537268721939,5
MCNS,merge_errors,5.0,connected_components,metric_wcc_count,875.0,875.0,0.0,0.0,5
MCNS,merge_errors,5.0,connected_components,metric_wcc_max_size,165820.0,162492.0,-2.0069955373296344,0.0,5
MCNS,merge_errors,5.0,connected_components,metric_scc_count,8859.0,8764.2,-1.0700982052150274,0.0693635466564498,5
MCNS,merge_errors,5.0,connected_components,metric_scc_max_size,157789.0,154556.0,-2.048938772664761,0.003802546438598381,5
MCNS,merge_errors,5.0,reciprocity,metric_reciprocity,0.1567291661257227,0.1551052239989211,-1.0361454520206812,0.04339727760695573,5
MCNS,merge_errors,7.5,basic_structure,metric_node_count,166694.0,161701.0,-2.9953087693618246,0.0,5
MCNS,merge_errors,7.5,basic_structure,metric_edge_count,6239112.0,6091253.0,-2.369872507497862,0.03828229072720121,5
MCNS,merge_errors,7.5,basic_structure,metric_total_synapses,89797169.0,89762662.8,-0.03842682390132252,0.00021282620211681552,5
MCNS,merge_errors,7.5,basic_structure,metric_weight_mean,14.392620135685977,14.736323797175316,2.388054838167643,0.039965122801898505,5
MCNS,merge_errors,7.5,basic_structure,metric_weight_variance,414.009432483822,474.3889951403568,14.584103143324933,0.2668352835992752,5
MCNS,merge_errors,7.5,basic_structure,metric_weight_std,20.347221738699904,21.7804580313669,7.0438918446591545,0.12463178330354512,5
MCNS,merge_errors,7.5,basic_structure,metric_weight_max,2591.0,2591.0,0.0,0.0,5
MCNS,merge_errors,7.5,basic_structure,metric_density,0.0002245357256781,0.00023296137055479996,3.7524740667679586,0.04068295798894854,5
MCNS,merge_errors,7.5,degree_distribution,metric_total_degree_mean,74.85706744093969,75.33970723743205,0.6447484693053929,0.03946437047686492,5
MCNS,merge_errors,7.5,degree_distribution,metric_in_degree_mean,37.42853372046984,37.669853618716026,0.6447484693054121,0.03946437047686493,5
MCNS,merge_errors,7.5,degree_distribution,metric_out_degree_mean,37.42853372046984,37.669853618716026,0.6447484693054121,0.03946437047686493,5
MCNS,merge_errors,7.5,degree_distribution,metric_total_degree_std,125.87163733424268,123.72580095622675,-1.7047814928456213,0.029163046136600233,5
MCNS,merge_errors,7.5,degree_distribution,metric_in_degree_max,6660.0,6448.4,-3.1771771771771826,0.15447232612146167,5
MCNS,merge_errors,7.5,degree_distribution,metric_out_degree_max,7570.0,7190.2,-5.017173051519157,0.15437105583082214,5
MCNS,merge_errors,7.5,assortativity,metric_degree_assortativity,-0.0568881377134471,-0.055893432886191155,1.7485276671674508,0.10656517920549255,5
MCNS,merge_errors,7.5,connected_components,metric_wcc_count,875.0,875.0,0.0,0.0,5
MCNS,merge_errors,7.5,connected_components,metric_wcc_max_size,165820.0,160827.0,-3.011096369557351,0.0,5
MCNS,merge_errors,7.5,connected_components,metric_scc_count,8859.0,8720.4,-1.564510667118189,0.0921473377670552,5
MCNS,merge_errors,7.5,connected_components,metric_scc_max_size,157789.0,152936.2,-3.0754995595383634,0.005353658894331766,5
MCNS,merge_errors,7.5,reciprocity,metric_reciprocity,0.1567291661257227,0.1547095267503116,-1.2886174445610359,0.02841014590618929,5
MCNS,merge_errors,10.0,basic_structure,metric_node_count,166694.0,160037.0,-3.9935450586103878,0.0,5
MCNS,merge_errors,10.0,basic_structure,metric_edge_count,6239112.0,6037781.0,-3.2269175485229304,0.028551060586914558,5
MCNS,merge_errors,10.0,basic_structure,metric_total_synapses,89797169.0,89752869.4,-0.04933295836976112,0.000740051323521534,5
MCNS,merge_errors,10.0,basic_structure,metric_weight_mean,14.392620135685977,14.865209101619627,3.283550607730432,0.029939968539718996,5
MCNS,merge_errors,10.0,basic_structure,metric_weight_variance,414.009432483822,494.3716863109659,19.410730172261026,0.20686927267679173,5
MCNS,merge_errors,10.0,basic_structure,metric_weight_std,20.347221738699904,22.23446233772973,9.275175860694253,0.09464586863558987,5
MCNS,merge_errors,10.0,basic_structure,metric_weight_max,2591.0,2875.0,10.961018911617137,0.0,5
MCNS,merge_errors,10.0,basic_structure,metric_density,0.0002245357256781,0.00023574325018852,4.991421510573946,0.03097572549154662,5
MCNS,merge_errors,10.0,degree_distribution,metric_total_degree_mean,74.85706744093969,75.45481357436093,0.7985166315696854,0.029738688512498015,5
MCNS,merge_errors,10.0,degree_distribution,metric_in_degree_mean,37.42853372046984,37.72740678718046,0.7985166315697045,0.029738688512492492,5
MCNS,merge_errors,10.0,degree_distribution,metric_out_degree_mean,37.42853372046984,37.72740678718046,0.7985166315697045,0.029738688512492492,5
MCNS,merge_errors,10.0,degree_distribution,metric_total_degree_std,125.87163733424268,123.22478119949908,-2.1028217244168146,0.03847153397019096,5
MCNS,merge_errors,10.0,degree_distribution,metric_in_degree_max,6660.0,6386.6,-4.1051051051051,0.24901396326279732,5
MCNS,merge_errors,10.0,degree_distribution,metric_out_degree_max,7570.0,7080.4,-6.467635402906213,0.3108825029343304,5
MCNS,merge_errors,10.0,assortativity,metric_degree_assortativity,-0.0568881377134471,-0.05586690591589496,1.7951577228564175,0.17163826345409788,5
MCNS,merge_errors,10.0,connected_components,metric_wcc_count,875.0,875.0,0.0,0.0,5
MCNS,merge_errors,10.0,connected_components,metric_wcc_max_size,165820.0,159163.0,-4.014594138222169,0.0,5
MCNS,merge_errors,10.0,connected_components,metric_scc_count,8859.0,8675.8,-2.0679534936223134,0.06787807372558036,5
MCNS,merge_errors,10.0,connected_components,metric_scc_max_size,157789.0,151317.0,-4.101680091768121,0.004048119811310373,5
MCNS,merge_errors,10.0,reciprocity,metric_reciprocity,0.1567291661257227,0.15448947860907628,-1.4290176946707152,0.033435545535051,5
MCNS,merge_errors,15.0,basic_structure,metric_node_count,166694.0,156708.0,-5.990617538723649,0.0,5
MCNS,merge_errors,15.0,basic_structure,metric_edge_count,6239112.0,5917387.0,-5.156583180426958,0.04658531098943478,5
MCNS,merge_errors,15.0,basic_structure,metric_total_synapses,89797169.0,89734741.2,-0.0695208999294811,0.0004985139144154054,5
MCNS,merge_errors,15.0,basic_structure,metric_weight_mean,14.392620135685977,15.164592532135497,5.363668249226163,0.05142107058089294,5
MCNS,merge_errors,15.0,basic_structure,metric_weight_variance,414.009432483822,531.3509334464945,28.342711966413418,0.2154438899533262,5
MCNS,merge_errors,15.0,basic_structure,metric_weight_std,20.347221738699904,23.051042477219347,13.288402580175573,0.09506562687036449,5
MCNS,merge_errors,15.0,basic_structure,metric_weight_max,2591.0,2875.0,10.961018911617137,0.0,5
MCNS,merge_errors,15.0,basic_structure,metric_density,0.0002245357256781,0.00024096302622049996,7.3161188460274404,0.05271166874389386,5
MCNS,merge_errors,15.0,degree_distribution,metric_total_degree_mean,74.85706744093969,75.52118589989024,0.8871820412608693,0.04955389533446258,5
MCNS,merge_errors,15.0,degree_distribution,metric_in_degree_mean,37.42853372046984,37.76059294994512,0.8871820412608884,0.04955389533446259,5
MCNS,merge_errors,15.0,degree_distribution,metric_out_degree_mean,37.42853372046984,37.76059294994512,0.8871820412608884,0.04955389533446259,5
MCNS,merge_errors,15.0,degree_distribution,metric_total_degree_std,125.87163733424268,122.24033087596858,-2.8849282770759825,0.049811757278317575,5
MCNS,merge_errors,15.0,degree_distribution,metric_in_degree_max,6660.0,6282.6,-5.666666666666662,0.1795785752279406,5
MCNS,merge_errors,15.0,degree_distribution,metric_out_degree_max,7570.0,6886.4,-9.030383091149279,0.36057359129963795,5
MCNS,merge_errors,15.0,assortativity,metric_degree_assortativity,-0.0568881377134471,-0.05566152466143291,2.15618422630179,0.11393865626763122,5
MCNS,merge_errors,15.0,connected_components,metric_wcc_count,875.0,875.0,0.0,0.0,5
MCNS,merge_errors,15.0,connected_components,metric_wcc_max_size,165820.0,155834.0,-6.022192739114702,0.0,5
MCNS,merge_errors,15.0,connected_components,metric_scc_count,8859.0,8616.4,-2.738458065244388,0.09540827004905943,5
MCNS,merge_errors,15.0,connected_components,metric_scc_max_size,157789.0,148047.8,-6.173560894612433,0.005659992410565023,5
MCNS,merge_errors,15.0,reciprocity,metric_reciprocity,0.1567291661257227,0.15444621851732568,-1.4566195079260058,0.050243203123990665,5
MCNS,merge_errors,20.0,basic_structure,metric_node_count,166694.0,153380.0,-7.9870901172207756,0.0,5
MCNS,merge_errors,20.0,basic_structure,metric_edge_count,6239112.0,5795150.8,-7.115775450096107,0.01881981474831326,5
MCNS,merge_errors,20.0,basic_structure,metric_total_synapses,89797169.0,89722954.0,-0.082647371656004,0.0007739535143095867,5
MCNS,merge_errors,20.0,basic_structure,metric_weight_mean,14.392620135685977,15.482419811557133,7.571933849411041,0.021050172740935867,5
MCNS,merge_errors,20.0,basic_structure,metric_weight_variance,414.009432483822,572.1802909859178,38.204650931057365,0.15335282398012157,5
MCNS,merge_errors,20.0,basic_structure,metric_weight_std,20.347221738699904,23.920286677648825,17.560456089948836,0.06524591138316296,5
MCNS,merge_errors,20.0,basic_structure,metric_weight_max,2591.0,4795.0,85.06368197607101,0.0,5
MCNS,merge_errors,20.0,basic_structure,metric_density,0.0002245357256781,0.00024633725983738,9.709605940631107,0.022228903457002208,5
MCNS,merge_errors,20.0,degree_distribution,metric_total_degree_mean,74.85706744093969,75.56592515321424,0.9469482795780387,0.020453450252018158,5
MCNS,merge_errors,20.0,degree_distribution,metric_in_degree_mean,37.42853372046984,37.78296257660712,0.9469482795780578,0.02045345025201868,5
MCNS,merge_errors,20.0,degree_distribution,metric_out_degree_mean,37.42853372046984,37.78296257660712,0.9469482795780578,0.02045345025201868,5
MCNS,merge_errors,20.0,degree_distribution,metric_total_degree_std,125.87163733424268,121.1884950155094,-3.7205699535770256,0.05331451816326203,5
MCNS,merge_errors,20.0,degree_distribution,metric_in_degree_max,6660.0,6155.0,-7.5825825825825826,0.2370280752032566,5
MCNS,merge_errors,20.0,degree_distribution,metric_out_degree_max,7570.0,6644.4,-12.22721268163805,0.382188158201448,5
MCNS,merge_errors,20.0,assortativity,metric_degree_assortativity,-0.0568881377134471,-0.05575130307987912,1.9983685162878104,0.15809539756863608,5
MCNS,merge_errors,20.0,connected_components,metric_wcc_count,875.0,875.0,0.0,0.0,5
MCNS,merge_errors,20.0,connected_components,metric_wcc_max_size,165820.0,152506.0,-8.029188276444337,0.0,5
MCNS,merge_errors,20.0,connected_components,metric_scc_count,8859.0,8556.0,-3.420250592617677,0.09788681968022937,5
MCNS,merge_errors,20.0,connected_components,metric_scc_max_size,157789.0,144781.2,-8.24379392733333,0.005472379733675454,5
MCNS,merge_errors,20.0,reciprocity,metric_reciprocity,0.1567291661257227,0.15475736120025885,-1.2580969925419958,0.05982172718951002,5
MCNS,missed_synapses,0.25,basic_structure,metric_node_count,166694.0,166694.0,0.0,0.0,5
MCNS,missed_synapses,0.25,basic_structure,metric_edge_count,6239112.0,6239112.0,0.0,0.0,5
MCNS,missed_synapses,0.25,basic_structure,metric_total_synapses,89797169.0,89572995.0,-0.24964484125329164,0.0003236075665461332,5
MCNS,missed_synapses,0.25,basic_structure,metric_weight_mean,14.392620135685977,14.356689701996052,-0.24964484125331093,0.0003236075665498024,5
MCNS,missed_synapses,0.25,basic_structure,metric_weight_variance,414.009432483822,412.08468270693356,-0.4649048127577803,0.0027961868073069383,5
MCNS,missed_synapses,0.25,basic_structure,metric_weight_std,20.347221738699904,20.299869029765475,-0.23272321667564955,0.0014013472551173986,5
MCNS,missed_synapses,0.25,basic_structure,metric_weight_max,2591.0,2588.8,-0.08490930142801305,0.061752219220378234,5
MCNS,missed_synapses,0.25,basic_structure,metric_density,0.0002245357256781,0.0002245357256781,0.0,0.0,5
MCNS,missed_synapses,0.25,degree_distribution,metric_total_degree_mean,74.85706744093969,74.85706744093969,0.0,0.0,5
MCNS,missed_synapses,0.25,degree_distribution,metric_in_degree_mean,37.42853372046984,37.42853372046984,0.0,0.0,5
MCNS,missed_synapses,0.25,degree_distribution,metric_out_degree_mean,37.42853372046984,37.42853372046984,0.0,0.0,5
MCNS,missed_synapses,0.25,degree_distribution,metric_total_degree_std,125.87163733424268,125.87163733424268,0.0,0.0,5
MCNS,missed_synapses,0.25,degree_distribution,metric_in_degree_max,6660.0,6660.0,0.0,0.0,5
MCNS,missed_synapses,0.25,degree_distribution,metric_out_degree_max,7570.0,7570.0,0.0,0.0,5
MCNS,missed_synapses,0.25,assortativity,metric_degree_assortativity,-0.0568881377134471,-0.0568881377134471,0.0,0.0,5
MCNS,missed_synapses,0.25,connected_components,metric_wcc_count,875.0,875.0,0.0,0.0,5
MCNS,missed_synapses,0.25,connected_components,metric_wcc_max_size,165820.0,165820.0,0.0,0.0,5
MCNS,missed_synapses,0.25,connected_components,metric_scc_count,8859.0,8859.0,0.0,0.0,5
MCNS,missed_synapses,0.25,connected_components,metric_scc_max_size,157789.0,157789.0,0.0,0.0,5
MCNS,missed_synapses,0.25,reciprocity,metric_reciprocity,0.1567291661257227,0.1567291661257227,0.0,0.0,5
MCNS,missed_synapses,0.5,basic_structure,metric_node_count,166694.0,166694.0,0.0,0.0,5
MCNS,missed_synapses,0.5,basic_structure,metric_edge_count,6239112.0,6239112.0,0.0,0.0,5
MCNS,missed_synapses,0.5,basic_structure,metric_total_synapses,89797169.0,89348584.4,-0.4995531652005577,0.00036667772286123326,5
MCNS,missed_synapses,0.5,basic_structure,metric_weight_mean,14.392620135685977,14.320721346242866,-0.4995531652005494,0.0003666777228674452,5
MCNS,missed_synapses,0.5,basic_structure,metric_weight_variance,414.009432483822,410.16268855390973,-0.9291440310511789,0.00367715272513607,5
MCNS,missed_synapses,0.5,basic_structure,metric_weight_std,20.347221738699904,20.252473636883177,-0.46565621112054895,0.00184717072619906,5
MCNS,missed_synapses,0.5,basic_structure,metric_weight_max,2591.0,2586.4,-0.1775376302585839,0.08664586769835449,5
MCNS,missed_synapses,0.5,basic_structure,metric_density,0.0002245357256781,0.0002245357256781,0.0,0.0,5
MCNS,missed_synapses,0.5,degree_distribution,metric_total_degree_mean,74.85706744093969,74.85706744093969,0.0,0.0,5
MCNS,missed_synapses,0.5,degree_distribution,metric_in_degree_mean,37.42853372046984,37.42853372046984,0.0,0.0,5
MCNS,missed_synapses,0.5,degree_distribution,metric_out_degree_mean,37.42853372046984,37.42853372046984,0.0,0.0,5
MCNS,missed_synapses,0.5,degree_distribution,metric_total_degree_std,125.87163733424268,125.87163733424268,0.0,0.0,5
MCNS,missed_synapses,0.5,degree_distribution,metric_in_degree_max,6660.0,6660.0,0.0,0.0,5
MCNS,missed_synapses,0.5,degree_distribution,metric_out_degree_max,7570.0,7570.0,0.0,0.0,5
MCNS,missed_synapses,0.5,assortativity,metric_degree_assortativity,-0.0568881377134471,-0.0568881377134471,0.0,0.0,5
MCNS,missed_synapses,0.5,connected_components,metric_wcc_count,875.0,875.0,0.0,0.0,5
MCNS,missed_synapses,0.5,connected_components,metric_wcc_max_size,165820.0,165820.0,0.0,0.0,5
MCNS,missed_synapses,0.5,connected_components,metric_scc_count,8859.0,8859.0,0.0,0.0,5
MCNS,missed_synapses,0.5,connected_components,metric_scc_max_size,157789.0,157789.0,0.0,0.0,5
MCNS,missed_synapses,0.5,reciprocity,metric_reciprocity,0.1567291661257227,0.1567291661257227,0.0,0.0,5
MCNS,missed_synapses,0.75,basic_structure,metric_node_count,166694.0,166694.0,0.0,0.0,5
MCNS,missed_synapses,0.75,basic_structure,metric_edge_count,6239112.0,6239112.0,0.0,0.0,5
MCNS,missed_synapses,0.75,basic_structure,metric_total_synapses,89797169.0,89123743.2,-0.7499410142874293,0.00039335345997262584,5
MCNS,missed_synapses,0.75,basic_structure,metric_weight_mean,14.392620135685977,14.284683974257874,-0.7499410142874512,0.00039335345997230855,5
MCNS,missed_synapses,0.75,basic_structure,metric_weight_variance,414.009432483822,408.2454767545588,-1.3922281177708313,0.004982670596588952,5
MCNS,missed_synapses,0.75,basic_structure,metric_weight_std,20.347221738699904,20.205085411696906,-0.6985539786626402,0.002508852102248167,5
MCNS,missed_synapses,0.75,basic_structure,metric_weight_max,2591.0,2584.0,-0.2701659590891548,0.09763883165321124,5
MCNS,missed_synapses,0.75,basic_structure,metric_density,0.0002245357256781,0.0002245357256781,0.0,0.0,5
MCNS,missed_synapses,0.75,degree_distribution,metric_total_degree_mean,74.85706744093969,74.85706744093969,0.0,0.0,5
MCNS,missed_synapses,0.75,degree_distribution,metric_in_degree_mean,37.42853372046984,37.42853372046984,0.0,0.0,5
MCNS,missed_synapses,0.75,degree_distribution,metric_out_degree_mean,37.42853372046984,37.42853372046984,0.0,0.0,5
MCNS,missed_synapses,0.75,degree_distribution,metric_total_degree_std,125.87163733424268,125.87163733424268,0.0,0.0,5
MCNS,missed_synapses,0.75,degree_distribution,metric_in_degree_max,6660.0,6660.0,0.0,0.0,5
MCNS,missed_synapses,0.75,degree_distribution,metric_out_degree_max,7570.0,7570.0,0.0,0.0,5
MCNS,missed_synapses,0.75,assortativity,metric_degree_assortativity,-0.0568881377134471,-0.0568881377134471,0.0,0.0,5
MCNS,missed_synapses,0.75,connected_components,metric_wcc_count,875.0,875.0,0.0,0.0,5
MCNS,missed_synapses,0.75,connected_components,metric_wcc_max_size,165820.0,165820.0,0.0,0.0,5
MCNS,missed_synapses,0.75,connected_components,metric_scc_count,8859.0,8859.0,0.0,0.0,5
MCNS,missed_synapses,0.75,connected_components,metric_scc_max_size,157789.0,157789.0,0.0,0.0,5
MCNS,missed_synapses,0.75,reciprocity,metric_reciprocity,0.1567291661257227,0.1567291661257227,0.0,0.0,5
MCNS,missed_synapses,1.0,basic_structure,metric_node_count,166694.0,166694.0,0.0,0.0,5
MCNS,missed_synapses,1.0,basic_structure,metric_edge_count,6239112.0,6239112.0,0.0,0.0,5
MCNS,missed_synapses,1.0,basic_structure,metric_total_synapses,89797169.0,88899243.2,-0.9999488959390213,0.0005944267363022025,5
MCNS,missed_synapses,1.0,basic_structure,metric_weight_mean,14.392620135685977,14.248701289542486,-0.9999488959390311,0.0005944267363031405,5
MCNS,missed_synapses,1.0,basic_structure,metric_weight_variance,414.009432483822,406.3332030473475,-1.854119455786665,0.005605897879536456,5
MCNS,missed_synapses,1.0,basic_structure,metric_weight_std,20.347221738699904,20.157708270434494,-0.9313972723114352,0.002829267185978514,5
MCNS,missed_synapses,1.0,basic_structure,metric_weight_max,2591.0,2581.6,-0.3627942879197256,0.11078888532927303,5
MCNS,missed_synapses,1.0,basic_structure,metric_density,0.0002245357256781,0.0002245357256781,0.0,0.0,5
MCNS,missed_synapses,1.0,degree_distribution,metric_total_degree_mean,74.85706744093969,74.85706744093969,0.0,0.0,5
MCNS,missed_synapses,1.0,degree_distribution,metric_in_degree_mean,37.42853372046984,37.42853372046984,0.0,0.0,5
MCNS,missed_synapses,1.0,degree_distribution,metric_out_degree_mean,37.42853372046984,37.42853372046984,0.0,0.0,5
MCNS,missed_synapses,1.0,degree_distribution,metric_total_degree_std,125.87163733424268,125.87163733424268,0.0,0.0,5
MCNS,missed_synapses,1.0,degree_distribution,metric_in_degree_max,6660.0,6660.0,0.0,0.0,5
MCNS,missed_synapses,1.0,degree_distribution,metric_out_degree_max,7570.0,7570.0,0.0,0.0,5
MCNS,missed_synapses,1.0,assortativity,metric_degree_assortativity,-0.0568881377134471,-0.0568881377134471,0.0,0.0,5
MCNS,missed_synapses,1.0,connected_components,metric_wcc_count,875.0,875.0,0.0,0.0,5
MCNS,missed_synapses,1.0,connected_components,metric_wcc_max_size,165820.0,165820.0,0.0,0.0,5
MCNS,missed_synapses,1.0,connected_components,metric_scc_count,8859.0,8859.0,0.0,0.0,5
MCNS,missed_synapses,1.0,connected_components,metric_scc_max_size,157789.0,157789.0,0.0,0.0,5
MCNS,missed_synapses,1.0,reciprocity,metric_reciprocity,0.1567291661257227,0.1567291661257227,0.0,0.0,5
MCNS,missed_synapses,2.0,basic_structure,metric_node_count,166694.0,166694.0,0.0,0.0,5
MCNS,missed_synapses,2.0,basic_structure,metric_edge_count,6239112.0,6239112.0,0.0,0.0,5
MCNS,missed_synapses,2.0,basic_structure,metric_total_synapses,89797169.0,88000929.2,-2.0003300994934454,0.0009958304780163614,5
MCNS,missed_synapses,2.0,basic_structure,metric_weight_mean,14.392620135685977,14.104720223006092,-2.0003300994934725,0.0009958304780136895,5
MCNS,missed_synapses,2.0,basic_structure,metric_weight_variance,414.009432483822,398.73747093196374,-3.688795557201479,0.00803475298834934,5
MCNS,missed_synapses,2.0,basic_structure,metric_weight_std,20.347221738699904,19.968411810612444,-1.8617280184595069,0.004093536075145237,5
MCNS,missed_synapses,2.0,basic_structure,metric_weight_max,2591.0,2572.0,-0.7333076032419915,0.17086795539311966,5
MCNS,missed_synapses,2.0,basic_structure,metric_density,0.0002245357256781,0.0002245357256781,0.0,0.0,5
MCNS,missed_synapses,2.0,degree_distribution,metric_total_degree_mean,74.85706744093969,74.85706744093969,0.0,0.0,5
MCNS,missed_synapses,2.0,degree_distribution,metric_in_degree_mean,37.42853372046984,37.42853372046984,0.0,0.0,5
MCNS,missed_synapses,2.0,degree_distribution,metric_out_degree_mean,37.42853372046984,37.42853372046984,0.0,0.0,5
MCNS,missed_synapses,2.0,degree_distribution,metric_total_degree_std,125.87163733424268,125.87163733424268,0.0,0.0,5
MCNS,missed_synapses,2.0,degree_distribution,metric_in_degree_max,6660.0,6660.0,0.0,0.0,5
MCNS,missed_synapses,2.0,degree_distribution,metric_out_degree_max,7570.0,7570.0,0.0,0.0,5
MCNS,missed_synapses,2.0,assortativity,metric_degree_assortativity,-0.0568881377134471,-0.0568881377134471,0.0,0.0,5
MCNS,missed_synapses,2.0,connected_components,metric_wcc_count,875.0,875.0,0.0,0.0,5
MCNS,missed_synapses,2.0,connected_components,metric_wcc_max_size,165820.0,165820.0,0.0,0.0,5
MCNS,missed_synapses,2.0,connected_components,metric_scc_count,8859.0,8859.0,0.0,0.0,5
MCNS,missed_synapses,2.0,connected_components,metric_scc_max_size,157789.0,157789.0,0.0,0.0,5
MCNS,missed_synapses,2.0,reciprocity,metric_reciprocity,0.1567291661257227,0.1567291661257227,0.0,0.0,5
MCNS,missed_synapses,5.0,basic_structure,metric_node_count,166694.0,166694.0,0.0,0.0,5
MCNS,missed_synapses,5.0,basic_structure,metric_edge_count,6239112.0,6239111.8,-3.2055843874298862e-06,6.411168768888905e-06,5
MCNS,missed_synapses,5.0,basic_structure,metric_total_synapses,89797169.0,85307128.4,-5.0002028460384915,0.002250105214063242,5
MCNS,missed_synapses,5.0,basic_structure,metric_weight_mean,14.392620135685977,13.672960372344587,-5.000199800709114,0.0022513905867288016,5
MCNS,missed_synapses,5.0,basic_structure,metric_weight_variance,414.009432483822,376.38800825074424,-9.087093501075701,0.008678056836324699,5
MCNS,missed_synapses,5.0,basic_structure,metric_weight_std,20.347221738699904,19.400721826605814,-4.651740292847309,0.00455080131592929,5
MCNS,missed_synapses,5.0,basic_structure,metric_weight_max,2591.0,2538.0,-2.045542261675029,0.2939318064787306,5
MCNS,missed_synapses,5.0,basic_structure,metric_density,0.0002245357256781,0.00022453571848042,-3.205583425321959e-06,6.411166845815279e-06,5
MCNS,missed_synapses,5.0,degree_distribution,metric_total_degree_mean,74.85706744093969,74.85706504133323,-3.2055843762761937e-06,6.411168767739577e-06,5
MCNS,missed_synapses,5.0,degree_distribution,metric_in_degree_mean,37.42853372046984,37.4285325206666,-3.20558439526018e-06,6.4111687601459835e-06,5
MCNS,missed_synapses,5.0,degree_distribution,metric_out_degree_mean,37.42853372046984,37.4285325206666,-3.20558439526018e-06,6.4111687601459835e-06,5
MCNS,missed_synapses,5.0,degree_distribution,metric_total_degree_std,125.87163733424268,125.87163676913215,-4.4895779339468724e-07,8.979155958213407e-07,5
MCNS,missed_synapses,5.0,degree_distribution,metric_in_degree_max,6660.0,6660.0,0.0,0.0,5
MCNS,missed_synapses,5.0,degree_distribution,metric_out_degree_max,7570.0,7570.0,0.0,0.0,5
MCNS,missed_synapses,5.0,assortativity,metric_degree_assortativity,-0.0568881377134471,-0.056888138335133606,-1.0928227444542596e-06,2.1856455328192866e-06,5
MCNS,missed_synapses,5.0,connected_components,metric_wcc_count,875.0,875.0,0.0,0.0,5
MCNS,missed_synapses,5.0,connected_components,metric_wcc_max_size,165820.0,165820.0,0.0,0.0,5
MCNS,missed_synapses,5.0,connected_components,metric_scc_count,8859.0,8859.0,0.0,0.0,5
MCNS,missed_synapses,5.0,connected_components,metric_scc_max_size,157789.0,157789.0,0.0,0.0,5
MCNS,missed_synapses,5.0,reciprocity,metric_reciprocity,0.1567291661257227,0.1567291711498237,3.2055941599997923e-06,6.4111882987484724e-06,5
MCNS,missed_synapses,10.0,basic_structure,metric_node_count,166694.0,166694.0,0.0,0.0,5
MCNS,missed_synapses,10.0,basic_structure,metric_edge_count,6239112.0,6239098.4,-0.00021797973813625194,3.8733223489479185e-05,5
MCNS,missed_synapses,10.0,basic_structure,metric_total_synapses,89797169.0,80816190.2,-10.001405278155257,0.0029256405135104726,5
MCNS,missed_synapses,10.0,basic_structure,metric_weight_mean,14.392620135685977,12.953184101129926,-10.001209098731243,0.0029345086380256893,5
MCNS,missed_synapses,10.0,basic_structure,metric_weight_variance,414.009432483822,340.5681796993166,-17.739028877651293,0.002934150265141439,5
MCNS,missed_synapses,10.0,basic_structure,metric_weight_std,20.347221738699904,18.45448941561358,-9.302165904480193,0.0016175406003420753,5
MCNS,missed_synapses,10.0,basic_structure,metric_weight_max,2591.0,2493.2,-3.774604399845626,0.4403229856256785,5
MCNS,missed_synapses,10.0,basic_structure,metric_density,0.0002245357256781,0.00022453523623571997,-0.00021797973510270403,3.8733229561613943e-05,5
MCNS,missed_synapses,10.0,degree_distribution,metric_total_degree_mean,74.85706744093969,74.85690426770009,-0.00021797973815630077,3.87332234878773e-05,5
MCNS,missed_synapses,10.0,degree_distribution,metric_in_degree_mean,37.42853372046984,37.42845213385006,-0.00021797973809934885,3.8733223487563095e-05,5
MCNS,missed_synapses,10.0,degree_distribution,metric_out_degree_mean,37.42853372046984,37.42845213385006,-0.00021797973809934885,3.8733223487563095e-05,5
MCNS,missed_synapses,10.0,degree_distribution,metric_total_degree_std,125.87163733424268,125.87150588417066,-0.00010443184406139755,2.0630978668614045e-05,5
MCNS,missed_synapses,10.0,degree_distribution,metric_in_degree_max,6660.0,6660.0,0.0,0.0,5
MCNS,missed_synapses,10.0,degree_distribution,metric_out_degree_max,7570.0,7570.0,0.0,0.0,5
MCNS,missed_synapses,10.0,assortativity,metric_degree_assortativity,-0.0568881377134471,-0.05688805725333228,0.0001414356631360591,0.00010302158938139642,5
MCNS,missed_synapses,10.0,connected_components,metric_wcc_count,875.0,875.0,0.0,0.0,5
MCNS,missed_synapses,10.0,connected_components,metric_wcc_max_size,165820.0,165820.0,0.0,0.0,5
MCNS,missed_synapses,10.0,connected_components,metric_scc_count,8859.0,8859.0,0.0,0.0,5
MCNS,missed_synapses,10.0,connected_components,metric_scc_max_size,157789.0,157789.0,0.0,0.0,5
MCNS,missed_synapses,10.0,reciprocity,metric_reciprocity,0.1567291661257227,0.1567291872052302,1.344963928648914e-05,0.00013008534800413405,5
MCNS,missed_synapses,15.0,basic_structure,metric_node_count,166694.0,166694.0,0.0,0.0,5
MCNS,missed_synapses,15.0,basic_structure,metric_edge_count,6239112.0,6239006.6,-0.0016893429706081975,0.00021565746140225287,5
MCNS,missed_synapses,15.0,basic_structure,metric_total_synapses,89797169.0,76326024.6,-15.001747326800476,0.0032453613145361927,5
MCNS,missed_synapses,15.0,basic_structure,metric_weight_mean,14.392620135685977,12.233682298241963,-15.000311389383555,0.0032703219022213468,5
MCNS,missed_synapses,15.0,basic_structure,metric_weight_variance,414.009432483822,306.57407206070263,-25.949978911970216,0.0067688830414886275,5
MCNS,missed_synapses,15.0,basic_structure,metric_weight_std,20.347221738699904,17.50925673523252,-13.947678164187138,0.00393302210895793,5
MCNS,missed_synapses,15.0,basic_structure,metric_weight_max,2591.0,2441.2,-5.781551524507919,0.13678151406151562,5
MCNS,missed_synapses,15.0,basic_structure,metric_density,0.0002245357256781,0.00022453193249964,-0.0016893429535857457,0.0002156574595812364,5
MCNS,missed_synapses,15.0,degree_distribution,metric_total_degree_mean,74.85706744093969,74.85580284833289,-0.0016893429705879348,0.00021565746140405698,5
MCNS,missed_synapses,15.0,degree_distribution,metric_in_degree_mean,37.42853372046984,37.42790142416644,-0.001689342970568951,0.0002156574613985262,5
MCNS,missed_synapses,15.0,degree_distribution,metric_out_degree_mean,37.42853372046984,37.42790142416644,-0.001689342970568951,0.0002156574613985262,5
MCNS,missed_synapses,15.0,degree_distribution,metric_total_degree_std,125.87163733424268,125.87038535896404,-0.00099464446888071,0.00023825306487341657,5
MCNS,missed_synapses,15.0,degree_distribution,metric_in_degree_max,6660.0,6660.0,0.0,0.0,5
MCNS,missed_synapses,15.0,degree_distribution,metric_out_degree_max,7570.0,7570.0,0.0,0.0,5
MCNS,missed_synapses,15.0,assortativity,metric_degree_assortativity,-0.0568881377134471,-0.05688775990340268,0.0006641279880163426,0.0006567581284594113,5
MCNS,missed_synapses,15.0,connected_components,metric_wcc_count,875.0,875.0,0.0,0.0,5
MCNS,missed_synapses,15.0,connected_components,metric_wcc_max_size,165820.0,165820.0,0.0,0.0,5
MCNS,missed_synapses,15.0,connected_components,metric_scc_count,8859.0,8859.0,0.0,0.0,5
MCNS,missed_synapses,15.0,connected_components,metric_scc_max_size,157789.0,157789.0,0.0,0.0,5
MCNS,missed_synapses,15.0,reciprocity,metric_reciprocity,0.1567291661257227,0.15672860822259077,-0.0003559663754574899,0.00044120478964943633,5
MCNS,missed_synapses,20.0,basic_structure,metric_node_count,166694.0,166694.0,0.0,0.0,5
MCNS,missed_synapses,20.0,basic_structure,metric_edge_count,6239112.0,6238651.2,-0.007385666421757035,0.00011664099249162542,5
MCNS,missed_synapses,20.0,basic_structure,metric_total_synapses,89797169.0,71836049.2,-20.001877564759305,0.003349637905516476,5
MCNS,missed_synapses,20.0,basic_structure,metric_weight_mean,14.392620135685977,11.514676313139848,-19.99596873546584,0.0033106244248698696,5
MCNS,missed_synapses,20.0,basic_structure,metric_weight_variance,414.009432483822,274.32036412497337,-33.74055212239813,0.022258783661494568,5
MCNS,missed_synapses,20.0,basic_structure,metric_weight_std,20.347221738699904,16.56261924892853,-18.60009458968619,0.013673044711418749,5
MCNS,missed_synapses,20.0,basic_structure,metric_weight_max,2591.0,2386.8,-7.881126978000765,0.5186129535234527,5
MCNS,missed_synapses,20.0,basic_structure,metric_density,0.0002245357256781,0.00022451914221842,-0.007385666414525903,0.00011664099127118392,5
MCNS,missed_synapses,20.0,degree_distribution,metric_total_degree_mean,74.85706744093969,74.85153874764539,-0.007385666421753481,0.00011664099248887129,5
MCNS,missed_synapses,20.0,degree_distribution,metric_in_degree_mean,37.42853372046984,37.425769373822696,-0.007385666421734498,0.0001166409924888713,5
MCNS,missed_synapses,20.0,degree_distribution,metric_out_degree_mean,37.42853372046984,37.425769373822696,-0.007385666421734498,0.0001166409924888713,5
MCNS,missed_synapses,20.0,degree_distribution,metric_total_degree_std,125.87163733424268,125.8655268913069,-0.004854503417280984,0.000304540205194881,5
MCNS,missed_synapses,20.0,degree_distribution,metric_in_degree_max,6660.0,6659.8,-0.0030030030030002717,0.006006006006006005,5
MCNS,missed_synapses,20.0,degree_distribution,metric_out_degree_max,7570.0,7570.0,0.0,0.0,5
MCNS,missed_synapses,20.0,assortativity,metric_degree_assortativity,-0.0568881377134471,-0.05688758931866154,0.000963987937737981,0.0019289193575627442,5
MCNS,missed_synapses,20.0,connected_components,metric_wcc_count,875.0,875.0,0.0,0.0,5
MCNS,missed_synapses,20.0,connected_components,metric_wcc_max_size,165820.0,165820.0,0.0,0.0,5
MCNS,missed_synapses,20.0,connected_components,metric_scc_count,8859.0,8859.6,0.00677277345073218,0.009030364600970764,5
MCNS,missed_synapses,20.0,connected_components,metric_scc_max_size,157789.0,157788.4,-0.0003802546438635271,0.0005070061918131176,5
MCNS,missed_synapses,20.0,reciprocity,metric_reciprocity,0.1567291661257227,0.15672291808848435,-0.003986518522885252,0.001767889336845774,5
MCNS,split_errors,0.5,basic_structure,metric_node_count,166694.0,167470.0,0.4655236541207242,0.00037941109580049424,5
MCNS,split_errors,0.5,basic_structure,metric_edge_count,6239112.0,6239112.0,0.0,0.0,5
MCNS,split_errors,0.5,basic_structure,metric_total_synapses,89797169.0,89797169.0,0.0,0.0,5
MCNS,split_errors,0.5,basic_structure,metric_weight_mean,14.392620135685977,14.392620135685977,0.0,1.2342136613442874e-14,5
MCNS,split_errors,0.5,basic_structure,metric_weight_variance,414.009432483822,414.009432483822,0.0,0.0,5
MCNS,split_errors,0.5,basic_structure,metric_weight_std,20.347221738699904,20.347221738699904,0.0,0.0,5
MCNS,split_errors,0.5,basic_structure,metric_weight_max,2591.0,2591.0,0.0,0.0,5
MCNS,split_errors,0.5,basic_structure,metric_density,0.0002245357256781,0.00022245969348351998,-0.9245888102262562,0.0007483248201712653,5
MCNS,split_errors,0.5,degree_distribution,metric_total_degree_mean,74.85706744093969,74.51020481386497,-0.4633665716979622,0.00037590311371406526,5
MCNS,split_errors,0.5,degree_distribution,metric_in_degree_mean,37.42853372046984,37.25510240693249,-0.46336657169794326,0.0003759031137140653,5
MCNS,split_errors,0.5,degree_distribution,metric_out_degree_mean,37.42853372046984,37.25510240693249,-0.46336657169794326,0.0003759031137140653,5
MCNS,split_errors,0.5,degree_distribution,metric_total_degree_std,125.87163733424268,125.37203289569268,-0.39691581767807804,0.021821380219082715,5
MCNS,split_errors,0.5,degree_distribution,metric_in_degree_max,6660.0,6652.2,-0.11711711711711985,0.23423423423423423,5
MCNS,split_errors,0.5,degree_distribution,metric_out_degree_max,7570.0,7552.8,-0.22721268163804254,0.45442536327608984,5
MCNS,split_errors,0.5,assortativity,metric_degree_assortativity,-0.0568881377134471,-0.056654164672217545,0.4112861672640883,0.22438363652788862,5
MCNS,split_errors,0.5,connected_components,metric_wcc_count,875.0,875.0,0.0,0.0,5
MCNS,split_errors,0.5,connected_components,metric_wcc_max_size,165820.0,166596.0,0.467977324810035,0.0003814108865237462,5
MCNS,split_errors,0.5,connected_components,metric_scc_count,8859.0,8893.6,0.3905632689919896,0.09187036888757559,5
MCNS,split_errors,0.5,connected_components,metric_scc_max_size,157789.0,158529.8,0.4694877336189394,0.005428163713659091,5
MCNS,split_errors,0.5,reciprocity,metric_reciprocity,0.1567291661257227,0.1567291661257227,0.0,0.0,5
MCNS,split_errors,1.0,basic_structure,metric_node_count,166694.0,168242.6,0.929007642746593,0.0011126517445733742,5
MCNS,split_errors,1.0,basic_structure,metric_edge_count,6239112.0,6239112.0,0.0,0.0,5
MCNS,split_errors,1.0,basic_structure,metric_total_synapses,89797169.0,89797169.0,0.0,0.0,5
MCNS,split_errors,1.0,basic_structure,metric_weight_mean,14.392620135685977,14.392620135685977,0.0,1.2342136613442874e-14,5
MCNS,split_errors,1.0,basic_structure,metric_weight_variance,414.009432483822,414.009432483822,0.0,0.0,5
MCNS,split_errors,1.0,basic_structure,metric_weight_std,20.347221738699904,20.347221738699904,0.0,0.0,5
MCNS,split_errors,1.0,basic_structure,metric_weight_max,2591.0,2591.0,0.0,0.0,5
MCNS,split_errors,1.0,basic_structure,metric_density,0.0002245357256781,0.00022042122965314003,-1.8324460450710738,0.002164390098141967,5
MCNS,split_errors,1.0,degree_distribution,metric_total_degree_mean,74.85706744093969,74.16804068361088,-0.9204565191822787,0.001092251376021322,5
MCNS,split_errors,1.0,degree_distribution,metric_in_degree_mean,37.42853372046984,37.08402034180544,-0.9204565191822598,0.0010922513760213222,5
MCNS,split_errors,1.0,degree_distribution,metric_out_degree_mean,37.42853372046984,37.08402034180544,-0.9204565191822598,0.0010922513760213222,5
MCNS,split_errors,1.0,degree_distribution,metric_total_degree_std,125.87163733424268,124.56059321928903,-1.0415723055006159,0.6395686140876045,5
MCNS,split_errors,1.0,degree_distribution,metric_in_degree_max,6660.0,6621.0,-0.5855855855855856,0.0,5
MCNS,split_errors,1.0,degree_distribution,metric_out_degree_max,7570.0,7484.0,-1.1360634081902246,0.0,5
MCNS,split_errors,1.0,assortativity,metric_degree_assortativity,-0.0568881377134471,-0.058004499492876914,-1.9623806021794459,4.308298926399663,5
MCNS,split_errors,1.0,connected_components,metric_wcc_count,875.0,875.0,0.0,0.0,5
MCNS,split_errors,1.0,connected_components,metric_wcc_max_size,165820.0,167368.6,0.9339042335062151,0.0011185162821729228,5
MCNS,split_errors,1.0,connected_components,metric_scc_count,8859.0,8923.2,0.724686759227912,0.07535080378498088,5
MCNS,split_errors,1.0,connected_components,metric_scc_max_size,157789.0,159272.4,0.9401162311694695,0.0029617581569178902,5
MCNS,split_errors,1.0,reciprocity,metric_reciprocity,0.1567291661257227,0.1567291661257227,0.0,0.0,5
MCNS,split_errors,2.0,basic_structure,metric_node_count,166694.0,169777.4,1.8497366431905131,0.003320660012501481,5
MCNS,split_errors,2.0,basic_structure,metric_edge_count,6239112.0,6239111.6,-6.4111687748597725e-06,7.852046069322616e-06,5
MCNS,split_errors,2.0,basic_structure,metric_total_synapses,89797169.0,89797166.6,-2.672690055474315e-06,3.348278469307402e-06,5
MCNS,split_errors,2.0,basic_structure,metric_weight_mean,14.392620135685977,14.392620673751102,3.7384793027763713e-06,4.6325373381327045e-06,5
MCNS,split_errors,2.0,basic_structure,metric_weight_variance,414.009432483822,414.009454446781,5.304941682601511e-06,6.5101856552686815e-06,5
MCNS,split_errors,2.0,basic_structure,metric_weight_std,20.347221738699904,20.34722227840401,2.6524707604506336e-06,3.255092719980139e-06,5
MCNS,split_errors,2.0,basic_structure,metric_weight_max,2591.0,2591.0,0.0,0.0,5
MCNS,split_errors,2.0,basic_structure,metric_density,0.0002245357256781,0.00021645397044057997,-3.599318198969481,0.006287390680624253,5
MCNS,split_errors,2.0,degree_distribution,metric_total_degree_mean,74.85706744093969,73.49755157794615,-1.8161489749330029,0.0032024455803856483,5
MCNS,split_errors,2.0,degree_distribution,metric_in_degree_mean,37.42853372046984,36.74877578897308,-1.816148974932984,0.0032024455803859116,5
MCNS,split_errors,2.0,degree_distribution,metric_out_degree_mean,37.42853372046984,36.74877578897308,-1.816148974932984,0.0032024455803859116,5
MCNS,split_errors,2.0,degree_distribution,metric_total_degree_std,125.87163733424268,124.09102636926642,-1.4146244560623162,0.13498111189853182,5
MCNS,split_errors,2.0,degree_distribution,metric_in_degree_max,6660.0,6621.0,-0.5855855855855856,0.0,5
MCNS,split_errors,2.0,degree_distribution,metric_out_degree_max,7570.0,7484.0,-1.1360634081902246,0.0,5
MCNS,split_errors,2.0,assortativity,metric_degree_assortativity,-0.0568881377134471,-0.05635347535535088,0.9398485863421667,0.2623329447105626,5
MCNS,split_errors,2.0,connected_components,metric_wcc_count,875.0,875.0,0.0,0.0,5
MCNS,split_errors,2.0,connected_components,metric_wcc_max_size,165820.0,168903.4,1.859486189844406,0.003338162466071173,5
MCNS,split_errors,2.0,connected_components,metric_scc_count,8859.0,8995.0,1.5351619821650297,0.1175249132843018,5
MCNS,split_errors,2.0,connected_components,metric_scc_max_size,157789.0,160734.2,1.8665432951599996,0.006393104823742336,5
MCNS,split_errors,2.0,reciprocity,metric_reciprocity,0.1567291661257227,0.1567291661257227,0.0,0.0,5
MCNS,split_errors,3.0,basic_structure,metric_node_count,166694.0,171287.0,2.755348122907843,0.006690987554968356,5
MCNS,split_errors,3.0,basic_structure,metric_edge_count,6239112.0,6239111.4,-9.616753147362493e-06,1.2822337537777814e-05,5
MCNS,split_errors,3.0,basic_structure,metric_total_synapses,89797169.0,89797164.2,-5.345380094354386e-06,7.433784140022782e-06,5
MCNS,split_errors,3.0,basic_structure,metric_weight_mean,14.392620135685977,14.392620750448634,4.271374155541507e-06,5.455258441542142e-06,5
MCNS,split_errors,3.0,basic_structure,metric_weight_variance,414.009432483822,414.0094683040409,8.652029660966049e-06,1.1666739185007347e-05,5
MCNS,split_errors,3.0,basic_structure,metric_weight_std,20.347221738699904,20.34722261892368,4.326014567677198e-06,5.833369193652758e-06,5
MCNS,split_errors,3.0,basic_structure,metric_weight_max,2591.0,2591.0,0.0,0.0,5
MCNS,split_errors,3.0,basic_structure,metric_density,0.0002245357256781,0.00021265542927072,-5.291049507378569,0.012340551358945533,5
MCNS,split_errors,3.0,degree_distribution,metric_total_degree_mean,74.85706744093969,72.84979509803946,-2.681473388580055,0.006342906428003982,5
MCNS,split_errors,3.0,degree_distribution,metric_in_degree_mean,37.42853372046984,36.42489754901973,-2.6814733885800366,0.006342906427997175,5
MCNS,split_errors,3.0,degree_distribution,metric_out_degree_mean,37.42853372046984,36.42489754901973,-2.6814733885800366,0.006342906427997175,5
MCNS,split_errors,3.0,degree_distribution,metric_total_degree_std,125.87163733424268,123.4384269131679,-1.933088718480374,0.1181372575019365,5
MCNS,split_errors,3.0,degree_distribution,metric_in_degree_max,6660.0,6621.0,-0.5855855855855856,0.0,5
MCNS,split_errors,3.0,degree_distribution,metric_out_degree_max,7570.0,7484.0,-1.1360634081902246,0.0,5
MCNS,split_errors,3.0,assortativity,metric_degree_assortativity,-0.0568881377134471,-0.056120793903036904,1.348864352486636,0.18857315883194417,5
MCNS,split_errors,3.0,connected_components,metric_wcc_count,875.0,875.0,0.0,0.0,5
MCNS,split_errors,3.0,connected_components,metric_wcc_max_size,165820.0,170413.0,2.76987094439754,0.006726254248509799,5
MCNS,split_errors,3.0,connected_components,metric_scc_count,8859.0,9057.2,2.2372728298905153,0.07294500246711147,5
MCNS,split_errors,3.0,connected_components,metric_scc_max_size,157789.0,162181.8,2.783970999245821,0.009317747599383534,5
MCNS,split_errors,3.0,reciprocity,metric_reciprocity,0.1567291661257227,0.1567291661257227,0.0,0.0,5
MCNS,split_errors,5.0,basic_structure,metric_node_count,166694.0,174292.0,4.55805247939338,0.006427631581690462,5
MCNS,split_errors,5.0,basic_structure,metric_edge_count,6239112.0,6239111.4,-9.616753147362493e-06,1.2822337537777814e-05,5
MCNS,split_errors,5.0,basic_structure,metric_total_synapses,89797169.0,89797164.2,-5.345380094354386e-06,7.433784140022782e-06,5
MCNS,split_errors,5.0,basic_structure,metric_weight_mean,14.392620135685977,14.392620750448634,4.271374155541507e-06,5.455258441542142e-06,5
MCNS,split_errors,5.0,basic_structure,metric_weight_variance,414.009432483822,414.0094683040409,8.652029660966049e-06,1.1666739185007347e-05,5
MCNS,split_errors,5.0,basic_structure,metric_weight_std,20.347221738699904,20.34722261892368,4.326014567677198e-06,5.833369193652758e-06,5
MCNS,split_errors,5.0,basic_structure,metric_weight_max,2591.0,2591.0,0.0,0.0,5
MCNS,split_errors,5.0,basic_structure,metric_density,0.0002245357256781,0.00020538576021828002,-8.528694220924939,0.011241662609259908,5
MCNS,split_errors,5.0,degree_distribution,metric_total_degree_mean,74.85706744093969,71.59377852753067,-4.359359810593255,0.0058749723899281705,5
MCNS,split_errors,5.0,degree_distribution,metric_in_degree_mean,37.42853372046984,35.79688926376534,-4.359359810593237,0.005874972389928172,5
MCNS,split_errors,5.0,degree_distribution,metric_out_degree_mean,37.42853372046984,35.79688926376534,-4.359359810593237,0.005874972389928172,5
MCNS,split_errors,5.0,degree_distribution,metric_total_degree_std,125.87163733424268,121.86932969727306,-3.1796739295142333,0.16823385999353585,5
MCNS,split_errors,5.0,degree_distribution,metric_in_degree_max,6660.0,6621.0,-0.5855855855855856,0.0,5
MCNS,split_errors,5.0,degree_distribution,metric_out_degree_max,7570.0,7484.0,-1.1360634081902246,0.0,5
MCNS,split_errors,5.0,assortativity,metric_degree_assortativity,-0.0568881377134471,-0.05555803879605496,2.338095376037824,0.2871109083046512,5
MCNS,split_errors,5.0,connected_components,metric_wcc_count,875.0,875.0,0.0,0.0,5
MCNS,split_errors,5.0,connected_components,metric_wcc_max_size,165820.0,173418.0,4.5820769509106265,0.006461510185009708,5
MCNS,split_errors,5.0,connected_components,metric_scc_count,8859.0,9179.2,3.6144034315385563,0.14051578119061234,5
MCNS,split_errors,5.0,connected_components,metric_scc_max_size,157789.0,165063.0,4.609953799060771,0.013988685813405389,5
MCNS,split_errors,5.0,reciprocity,metric_reciprocity,0.1567291661257227,0.1567291661257227,0.0,0.0,5
MCNS,split_errors,7.5,basic_structure,metric_node_count,166694.0,178002.2,6.783807455577293,0.009593925541029098,5
MCNS,split_errors,7.5,basic_structure,metric_edge_count,6239112.0,6239110.8,-1.9233506309652153e-05,1.5704092138645232e-05,5
MCNS,split_errors,7.5,basic_structure,metric_total_synapses,89797169.0,89797158.2,-1.202710521644593e-05,9.995328771363329e-06,5
MCNS,split_errors,7.5,basic_structure,metric_weight_mean,14.392620135685977,14.392621172876241,7.206403382867531e-06,6.172027712771687e-06,5
MCNS,split_errors,7.5,basic_structure,metric_weight_variance,414.009432483822,414.0095054293038,1.7619280147744245e-05,1.439044311820936e-05,5
MCNS,split_errors,7.5,basic_structure,metric_weight_std,20.347221738699904,20.347223531216777,8.809639447249135e-06,7.1952210338880985e-06,5
MCNS,split_errors,7.5,basic_structure,metric_weight_max,2591.0,2591.0,0.0,0.0,5
MCNS,split_errors,7.5,basic_structure,metric_density,0.0002245357256781,0.00019691300904789997,-12.30214770802249,0.015746900679991287,5
MCNS,split_errors,7.5,degree_distribution,metric_total_degree_mean,74.85706744093969,70.10150268138722,-6.352860086730608,0.008402687450781918,5
MCNS,split_errors,7.5,degree_distribution,metric_in_degree_mean,37.42853372046984,35.05075134069361,-6.3528600867305896,0.00840268745078192,5
MCNS,split_errors,7.5,degree_distribution,metric_out_degree_mean,37.42853372046984,35.05075134069361,-6.3528600867305896,0.00840268745078192,5
MCNS,split_errors,7.5,degree_distribution,metric_total_degree_std,125.87163733424268,120.15003410828263,-4.545585762713776,0.1858036121425271,5
MCNS,split_errors,7.5,degree_distribution,metric_in_degree_max,6660.0,6621.0,-0.5855855855855856,0.0,5
MCNS,split_errors,7.5,degree_distribution,metric_out_degree_max,7570.0,7484.0,-1.1360634081902246,0.0,5
MCNS,split_errors,7.5,assortativity,metric_degree_assortativity,-0.0568881377134471,-0.05489878615722069,3.4969532070939398,0.4205497400691963,5
MCNS,split_errors,7.5,connected_components,metric_wcc_count,875.0,875.0,0.0,0.0,5
MCNS,split_errors,7.5,connected_components,metric_wcc_max_size,165820.0,177128.2,6.819563381980467,0.009644492969100858,5
MCNS,split_errors,7.5,connected_components,metric_scc_count,8859.0,9337.0,5.395642849080032,0.13787950319090164,5
MCNS,split_errors,7.5,connected_components,metric_scc_max_size,157789.0,168613.4,6.860047278327383,0.008574252717382207,5
MCNS,split_errors,7.5,reciprocity,metric_reciprocity,0.1567291661257227,0.1567291661257227,0.0,0.0,5
MCNS,split_errors,10.0,basic_structure,metric_node_count,166694.0,181656.2,8.975847960934413,0.008779084132567084,5
MCNS,split_errors,10.0,basic_structure,metric_edge_count,6239112.0,6239110.2,-2.8850259457014646e-05,1.1994198490983785e-05,5
MCNS,split_errors,10.0,basic_structure,metric_total_synapses,89797169.0,89797155.0,-1.5590691951546935e-05,7.90592378220692e-06,5
MCNS,split_errors,10.0,basic_structure,metric_weight_mean,14.392620135685977,14.392622044085794,1.325957191150625e-05,5.917246267072294e-06,5
MCNS,split_errors,10.0,basic_structure,metric_weight_variance,414.009432483822,414.0095373296737,2.5324507962481583e-05,1.0980702756438942e-05,5
MCNS,split_errors,10.0,basic_structure,metric_weight_std,20.347221738699904,20.347224315116602,1.2662253013459237e-05,5.490350674485584e-06,5
MCNS,split_errors,10.0,basic_structure,metric_weight_max,2591.0,2591.0,0.0,0.0,5
MCNS,split_errors,10.0,basic_structure,metric_density,0.0002245357256781,0.00018907086258357998,-15.794752922910513,0.013564526251169334,5
MCNS,split_errors,10.0,degree_distribution,metric_total_degree_mean,74.85706744093969,68.69140982216356,-8.236573819353357,0.007388308778348115,5
MCNS,split_errors,10.0,degree_distribution,metric_in_degree_mean,37.42853372046984,34.34570491108178,-8.236573819353337,0.0073883087783481165,5
MCNS,split_errors,10.0,degree_distribution,metric_out_degree_mean,37.42853372046984,34.34570491108178,-8.236573819353337,0.0073883087783481165,5
MCNS,split_errors,10.0,degree_distribution,metric_total_degree_std,125.87163733424268,118.49563685564735,-5.859938453814592,0.23144689607352215,5
MCNS,split_errors,10.0,degree_distribution,metric_in_degree_max,6660.0,6621.0,-0.5855855855855856,0.0,5
MCNS,split_errors,10.0,degree_distribution,metric_out_degree_max,7570.0,7484.0,-1.1360634081902246,0.0,5
MCNS,split_errors,10.0,assortativity,metric_degree_assortativity,-0.0568881377134471,-0.054243387961746325,4.649035559966331,0.4948502511003722,5
MCNS,split_errors,10.0,connected_components,metric_wcc_count,875.0,875.0,0.0,0.0,5
MCNS,split_errors,10.0,connected_components,metric_wcc_max_size,165820.0,180782.2,9.023157640815349,0.008825356714474352,5
MCNS,split_errors,10.0,connected_components,metric_scc_count,8859.0,9492.2,7.147533581668368,0.1353425423846652,5
MCNS,split_errors,10.0,connected_components,metric_scc_max_size,157789.0,172112.2,9.077438858222063,0.009673061634633044,5
MCNS,split_errors,10.0,reciprocity,metric_reciprocity,0.1567291661257227,0.1567291661257227,0.0,0.0,5
MCNS,split_errors,15.0,basic_structure,metric_node_count,166694.0,188779.8,13.249307113633357,0.012642988827259042,5
MCNS,split_errors,15.0,basic_structure,metric_edge_count,6239112.0,6239109.4,-4.167259699180702e-05,1.634533732875058e-05,5
MCNS,split_errors,15.0,basic_structure,metric_total_synapses,89797169.0,89797148.8,-2.249514124769371e-05,8.723284373281807e-06,5
MCNS,split_errors,15.0,basic_structure,metric_weight_mean,14.392620135685977,14.392622895825687,1.917746514295298e-05,9.51439149361583e-06,5
MCNS,split_errors,15.0,basic_structure,metric_weight_variance,414.009432483822,414.00958306666655,3.6371839072037235e-05,1.411796427331658e-05,5
MCNS,split_errors,15.0,basic_structure,metric_weight_std,20.347221738699904,20.347225439028886,1.8185917612794874e-05,7.058980990363384e-06,5
MCNS,split_errors,15.0,basic_structure,metric_weight_max,2591.0,2591.0,0.0,0.0,5
MCNS,split_errors,15.0,basic_structure,metric_density,0.0002245357256781,0.00017507086371032,-22.029840382146613,0.017404761543136346,5
MCNS,split_errors,15.0,degree_distribution,metric_total_degree_mean,74.85706744093969,66.09933348518685,-11.69927470463957,0.009854527451370599,5
MCNS,split_errors,15.0,degree_distribution,metric_in_degree_mean,37.42853372046984,33.04966674259342,-11.699274704639553,0.009854527451370599,5
MCNS,split_errors,15.0,degree_distribution,metric_out_degree_mean,37.42853372046984,33.04966674259342,-11.699274704639553,0.009854527451370599,5
MCNS,split_errors,15.0,degree_distribution,metric_total_degree_std,125.87163733424268,115.01264189098274,-8.627039159286294,0.4177796623931328,5
MCNS,split_errors,15.0,degree_distribution,metric_in_degree_max,6660.0,6621.0,-0.5855855855855856,0.0,5
MCNS,split_errors,15.0,degree_distribution,metric_out_degree_max,7570.0,7484.0,-1.1360634081902246,0.0,5
MCNS,split_errors,15.0,assortativity,metric_degree_assortativity,-0.0568881377134471,-0.05277566121410778,7.229058050826681,0.8758619649541454,5
MCNS,split_errors,15.0,connected_components,metric_wcc_count,875.0,875.0,0.0,0.0,5
MCNS,split_errors,15.0,connected_components,metric_wcc_max_size,165820.0,187905.8,13.319141237486424,0.012709627183518988,5
MCNS,split_errors,15.0,connected_components,metric_scc_count,8859.0,9810.2,10.737103510554247,0.20510560386018972,5
MCNS,split_errors,15.0,connected_components,metric_scc_max_size,157789.0,178914.6,13.388512507208997,0.01826102297468341,5
MCNS,split_errors,15.0,reciprocity,metric_reciprocity,0.1567291661257227,0.1567291661257227,0.0,0.0,5
MCNS,split_errors,20.0,basic_structure,metric_node_count,166694.0,195672.0,17.383949032358693,0.03034814465476548,5
MCNS,split_errors,20.0,basic_structure,metric_edge_count,6239112.0,6239108.4,-5.770051891402929e-05,2.174133108405577e-05,5
MCNS,split_errors,20.0,basic_structure,metric_total_synapses,89797169.0,89797142.4,-2.962231470130148e-05,1.1060223083812486e-05,5
MCNS,split_errors,20.0,basic_structure,metric_weight_mean,14.392620135685977,14.392624176877934,2.8078222859863747e-05,1.1689796027676485e-05,5
MCNS,split_errors,20.0,basic_structure,metric_weight_variance,414.009432483822,414.00963888996193,4.985541963894683e-05,1.8773762618402413e-05,5
MCNS,split_errors,20.0,basic_structure,metric_weight_std,20.347221738699904,20.34722681079558,2.4927706298945566e-05,9.386878701177734e-06,5
MCNS,split_errors,20.0,basic_structure,metric_weight_max,2591.0,2591.0,0.0,0.0,5
MCNS,split_errors,20.0,basic_structure,metric_density,0.0002245357256781,0.00016295491715584,-27.425839846325296,0.03754045153640638,5
MCNS,split_errors,20.0,degree_distribution,metric_total_degree_mean,74.85706744093969,63.77109466123653,-14.809520541864273,0.022037857007087533,5
MCNS,split_errors,20.0,degree_distribution,metric_in_degree_mean,37.42853372046984,31.885547330618266,-14.809520541864257,0.022037857007087536,5
MCNS,split_errors,20.0,degree_distribution,metric_out_degree_mean,37.42853372046984,31.885547330618266,-14.809520541864257,0.022037857007087536,5
MCNS,split_errors,20.0,degree_distribution,metric_total_degree_std,125.87163733424268,111.0500656462481,-11.775148080927085,1.0117989121574165,5
MCNS,split_errors,20.0,degree_distribution,metric_in_degree_max,6660.0,6621.0,-0.5855855855855856,0.0,5
MCNS,split_errors,20.0,degree_distribution,metric_out_degree_max,7570.0,7484.0,-1.1360634081902246,0.0,5
MCNS,split_errors,20.0,assortativity,metric_degree_assortativity,-0.0568881377134471,-0.054039787811873394,5.006931174160088,4.617457363252848,5
MCNS,split_errors,20.0,connected_components,metric_wcc_count,875.0,875.0,0.0,0.0,5
MCNS,split_errors,20.0,connected_components,metric_wcc_max_size,165820.0,194798.0,17.475575925702568,0.030508102913288367,5
MCNS,split_errors,20.0,connected_components,metric_scc_count,8859.0,10096.8,13.972231628852006,0.26292942068478464,5
MCNS,split_errors,20.0,connected_components,metric_scc_max_size,157789.0,185513.8,17.57080658347539,0.040006933046781185,5
MCNS,split_errors,20.0,reciprocity,metric_reciprocity,0.1567291661257227,0.1567291661257227,0.0,0.0,5
MCNS,synapse_count_measurement,0.5,basic_structure,metric_node_count,166694.0,166694.0,0.0,0.0,5
MCNS,synapse_count_measurement,0.5,basic_structure,metric_edge_count,6239112.0,6239112.0,0.0,0.0,5
MCNS,synapse_count_measurement,0.5,basic_structure,metric_total_synapses,89797169.0,89797116.6,-5.835373273957052e-05,0.00042741957989627315,5
MCNS,synapse_count_measurement,0.5,basic_structure,metric_weight_mean,14.392620135685977,14.392611737054889,-5.8353732740744696e-05,0.0004274195798937709,5
MCNS,synapse_count_measurement,0.5,basic_structure,metric_weight_variance,414.009432483822,414.02168492015255,0.002959458256064298,0.009196559205084446,5
MCNS,synapse_count_measurement,0.5,basic_structure,metric_weight_std,20.347221738699904,20.347522798727972,0.0014796124597962676,0.004598303102821106,5
MCNS,synapse_count_measurement,0.5,basic_structure,metric_weight_max,2591.0,2592.6,0.061752219220374716,0.5106240187893857,5
MCNS,synapse_count_measurement,0.5,basic_structure,metric_density,0.0002245357256781,0.0002245357256781,0.0,0.0,5
MCNS,synapse_count_measurement,0.5,degree_distribution,metric_total_degree_mean,74.85706744093969,74.85706744093969,0.0,0.0,5
MCNS,synapse_count_measurement,0.5,degree_distribution,metric_in_degree_mean,37.42853372046984,37.42853372046984,0.0,0.0,5
MCNS,synapse_count_measurement,0.5,degree_distribution,metric_out_degree_mean,37.42853372046984,37.42853372046984,0.0,0.0,5
MCNS,synapse_count_measurement,0.5,degree_distribution,metric_total_degree_std,125.87163733424268,125.87163733424268,0.0,0.0,5
MCNS,synapse_count_measurement,0.5,degree_distribution,metric_in_degree_max,6660.0,6660.0,0.0,0.0,5
MCNS,synapse_count_measurement,0.5,degree_distribution,metric_out_degree_max,7570.0,7570.0,0.0,0.0,5
MCNS,synapse_count_measurement,0.5,assortativity,metric_degree_assortativity,-0.0568881377134471,-0.0568881377134471,0.0,0.0,5
MCNS,synapse_count_measurement,0.5,connected_components,metric_wcc_count,875.0,875.0,0.0,0.0,5
MCNS,synapse_count_measurement,0.5,connected_components,metric_wcc_max_size,165820.0,165820.0,0.0,0.0,5
MCNS,synapse_count_measurement,0.5,connected_components,metric_scc_count,8859.0,8859.0,0.0,0.0,5
MCNS,synapse_count_measurement,0.5,connected_components,metric_scc_max_size,157789.0,157789.0,0.0,0.0,5
MCNS,synapse_count_measurement,0.5,reciprocity,metric_reciprocity,0.1567291661257227,0.1567291661257227,0.0,0.0,5
MCNS,synapse_count_measurement,1.0,basic_structure,metric_node_count,166694.0,166694.0,0.0,0.0,5
MCNS,synapse_count_measurement,1.0,basic_structure,metric_edge_count,6239112.0,6239112.0,0.0,0.0,5
MCNS,synapse_count_measurement,1.0,basic_structure,metric_total_synapses,89797169.0,89797182.6,1.5145243603436468e-05,0.0006576613705174683,5
MCNS,synapse_count_measurement,1.0,basic_structure,metric_weight_mean,14.392620135685977,14.392622315483356,1.5145243593541365e-05,0.0006576613705163779,5
MCNS,synapse_count_measurement,1.0,basic_structure,metric_weight_variance,414.009432483822,414.0776136712735,0.016468510642970644,0.017336071154130713,5
MCNS,synapse_count_measurement,1.0,basic_structure,metric_weight_std,20.347221738699904,20.348897035488044,0.008233540724398351,0.00866765418900101,5
MCNS,synapse_count_measurement,1.0,basic_structure,metric_weight_max,2591.0,2594.0,0.11578541103820918,1.0249170994025285,5
MCNS,synapse_count_measurement,1.0,basic_structure,metric_density,0.0002245357256781,0.0002245357256781,0.0,0.0,5
MCNS,synapse_count_measurement,1.0,degree_distribution,metric_total_degree_mean,74.85706744093969,74.85706744093969,0.0,0.0,5
MCNS,synapse_count_measurement,1.0,degree_distribution,metric_in_degree_mean,37.42853372046984,37.42853372046984,0.0,0.0,5
MCNS,synapse_count_measurement,1.0,degree_distribution,metric_out_degree_mean,37.42853372046984,37.42853372046984,0.0,0.0,5
MCNS,synapse_count_measurement,1.0,degree_distribution,metric_total_degree_std,125.87163733424268,125.87163733424268,0.0,0.0,5
MCNS,synapse_count_measurement,1.0,degree_distribution,metric_in_degree_max,6660.0,6660.0,0.0,0.0,5
MCNS,synapse_count_measurement,1.0,degree_distribution,metric_out_degree_max,7570.0,7570.0,0.0,0.0,5
MCNS,synapse_count_measurement,1.0,assortativity,metric_degree_assortativity,-0.0568881377134471,-0.0568881377134471,0.0,0.0,5
MCNS,synapse_count_measurement,1.0,connected_components,metric_wcc_count,875.0,875.0,0.0,0.0,5
MCNS,synapse_count_measurement,1.0,connected_components,metric_wcc_max_size,165820.0,165820.0,0.0,0.0,5
MCNS,synapse_count_measurement,1.0,connected_components,metric_scc_count,8859.0,8859.0,0.0,0.0,5
MCNS,synapse_count_measurement,1.0,connected_components,metric_scc_max_size,157789.0,157789.0,0.0,0.0,5
MCNS,synapse_count_measurement,1.0,reciprocity,metric_reciprocity,0.1567291661257227,0.1567291661257227,0.0,0.0,5
MCNS,synapse_count_measurement,2.0,basic_structure,metric_node_count,166694.0,166694.0,0.0,0.0,5
MCNS,synapse_count_measurement,2.0,basic_structure,metric_edge_count,6239112.0,6239112.0,0.0,0.0,5
MCNS,synapse_count_measurement,2.0,basic_structure,metric_total_synapses,89797169.0,89797327.2,0.00017617481905579923,0.0006654029136915588,5
MCNS,synapse_count_measurement,2.0,basic_structure,metric_weight_mean,14.392620135685977,14.392645491858456,0.00017617481903894447,0.0006654029136892491,5
MCNS,synapse_count_measurement,2.0,basic_structure,metric_weight_variance,414.009432483822,414.2720742049122,0.06343858387826452,0.033251008826059046,5
MCNS,synapse_count_measurement,2.0,basic_structure,metric_weight_std,20.347221738699904,20.353674429130795,0.03171288205218568,0.016621386906189587,5
MCNS,synapse_count_measurement,2.0,basic_structure,metric_weight_max,2591.0,2597.0,0.23157082207641835,2.048234866988215,5
MCNS,synapse_count_measurement,2.0,basic_structure,metric_density,0.0002245357256781,0.0002245357256781,0.0,0.0,5
MCNS,synapse_count_measurement,2.0,degree_distribution,metric_total_degree_mean,74.85706744093969,74.85706744093969,0.0,0.0,5
MCNS,synapse_count_measurement,2.0,degree_distribution,metric_in_degree_mean,37.42853372046984,37.42853372046984,0.0,0.0,5
MCNS,synapse_count_measurement,2.0,degree_distribution,metric_out_degree_mean,37.42853372046984,37.42853372046984,0.0,0.0,5
MCNS,synapse_count_measurement,2.0,degree_distribution,metric_total_degree_std,125.87163733424268,125.87163733424268,0.0,0.0,5
MCNS,synapse_count_measurement,2.0,degree_distribution,metric_in_degree_max,6660.0,6660.0,0.0,0.0,5
MCNS,synapse_count_measurement,2.0,degree_distribution,metric_out_degree_max,7570.0,7570.0,0.0,0.0,5
MCNS,synapse_count_measurement,2.0,assortativity,metric_degree_assortativity,-0.0568881377134471,-0.0568881377134471,0.0,0.0,5
MCNS,synapse_count_measurement,2.0,connected_components,metric_wcc_count,875.0,875.0,0.0,0.0,5
MCNS,synapse_count_measurement,2.0,connected_components,metric_wcc_max_size,165820.0,165820.0,0.0,0.0,5
MCNS,synapse_count_measurement,2.0,connected_components,metric_scc_count,8859.0,8859.0,0.0,0.0,5
MCNS,synapse_count_measurement,2.0,connected_components,metric_scc_max_size,157789.0,157789.0,0.0,0.0,5
MCNS,synapse_count_measurement,2.0,reciprocity,metric_reciprocity,0.1567291661257227,0.1567291661257227,0.0,0.0,5
MCNS,synapse_count_measurement,3.0,basic_structure,metric_node_count,166694.0,166694.0,0.0,0.0,5
MCNS,synapse_count_measurement,3.0,basic_structure,metric_edge_count,6239112.0,6239112.0,0.0,0.0,5
MCNS,synapse_count_measurement,3.0,basic_structure,metric_total_synapses,89797169.0,89797534.0,0.0004064716115939023,0.001585863036607335,5
MCNS,synapse_count_measurement,3.0,basic_structure,metric_weight_mean,14.392620135685977,14.392678637600994,0.0004064716116015866,0.001585863036607415,5
MCNS,synapse_count_measurement,3.0,basic_structure,metric_weight_variance,414.009432483822,414.60771057867106,0.14450832466779953,0.05138045550358805,5
MCNS,synapse_count_measurement,3.0,basic_structure,metric_weight_std,20.347221738699904,20.361917475727147,0.07222478437580278,0.02567434797321474,5
MCNS,synapse_count_measurement,3.0,basic_structure,metric_weight_max,2591.0,2600.2,0.3550752605171678,3.0769208998371202,5
MCNS,synapse_count_measurement,3.0,basic_structure,metric_density,0.0002245357256781,0.0002245357256781,0.0,0.0,5
MCNS,synapse_count_measurement,3.0,degree_distribution,metric_total_degree_mean,74.85706744093969,74.85706744093969,0.0,0.0,5
MCNS,synapse_count_measurement,3.0,degree_distribution,metric_in_degree_mean,37.42853372046984,37.42853372046984,0.0,0.0,5
MCNS,synapse_count_measurement,3.0,degree_distribution,metric_out_degree_mean,37.42853372046984,37.42853372046984,0.0,0.0,5
MCNS,synapse_count_measurement,3.0,degree_distribution,metric_total_degree_std,125.87163733424268,125.87163733424268,0.0,0.0,5
MCNS,synapse_count_measurement,3.0,degree_distribution,metric_in_degree_max,6660.0,6660.0,0.0,0.0,5
MCNS,synapse_count_measurement,3.0,degree_distribution,metric_out_degree_max,7570.0,7570.0,0.0,0.0,5
MCNS,synapse_count_measurement,3.0,assortativity,metric_degree_assortativity,-0.0568881377134471,-0.0568881377134471,0.0,0.0,5
MCNS,synapse_count_measurement,3.0,connected_components,metric_wcc_count,875.0,875.0,0.0,0.0,5
MCNS,synapse_count_measurement,3.0,connected_components,metric_wcc_max_size,165820.0,165820.0,0.0,0.0,5
MCNS,synapse_count_measurement,3.0,connected_components,metric_scc_count,8859.0,8859.0,0.0,0.0,5
MCNS,synapse_count_measurement,3.0,connected_components,metric_scc_max_size,157789.0,157789.0,0.0,0.0,5
MCNS,synapse_count_measurement,3.0,reciprocity,metric_reciprocity,0.1567291661257227,0.1567291661257227,0.0,0.0,5
MCNS,synapse_count_measurement,5.0,basic_structure,metric_node_count,166694.0,166694.0,0.0,0.0,5
MCNS,synapse_count_measurement,5.0,basic_structure,metric_edge_count,6239112.0,6239112.0,0.0,0.0,5
MCNS,synapse_count_measurement,5.0,basic_structure,metric_total_synapses,89797169.0,89797561.8,0.00043743027132294094,0.002527409513011053,5
MCNS,synapse_count_measurement,5.0,basic_structure,metric_weight_mean,14.392620135685977,14.392683093363285,0.0004374302713083167,0.0025274095130056753,5
MCNS,synapse_count_measurement,5.0,basic_structure,metric_weight_variance,414.009432483822,415.64077763475404,0.39403574482467074,0.08478573244285734,5
MCNS,synapse_count_measurement,5.0,basic_structure,metric_weight_std,20.347221738699904,20.38726817149683,0.19681523753564903,0.042317107846118494,5
MCNS,synapse_count_measurement,5.0,basic_structure,metric_weight_max,2591.0,2616.2,0.9725974527209502,4.880623280438411,5
MCNS,synapse_count_measurement,5.0,basic_structure,metric_density,0.0002245357256781,0.0002245357256781,0.0,0.0,5
MCNS,synapse_count_measurement,5.0,degree_distribution,metric_total_degree_mean,74.85706744093969,74.85706744093969,0.0,0.0,5
MCNS,synapse_count_measurement,5.0,degree_distribution,metric_in_degree_mean,37.42853372046984,37.42853372046984,0.0,0.0,5
MCNS,synapse_count_measurement,5.0,degree_distribution,metric_out_degree_mean,37.42853372046984,37.42853372046984,0.0,0.0,5
MCNS,synapse_count_measurement,5.0,degree_distribution,metric_total_degree_std,125.87163733424268,125.87163733424268,0.0,0.0,5
MCNS,synapse_count_measurement,5.0,degree_distribution,metric_in_degree_max,6660.0,6660.0,0.0,0.0,5
MCNS,synapse_count_measurement,5.0,degree_distribution,metric_out_degree_max,7570.0,7570.0,0.0,0.0,5
MCNS,synapse_count_measurement,5.0,assortativity,metric_degree_assortativity,-0.0568881377134471,-0.0568881377134471,0.0,0.0,5
MCNS,synapse_count_measurement,5.0,connected_components,metric_wcc_count,875.0,875.0,0.0,0.0,5
MCNS,synapse_count_measurement,5.0,connected_components,metric_wcc_max_size,165820.0,165820.0,0.0,0.0,5
MCNS,synapse_count_measurement,5.0,connected_components,metric_scc_count,8859.0,8859.0,0.0,0.0,5
MCNS,synapse_count_measurement,5.0,connected_components,metric_scc_max_size,157789.0,157789.0,0.0,0.0,5
MCNS,synapse_count_measurement,5.0,reciprocity,metric_reciprocity,0.1567291661257227,0.1567291661257227,0.0,0.0,5
MCNS,synapse_count_measurement,7.5,basic_structure,metric_node_count,166694.0,166694.0,0.0,0.0,5
MCNS,synapse_count_measurement,7.5,basic_structure,metric_edge_count,6239112.0,6239112.0,0.0,0.0,5
MCNS,synapse_count_measurement,7.5,basic_structure,metric_total_synapses,89797169.0,89798067.2,0.001000254250780423,0.0037516888883146918,5
MCNS,synapse_count_measurement,7.5,basic_structure,metric_weight_mean,14.392620135685977,14.39276409848068,0.0010002542507548012,0.0037516888883128044,5
MCNS,synapse_count_measurement,7.5,basic_structure,metric_weight_variance,414.009432483822,417.63525348988543,0.8757822217504883,0.12664621401000398,5
MCNS,synapse_count_measurement,7.5,basic_structure,metric_weight_std,20.347221738699904,20.43612215749439,0.43691674438971595,0.0630639007586482,5
MCNS,synapse_count_measurement,7.5,basic_structure,metric_weight_max,2591.0,2703.2,4.3303743728290165,6.508994051010135,5
MCNS,synapse_count_measurement,7.5,basic_structure,metric_density,0.0002245357256781,0.0002245357256781,0.0,0.0,5
MCNS,synapse_count_measurement,7.5,degree_distribution,metric_total_degree_mean,74.85706744093969,74.85706744093969,0.0,0.0,5
MCNS,synapse_count_measurement,7.5,degree_distribution,metric_in_degree_mean,37.42853372046984,37.42853372046984,0.0,0.0,5
MCNS,synapse_count_measurement,7.5,degree_distribution,metric_out_degree_mean,37.42853372046984,37.42853372046984,0.0,0.0,5
MCNS,synapse_count_measurement,7.5,degree_distribution,metric_total_degree_std,125.87163733424268,125.87163733424268,0.0,0.0,5
MCNS,synapse_count_measurement,7.5,degree_distribution,metric_in_degree_max,6660.0,6660.0,0.0,0.0,5
MCNS,synapse_count_measurement,7.5,degree_distribution,metric_out_degree_max,7570.0,7570.0,0.0,0.0,5
MCNS,synapse_count_measurement,7.5,assortativity,metric_degree_assortativity,-0.0568881377134471,-0.0568881377134471,0.0,0.0,5
MCNS,synapse_count_measurement,7.5,connected_components,metric_wcc_count,875.0,875.0,0.0,0.0,5
MCNS,synapse_count_measurement,7.5,connected_components,metric_wcc_max_size,165820.0,165820.0,0.0,0.0,5
MCNS,synapse_count_measurement,7.5,connected_components,metric_scc_count,8859.0,8859.0,0.0,0.0,5
MCNS,synapse_count_measurement,7.5,connected_components,metric_scc_max_size,157789.0,157789.0,0.0,0.0,5
MCNS,synapse_count_measurement,7.5,reciprocity,metric_reciprocity,0.1567291661257227,0.1567291661257227,0.0,0.0,5
MCNS,synapse_count_measurement,10.0,basic_structure,metric_node_count,166694.0,166694.0,0.0,0.0,5
MCNS,synapse_count_measurement,10.0,basic_structure,metric_edge_count,6239112.0,6239112.0,0.0,0.0,5
MCNS,synapse_count_measurement,10.0,basic_structure,metric_total_synapses,89797169.0,89798756.2,0.0017675390189672686,0.005377052042858986,5
MCNS,synapse_count_measurement,10.0,basic_structure,metric_weight_mean,14.392620135685977,14.392874530862727,0.0017675390189671079,0.005377052042857427,5
MCNS,synapse_count_measurement,10.0,basic_structure,metric_weight_variance,414.009432483822,420.3897369127441,1.5411012233812864,0.16919694290105572,5
MCNS,synapse_count_measurement,10.0,basic_structure,metric_weight_std,20.347221738699904,20.503400813151217,0.7675695309019208,0.0839831708060804,5
MCNS,synapse_count_measurement,10.0,basic_structure,metric_weight_max,2591.0,2835.8,9.448089540717877,7.400265024964522,5
MCNS,synapse_count_measurement,10.0,basic_structure,metric_density,0.0002245357256781,0.0002245357256781,0.0,0.0,5
MCNS,synapse_count_measurement,10.0,degree_distribution,metric_total_degree_mean,74.85706744093969,74.85706744093969,0.0,0.0,5
MCNS,synapse_count_measurement,10.0,degree_distribution,metric_in_degree_mean,37.42853372046984,37.42853372046984,0.0,0.0,5
MCNS,synapse_count_measurement,10.0,degree_distribution,metric_out_degree_mean,37.42853372046984,37.42853372046984,0.0,0.0,5
MCNS,synapse_count_measurement,10.0,degree_distribution,metric_total_degree_std,125.87163733424268,125.87163733424268,0.0,0.0,5
MCNS,synapse_count_measurement,10.0,degree_distribution,metric_in_degree_max,6660.0,6660.0,0.0,0.0,5
MCNS,synapse_count_measurement,10.0,degree_distribution,metric_out_degree_max,7570.0,7570.0,0.0,0.0,5
MCNS,synapse_count_measurement,10.0,assortativity,metric_degree_assortativity,-0.0568881377134471,-0.0568881377134471,0.0,0.0,5
MCNS,synapse_count_measurement,10.0,connected_components,metric_wcc_count,875.0,875.0,0.0,0.0,5
MCNS,synapse_count_measurement,10.0,connected_components,metric_wcc_max_size,165820.0,165820.0,0.0,0.0,5
MCNS,synapse_count_measurement,10.0,connected_components,metric_scc_count,8859.0,8859.0,0.0,0.0,5
MCNS,synapse_count_measurement,10.0,connected_components,metric_scc_max_size,157789.0,157789.0,0.0,0.0,5
MCNS,synapse_count_measurement,10.0,reciprocity,metric_reciprocity,0.1567291661257227,0.1567291661257227,0.0,0.0,5
MCNS,synapse_count_measurement,15.0,basic_structure,metric_node_count,166694.0,166694.0,0.0,0.0,5
MCNS,synapse_count_measurement,15.0,basic_structure,metric_edge_count,6239112.0,6239112.0,0.0,0.0,5
MCNS,synapse_count_measurement,15.0,basic_structure,metric_total_synapses,89797169.0,89798998.4,0.0020372579897323492,0.008292017305031358,5
MCNS,synapse_count_measurement,15.0,basic_structure,metric_weight_mean,14.392620135685977,14.392913350489621,0.002037257989719943,0.00829201730503344,5
MCNS,synapse_count_measurement,15.0,basic_structure,metric_weight_variance,414.009432483822,428.2218392908645,3.432870290364186,0.25086154922663634,5
MCNS,synapse_count_measurement,15.0,basic_structure,metric_weight_std,20.347221738699904,20.693506443522107,1.701877088032998,0.12339289706515837,5
MCNS,synapse_count_measurement,15.0,basic_structure,metric_weight_max,2591.0,3100.6,19.668081821690464,9.602873405685672,5
MCNS,synapse_count_measurement,15.0,basic_structure,metric_density,0.0002245357256781,0.0002245357256781,0.0,0.0,5
MCNS,synapse_count_measurement,15.0,degree_distribution,metric_total_degree_mean,74.85706744093969,74.85706744093969,0.0,0.0,5
MCNS,synapse_count_measurement,15.0,degree_distribution,metric_in_degree_mean,37.42853372046984,37.42853372046984,0.0,0.0,5
MCNS,synapse_count_measurement,15.0,degree_distribution,metric_out_degree_mean,37.42853372046984,37.42853372046984,0.0,0.0,5
MCNS,synapse_count_measurement,15.0,degree_distribution,metric_total_degree_std,125.87163733424268,125.87163733424268,0.0,0.0,5
MCNS,synapse_count_measurement,15.0,degree_distribution,metric_in_degree_max,6660.0,6660.0,0.0,0.0,5
MCNS,synapse_count_measurement,15.0,degree_distribution,metric_out_degree_max,7570.0,7570.0,0.0,0.0,5
MCNS,synapse_count_measurement,15.0,assortativity,metric_degree_assortativity,-0.0568881377134471,-0.0568881377134471,0.0,0.0,5
MCNS,synapse_count_measurement,15.0,connected_components,metric_wcc_count,875.0,875.0,0.0,0.0,5
MCNS,synapse_count_measurement,15.0,connected_components,metric_wcc_max_size,165820.0,165820.0,0.0,0.0,5
MCNS,synapse_count_measurement,15.0,connected_components,metric_scc_count,8859.0,8859.0,0.0,0.0,5
MCNS,synapse_count_measurement,15.0,connected_components,metric_scc_max_size,157789.0,157789.0,0.0,0.0,5
MCNS,synapse_count_measurement,15.0,reciprocity,metric_reciprocity,0.1567291661257227,0.1567291661257227,0.0,0.0,5
MCNS,synapse_count_measurement,20.0,basic_structure,metric_node_count,166694.0,166694.0,0.0,0.0,5
MCNS,synapse_count_measurement,20.0,basic_structure,metric_edge_count,6239112.0,6239112.0,0.0,0.0,5
MCNS,synapse_count_measurement,20.0,basic_structure,metric_total_synapses,89797169.0,89799713.0,0.0028330514517668146,0.010345323563255005,5
MCNS,synapse_count_measurement,20.0,basic_structure,metric_weight_mean,14.392620135685977,14.393027886019677,0.0028330514517582906,0.010345323563253241,5
MCNS,synapse_count_measurement,20.0,basic_structure,metric_weight_variance,414.009432483822,439.16931733269973,6.0771284117689435,0.3313321362187927,5
MCNS,synapse_count_measurement,20.0,basic_structure,metric_weight_std,20.347221738699904,20.956341399266826,2.9936257066899286,0.16095020086297754,5
MCNS,synapse_count_measurement,20.0,basic_structure,metric_weight_max,2591.0,3365.8,29.903512157468164,12.0929940236801,5
MCNS,synapse_count_measurement,20.0,basic_structure,metric_density,0.0002245357256781,0.0002245357256781,0.0,0.0,5
MCNS,synapse_count_measurement,20.0,degree_distribution,metric_total_degree_mean,74.85706744093969,74.85706744093969,0.0,0.0,5
MCNS,synapse_count_measurement,20.0,degree_distribution,metric_in_degree_mean,37.42853372046984,37.42853372046984,0.0,0.0,5
MCNS,synapse_count_measurement,20.0,degree_distribution,metric_out_degree_mean,37.42853372046984,37.42853372046984,0.0,0.0,5
MCNS,synapse_count_measurement,20.0,degree_distribution,metric_total_degree_std,125.87163733424268,125.87163733424268,0.0,0.0,5
MCNS,synapse_count_measurement,20.0,degree_distribution,metric_in_degree_max,6660.0,6660.0,0.0,0.0,5
MCNS,synapse_count_measurement,20.0,degree_distribution,metric_out_degree_max,7570.0,7570.0,0.0,0.0,5
MCNS,synapse_count_measurement,20.0,assortativity,metric_degree_assortativity,-0.0568881377134471,-0.0568881377134471,0.0,0.0,5
MCNS,synapse_count_measurement,20.0,connected_components,metric_wcc_count,875.0,875.0,0.0,0.0,5
MCNS,synapse_count_measurement,20.0,connected_components,metric_wcc_max_size,165820.0,165820.0,0.0,0.0,5
MCNS,synapse_count_measurement,20.0,connected_components,metric_scc_count,8859.0,8859.0,0.0,0.0,5
MCNS,synapse_count_measurement,20.0,connected_components,metric_scc_max_size,157789.0,157789.0,0.0,0.0,5
MCNS,synapse_count_measurement,20.0,reciprocity,metric_reciprocity,0.1567291661257227,0.1567291661257227,0.0,0.0,5
